기준_년분기_코드,행정동_코드,행정동_코드_명,상권_변화_지표,상권_변화_지표_명,운영_영업_개월_평균,폐업_영업_개월_평균,서울_운영_영업_개월_평균,서울_폐업_영업_개월_평균
20233,1114059000,광희동,HH,정체,151,58,107,52
20232,1114059000,광희동,HH,정체,149,58,106,52
20231,1114059000,광희동,HH,정체,147,58,104,52
20233,1114060500,을지로동,HH,정체,162,71,107,52
20232,1114060500,을지로동,HH,정체,161,71,106,52
20231,1114060500,을지로동,HH,정체,160,70,104,52
20233,1114061500,신당동,HH,정체,113,63,107,52
20232,1114061500,신당동,HH,정체,110,63,106,52
20231,1114061500,신당동,HH,정체,107,63,104,52
20233,1114062500,다산동,LH,상권확장,107,54,107,52
20232,1114062500,다산동,LH,상권확장,106,54,106,52
20231,1114062500,다산동,LH,상권확장,104,54,104,52
20233,1114063500,약수동,LH,상권확장,102,56,107,52
20232,1114063500,약수동,LH,상권확장,100,56,106,52
20231,1114063500,약수동,LH,상권확장,99,56,104,52
20233,1114064500,청구동,LL,다이나믹,102,49,107,52
20232,1114064500,청구동,LL,다이나믹,100,49,106,52
20231,1114064500,청구동,LL,다이나믹,99,49,104,52
20233,1114065000,신당5동,LH,상권확장,100,52,107,52
20232,1114065000,신당5동,LH,상권확장,99,52,106,52
20231,1114065000,신당5동,LL,다이나믹,99,51,104,52
20233,1114066500,동화동,LL,다이나믹,105,52,107,52
20232,1114066500,동화동,LH,상권확장,103,52,106,52
20231,1114066500,동화동,LH,상권확장,100,52,104,52
20233,1114067000,황학동,HH,정체,121,66,107,52
20232,1114067000,황학동,HH,정체,120,66,106,52
20231,1114067000,황학동,HH,정체,119,65,104,52
20233,1114068000,중림동,HH,정체,118,57,107,52
20232,1114068000,중림동,HH,정체,116,57,106,52
20231,1114068000,중림동,HH,정체,113,57,104,52
20233,1129057500,동선동,LL,다이나믹,103,50,107,52
20232,1129057500,동선동,LL,다이나믹,102,50,106,52
20231,1129057500,동선동,LL,다이나믹,101,49,104,52
20233,1129058000,돈암1동,LL,다이나믹,96,52,107,52
20232,1129058000,돈암1동,LH,상권확장,93,52,106,52
20231,1129058000,돈암1동,LH,상권확장,89,52,104,52
20233,1129059000,돈암2동,LL,다이나믹,86,49,107,52
20232,1129059000,돈암2동,LL,다이나믹,84,49,106,52
20231,1129059000,돈암2동,LL,다이나믹,84,48,104,52
20233,1129060000,안암동,LH,상권확장,101,52,107,52
20232,1129060000,안암동,LH,상권확장,101,52,106,52
20231,1129060000,안암동,LH,상권확장,100,52,104,52
20233,1129061000,보문동,LH,상권확장,104,53,107,52
20232,1129061000,보문동,LH,상권확장,101,52,106,52
20231,1129061000,보문동,LH,상권확장,101,52,104,52
20233,1129062000,정릉1동,LH,상권확장,105,52,107,52
20232,1129062000,정릉1동,LH,상권확장,103,52,106,52
20231,1129062000,정릉1동,LL,다이나믹,102,51,104,52
20233,1129063000,정릉2동,LH,상권확장,105,54,107,52
20232,1129063000,정릉2동,LH,상권확장,103,54,106,52
20231,1129063000,정릉2동,LH,상권확장,103,53,104,52
20233,1129064000,정릉3동,HH,정체,109,56,107,52
20232,1129064000,정릉3동,HH,정체,107,56,106,52
20231,1129064000,정릉3동,LH,상권확장,104,56,104,52
20233,1129065000,정릉4동,LH,상권확장,101,55,107,52
20232,1129065000,정릉4동,LH,상권확장,99,55,106,52
20231,1129065000,정릉4동,LH,상권확장,97,55,104,52
20233,1129066000,길음1동,LH,상권확장,106,57,107,52
20232,1129066000,길음1동,LH,상권확장,105,57,106,52
20231,1129066000,길음1동,LH,상권확장,103,56,104,52
20233,1129068500,길음2동,LL,다이나믹,96,51,107,52
20232,1129068500,길음2동,LL,다이나믹,95,51,106,52
20231,1129068500,길음2동,LL,다이나믹,94,50,104,52
20233,1129070500,종암동,HH,정체,109,53,107,52
20232,1129070500,종암동,HH,정체,107,53,106,52
20231,1129070500,종암동,HH,정체,105,53,104,52
20233,1129071500,월곡1동,LL,다이나믹,103,50,107,52
20232,1129071500,월곡1동,LL,다이나믹,101,50,106,52
20231,1129071500,월곡1동,LL,다이나믹,100,50,104,52
20233,1129072500,월곡2동,LH,상권확장,106,52,107,52
20232,1129072500,월곡2동,LH,상권확장,104,52,106,52
20231,1129072500,월곡2동,LL,다이나믹,103,51,104,52
20233,1129076000,장위1동,LH,상권확장,99,53,107,52
20232,1129076000,장위1동,LH,상권확장,97,52,106,52
20231,1129076000,장위1동,LH,상권확장,96,52,104,52
20233,1129077000,장위2동,HH,정체,129,55,107,52
20232,1129077000,장위2동,HH,정체,128,55,106,52
20231,1129077000,장위2동,HH,정체,125,55,104,52
20233,1129078000,장위3동,LH,상권확장,101,59,107,52
20232,1129078000,장위3동,LH,상권확장,100,59,106,52
20231,1129078000,장위3동,LH,상권확장,98,59,104,52
20233,1129081000,석관동,HH,정체,115,53,107,52
20232,1129081000,석관동,HH,정체,113,53,106,52
20231,1129081000,석관동,HH,정체,112,53,104,52
20233,1130553400,삼양동,HL,상권축소,109,50,107,52
20232,1130553400,삼양동,HL,상권축소,107,50,106,52
20231,1130553400,삼양동,HL,상권축소,108,49,104,52
20233,1130553500,미아동,LL,다이나믹,98,48,107,52
20232,1130553500,미아동,LL,다이나믹,97,48,106,52
20231,1130553500,미아동,LL,다이나믹,95,48,104,52
20233,1130554500,송중동,LL,다이나믹,98,49,107,52
20232,1130554500,송중동,LL,다이나믹,96,48,106,52
20231,1130554500,송중동,LL,다이나믹,95,48,104,52
20233,1130555500,송천동,HL,상권축소,112,50,107,52
20232,1130555500,송천동,HL,상권축소,109,50,106,52
20231,1130555500,송천동,HL,상권축소,107,50,104,52
20233,1130557500,삼각산동,LL,다이나믹,93,48,107,52
20232,1130557500,삼각산동,LL,다이나믹,90,48,106,52
20231,1130557500,삼각산동,LL,다이나믹,89,47,104,52
20233,1130559500,번1동,LL,다이나믹,101,46,107,52
20232,1130559500,번1동,LL,다이나믹,100,46,106,52
20231,1130559500,번1동,LL,다이나믹,99,46,104,52
20233,1130560300,번2동,LL,다이나믹,104,51,107,52
20232,1130560300,번2동,LL,다이나믹,103,51,106,52
20231,1130560300,번2동,LL,다이나믹,100,51,104,52
20233,1130560800,번3동,HL,상권축소,108,47,107,52
20232,1130560800,번3동,LL,다이나믹,105,47,106,52
20231,1130560800,번3동,LL,다이나믹,104,47,104,52
20233,1121584000,자양3동,LL,다이나믹,99,52,107,52
20232,1121584000,자양3동,LL,다이나믹,97,52,106,52
20231,1121584000,자양3동,LH,상권확장,95,52,104,52
20233,1121584700,자양4동,LL,다이나믹,104,50,107,52
20232,1121584700,자양4동,LL,다이나믹,103,50,106,52
20231,1121584700,자양4동,LL,다이나믹,104,50,104,52
20233,1121585000,구의1동,HL,상권축소,109,50,107,52
20232,1121585000,구의1동,HL,상권축소,107,50,106,52
20231,1121585000,구의1동,HL,상권축소,106,50,104,52
20233,1121586000,구의2동,LH,상권확장,95,55,107,52
20232,1121586000,구의2동,LH,상권확장,94,55,106,52
20231,1121586000,구의2동,LH,상권확장,92,55,104,52
20233,1121587000,구의3동,HH,정체,124,57,107,52
20232,1121587000,구의3동,HH,정체,122,57,106,52
20231,1121587000,구의3동,HH,정체,119,57,104,52
20233,1123053600,용신동,HH,정체,116,53,107,52
20232,1123053600,용신동,HH,정체,115,53,106,52
20231,1123053600,용신동,HH,정체,112,52,104,52
20233,1123054500,제기동,HH,정체,128,62,107,52
20232,1123054500,제기동,HH,정체,127,62,106,52
20231,1123054500,제기동,HH,정체,126,61,104,52
20233,1123056000,전농1동,HH,정체,119,53,107,52
20232,1123056000,전농1동,HH,정체,107,52,106,52
20231,1123056000,전농1동,HH,정체,105,52,104,52
20233,1123057000,전농2동,HH,정체,111,52,107,52
20232,1123057000,전농2동,HL,상권축소,110,51,106,52
20231,1123057000,전농2동,HH,정체,107,52,104,52
20233,1123060000,답십리1동,LH,상권확장,101,52,107,52
20232,1123060000,답십리1동,LH,상권확장,99,52,106,52
20231,1123060000,답십리1동,LH,상권확장,97,52,104,52
20233,1123061000,답십리2동,HH,정체,133,57,107,52
20232,1123061000,답십리2동,HH,정체,130,57,106,52
20231,1123061000,답십리2동,HH,정체,128,57,104,52
20233,1123065000,장안1동,HL,상권축소,111,50,107,52
20232,1123065000,장안1동,HL,상권축소,109,50,106,52
20231,1123065000,장안1동,HL,상권축소,108,49,104,52
20233,1123066000,장안2동,LL,다이나믹,107,49,107,52
20232,1123066000,장안2동,LL,다이나믹,105,48,106,52
20231,1123066000,장안2동,LL,다이나믹,104,48,104,52
20233,1123070500,청량리동,HH,정체,151,57,107,52
20232,1123070500,청량리동,HH,정체,163,57,106,52
20231,1123070500,청량리동,HH,정체,161,57,104,52
20233,1130561500,수유1동,HL,상권축소,113,50,107,52
20232,1130561500,수유1동,HL,상권축소,110,50,106,52
20231,1130561500,수유1동,HL,상권축소,108,50,104,52
20233,1130562500,수유2동,LL,다이나믹,96,51,107,52
20232,1130562500,수유2동,LL,다이나믹,94,51,106,52
20231,1130562500,수유2동,LL,다이나믹,94,51,104,52
20233,1130563500,수유3동,LL,다이나믹,102,47,107,52
20232,1130563500,수유3동,LL,다이나믹,101,47,106,52
20231,1130563500,수유3동,LL,다이나믹,99,46,104,52
20233,1130564500,우이동,LL,다이나믹,102,52,107,52
20232,1130564500,우이동,LH,상권확장,100,52,106,52
20231,1130564500,우이동,LH,상권확장,98,52,104,52
20233,1130566000,인수동,LL,다이나믹,99,47,107,52
20232,1130566000,인수동,LL,다이나믹,98,47,106,52
20231,1130566000,인수동,LL,다이나믹,95,46,104,52
20233,1132051100,창1동,LL,다이나믹,100,50,107,52
20232,1132051100,창1동,LL,다이나믹,98,50,106,52
20231,1132051100,창1동,LL,다이나믹,97,49,104,52
20233,1117051000,후암동,LH,상권확장,102,55,107,52
20232,1117051000,후암동,LH,상권확장,101,55,106,52
20231,1117051000,후암동,LH,상권확장,100,55,104,52
20233,1117052000,용산2가동,LL,다이나믹,83,46,107,52
20232,1117052000,용산2가동,LL,다이나믹,83,46,106,52
20231,1117052000,용산2가동,LL,다이나믹,82,46,104,52
20233,1117053000,남영동,HH,정체,113,57,107,52
20232,1117053000,남영동,HH,정체,111,57,106,52
20231,1117053000,남영동,HH,정체,109,57,104,52
20233,1117055500,청파동,HH,정체,110,53,107,52
20232,1117055500,청파동,HH,정체,109,53,106,52
20231,1117055500,청파동,HH,정체,109,53,104,52
20233,1117056000,원효로1동,HH,정체,126,57,107,52
20232,1117056000,원효로1동,HH,정체,124,57,106,52
20231,1117056000,원효로1동,HH,정체,122,57,104,52
20233,1117057000,원효로2동,HH,정체,136,54,107,52
20232,1117057000,원효로2동,HH,정체,134,54,106,52
20231,1117057000,원효로2동,HH,정체,132,54,104,52
20233,1117058000,효창동,LH,상권확장,105,59,107,52
20232,1117058000,효창동,LH,상권확장,103,59,106,52
20231,1117058000,효창동,LH,상권확장,102,59,104,52
20233,1117059000,용문동,HH,정체,115,53,107,52
20232,1117059000,용문동,HH,정체,113,52,106,52
20231,1117059000,용문동,HH,정체,112,52,104,52
20233,1117062500,한강로동,HH,정체,127,58,107,52
20232,1117062500,한강로동,HH,정체,125,58,106,52
20231,1117062500,한강로동,HH,정체,124,57,104,52
20233,1117063000,이촌1동,HH,정체,135,62,107,52
20232,1117063000,이촌1동,HH,정체,134,62,106,52
20231,1117063000,이촌1동,HH,정체,131,61,104,52
20233,1117064000,이촌2동,HH,정체,116,65,107,52
20232,1117064000,이촌2동,HH,정체,113,65,106,52
20231,1117064000,이촌2동,HH,정체,111,65,104,52
20233,1117065000,이태원1동,HH,정체,126,62,107,52
20232,1117065000,이태원1동,HH,정체,125,61,106,52
20231,1117065000,이태원1동,HH,정체,123,61,104,52
20233,1117066000,이태원2동,LL,다이나믹,82,47,107,52
20232,1117066000,이태원2동,LL,다이나믹,81,47,106,52
20231,1117066000,이태원2동,LL,다이나믹,80,46,104,52
20233,1117068500,한남동,LL,다이나믹,97,52,107,52
20232,1117068500,한남동,LL,다이나믹,95,52,106,52
20231,1117068500,한남동,LL,다이나믹,94,51,104,52
20233,1117069000,서빙고동,HH,정체,109,61,107,52
20232,1117069000,서빙고동,HH,정체,107,61,106,52
20231,1117069000,서빙고동,LH,상권확장,104,61,104,52
20233,1117070000,보광동,HL,상권축소,113,51,107,52
20232,1117070000,보광동,HL,상권축소,110,51,106,52
20231,1117070000,보광동,HL,상권축소,107,51,104,52
20233,1120052000,왕십리2동,LL,다이나믹,94,50,107,52
20232,1120052000,왕십리2동,LL,다이나믹,92,51,106,52
20231,1120052000,왕십리2동,LL,다이나믹,91,51,104,52
20233,1120053500,왕십리도선동,LL,다이나믹,88,50,107,52
20232,1120053500,왕십리도선동,LL,다이나믹,87,50,106,52
20231,1120053500,왕십리도선동,LL,다이나믹,85,50,104,52
20233,1120054000,마장동,HH,정체,130,64,107,52
20232,1120054000,마장동,HH,정체,128,64,106,52
20231,1120054000,마장동,HH,정체,126,63,104,52
20233,1120055000,사근동,LH,상권확장,99,52,107,52
20232,1120055000,사근동,LH,상권확장,97,52,106,52
20231,1120055000,사근동,LH,상권확장,95,52,104,52
20233,1120056000,행당1동,LH,상권확장,105,53,107,52
20232,1120056000,행당1동,LH,상권확장,103,53,106,52
20231,1120056000,행당1동,LH,상권확장,103,53,104,52
20233,1120057000,행당2동,LL,다이나믹,91,50,107,52
20232,1120057000,행당2동,LL,다이나믹,89,50,106,52
20231,1120057000,행당2동,LL,다이나믹,87,50,104,52
20233,1120058000,응봉동,LL,다이나믹,104,49,107,52
20232,1120058000,응봉동,LL,다이나믹,101,50,106,52
20231,1120058000,응봉동,LL,다이나믹,98,49,104,52
20233,1120059000,금호1가동,LH,상권확장,92,55,107,52
20232,1120059000,금호1가동,LH,상권확장,91,54,106,52
20231,1120059000,금호1가동,LH,상권확장,89,54,104,52
20233,1120061500,금호2?3가동,HH,정체,110,55,107,52
20232,1120061500,금호2?3가동,HH,정체,109,55,106,52
20231,1120061500,금호2?3가동,HH,정체,107,55,104,52
20233,1120062000,금호4가동,LH,상권확장,102,55,107,52
20232,1120062000,금호4가동,LH,상권확장,101,55,106,52
20231,1120062000,금호4가동,LH,상권확장,100,55,104,52
20233,1120064500,옥수동,LL,다이나믹,90,49,107,52
20232,1120064500,옥수동,LL,다이나믹,88,49,106,52
20231,1120064500,옥수동,LL,다이나믹,85,49,104,52
20233,1120065000,성수1가1동,LH,상권확장,91,54,107,52
20232,1120065000,성수1가1동,LH,상권확장,91,54,106,52
20231,1120065000,성수1가1동,LH,상권확장,90,54,104,52
20233,1120066000,성수1가2동,LL,다이나믹,79,51,107,52
20232,1120066000,성수1가2동,LL,다이나믹,78,51,106,52
20231,1120066000,성수1가2동,LL,다이나믹,78,51,104,52
20233,1120067000,성수2가1동,LL,다이나믹,97,50,107,52
20232,1120067000,성수2가1동,LL,다이나믹,97,50,106,52
20231,1120067000,성수2가1동,LL,다이나믹,94,50,104,52
20233,1120069000,성수2가3동,LH,상권확장,90,53,107,52
20232,1120069000,성수2가3동,LH,상권확장,89,53,106,52
20231,1120069000,성수2가3동,LH,상권확장,88,53,104,52
20233,1120072000,송정동,LL,다이나믹,105,51,107,52
20232,1120072000,송정동,LL,다이나믹,106,51,106,52
20231,1120072000,송정동,LL,다이나믹,103,51,104,52
20233,1120079000,용답동,HH,정체,136,58,107,52
20232,1120079000,용답동,HH,정체,134,58,106,52
20231,1120079000,용답동,HH,정체,133,57,104,52
20233,1121571000,화양동,LL,다이나믹,91,50,107,52
20232,1121571000,화양동,LL,다이나믹,90,49,106,52
20231,1121571000,화양동,LL,다이나믹,90,49,104,52
20233,1121573000,군자동,LL,다이나믹,97,49,107,52
20232,1121573000,군자동,LL,다이나믹,95,49,106,52
20231,1121573000,군자동,LL,다이나믹,93,49,104,52
20233,1121574000,중곡1동,LL,다이나믹,104,51,107,52
20232,1121574000,중곡1동,LL,다이나믹,102,51,106,52
20231,1121574000,중곡1동,LL,다이나믹,102,50,104,52
20233,1121575000,중곡2동,HL,상권축소,108,48,107,52
20232,1121575000,중곡2동,LL,다이나믹,106,48,106,52
20231,1121575000,중곡2동,LL,다이나믹,103,48,104,52
20233,1121576000,중곡3동,LL,다이나믹,101,49,107,52
20232,1121576000,중곡3동,LL,다이나믹,98,48,106,52
20231,1121576000,중곡3동,LL,다이나믹,97,48,104,52
20233,1121577000,중곡4동,HL,상권축소,110,52,107,52
20232,1121577000,중곡4동,HL,상권축소,109,52,106,52
20231,1121577000,중곡4동,HL,상권축소,108,51,104,52
20233,1121578000,능동,LH,상권확장,97,53,107,52
20232,1121578000,능동,LH,상권확장,96,53,106,52
20231,1121578000,능동,LH,상권확장,95,52,104,52
20233,1121581000,광장동,LH,상권확장,97,53,107,52
20232,1121581000,광장동,LH,상권확장,96,52,106,52
20231,1121581000,광장동,LH,상권확장,93,52,104,52
20233,1121582000,자양1동,LL,다이나믹,103,50,107,52
20232,1121582000,자양1동,LL,다이나믹,102,50,106,52
20231,1121582000,자양1동,LL,다이나믹,100,50,104,52
20233,1121583000,자양2동,LL,다이나믹,106,50,107,52
20232,1121583000,자양2동,LL,다이나믹,104,50,106,52
20231,1121583000,자양2동,LL,다이나믹,103,50,104,52
20233,1123071000,회기동,LL,다이나믹,96,48,107,52
20232,1123071000,회기동,LL,다이나믹,95,48,106,52
20231,1123071000,회기동,LL,다이나믹,95,48,104,52
20233,1123072000,휘경1동,LH,상권확장,106,53,107,52
20232,1123072000,휘경1동,LH,상권확장,105,53,106,52
20231,1123072000,휘경1동,LH,상권확장,104,53,104,52
20233,1123073000,휘경2동,LL,다이나믹,88,50,107,52
20232,1123073000,휘경2동,LL,다이나믹,86,49,106,52
20231,1123073000,휘경2동,LL,다이나믹,85,49,104,52
20233,1123074000,이문1동,HH,정체,114,55,107,52
20232,1123074000,이문1동,HH,정체,112,55,106,52
20231,1123074000,이문1동,HH,정체,109,55,104,52
20233,1123075000,이문2동,LL,다이나믹,105,51,107,52
20232,1123075000,이문2동,LL,다이나믹,104,50,106,52
20231,1123075000,이문2동,LL,다이나믹,102,51,104,52
20233,1126052000,면목2동,LL,다이나믹,107,48,107,52
20232,1126052000,면목2동,HL,상권축소,106,48,106,52
20231,1126052000,면목2동,HL,상권축소,105,48,104,52
20233,1126054000,면목4동,LL,다이나믹,98,48,107,52
20232,1126054000,면목4동,LL,다이나믹,97,47,106,52
20231,1126054000,면목4동,LL,다이나믹,95,47,104,52
20233,1126055000,면목5동,LL,다이나믹,95,48,107,52
20232,1126055000,면목5동,LL,다이나믹,93,47,106,52
20231,1126055000,면목5동,LL,다이나믹,90,47,104,52
20233,1126056500,면목본동,LL,다이나믹,104,47,107,52
20232,1126056500,면목본동,LL,다이나믹,103,47,106,52
20231,1126056500,면목본동,LL,다이나믹,102,47,104,52
20233,1126057000,면목7동,HL,상권축소,111,49,107,52
20232,1126057000,면목7동,HL,상권축소,109,49,106,52
20231,1126057000,면목7동,HL,상권축소,108,48,104,52
20233,1126057500,면목3?8동,LL,다이나믹,100,49,107,52
20232,1126057500,면목3?8동,LL,다이나믹,98,48,106,52
20231,1126057500,면목3?8동,LL,다이나믹,98,48,104,52
20233,1126058000,상봉1동,LL,다이나믹,95,48,107,52
20232,1126058000,상봉1동,LL,다이나믹,93,47,106,52
20231,1126058000,상봉1동,LL,다이나믹,91,47,104,52
20233,1126059000,상봉2동,LL,다이나믹,97,51,107,52
20232,1126059000,상봉2동,LL,다이나믹,97,51,106,52
20231,1126059000,상봉2동,LL,다이나믹,96,50,104,52
20233,1126060000,중화1동,HL,상권축소,108,50,107,52
20232,1126060000,중화1동,LL,다이나믹,105,50,106,52
20231,1126060000,중화1동,LL,다이나믹,103,50,104,52
20233,1126061000,중화2동,HL,상권축소,108,49,107,52
20232,1126061000,중화2동,HL,상권축소,106,49,106,52
20231,1126061000,중화2동,LL,다이나믹,104,49,104,52
20233,1126062000,묵1동,LL,다이나믹,98,50,107,52
20232,1126062000,묵1동,LL,다이나믹,96,49,106,52
20231,1126062000,묵1동,LL,다이나믹,95,49,104,52
20233,1126063000,묵2동,LL,다이나믹,101,50,107,52
20232,1126063000,묵2동,LL,다이나믹,100,50,106,52
20231,1126063000,묵2동,LL,다이나믹,99,50,104,52
20233,1126065500,망우본동,LL,다이나믹,105,49,107,52
20232,1126065500,망우본동,LL,다이나믹,103,49,106,52
20231,1126065500,망우본동,LL,다이나믹,103,49,104,52
20233,1126066000,망우3동,LL,다이나믹,104,46,107,52
20232,1126066000,망우3동,LL,다이나믹,102,46,106,52
20231,1126066000,망우3동,LL,다이나믹,100,46,104,52
20233,1126068000,신내1동,LL,다이나믹,95,49,107,52
20232,1126068000,신내1동,LL,다이나믹,92,49,106,52
20231,1126068000,신내1동,LL,다이나믹,91,49,104,52
20233,1126069000,신내2동,LL,다이나믹,104,51,107,52
20232,1126069000,신내2동,LL,다이나믹,103,51,106,52
20231,1126069000,신내2동,LL,다이나믹,101,50,104,52
20233,1129052500,성북동,HH,정체,110,56,107,52
20232,1129052500,성북동,HH,정체,108,56,106,52
20231,1129052500,성북동,HH,정체,107,56,104,52
20233,1129055500,삼선동,LL,다이나믹,107,52,107,52
20232,1129055500,삼선동,HH,정체,107,52,106,52
20231,1129055500,삼선동,HL,상권축소,106,51,104,52
20233,1132068100,쌍문4동,LL,다이나믹,94,50,107,52
20232,1132068100,쌍문4동,LL,다이나믹,91,51,106,52
20231,1132068100,쌍문4동,LL,다이나믹,89,50,104,52
20233,1132069000,방학1동,LL,다이나믹,99,48,107,52
20232,1132069000,방학1동,LL,다이나믹,97,48,106,52
20231,1132069000,방학1동,LL,다이나믹,96,48,104,52
20233,1132070000,방학2동,LL,다이나믹,100,49,107,52
20232,1132070000,방학2동,LL,다이나믹,99,48,106,52
20231,1132070000,방학2동,LL,다이나믹,99,48,104,52
20233,1132071000,방학3동,LH,상권확장,98,52,107,52
20232,1132071000,방학3동,LH,상권확장,95,52,106,52
20231,1132071000,방학3동,LH,상권확장,93,52,104,52
20233,1135056000,월계1동,LL,다이나믹,105,52,107,52
20232,1135056000,월계1동,LL,다이나믹,103,51,106,52
20231,1135056000,월계1동,LL,다이나믹,102,51,104,52
20233,1135057000,월계2동,LL,다이나믹,94,51,107,52
20232,1135057000,월계2동,LL,다이나믹,92,51,106,52
20231,1135057000,월계2동,LL,다이나믹,90,51,104,52
20233,1135058000,월계3동,LH,상권확장,94,54,107,52
20232,1135058000,월계3동,LH,상권확장,93,53,106,52
20231,1135058000,월계3동,LH,상권확장,90,54,104,52
20233,1135059500,공릉1동,LH,상권확장,102,52,107,52
20232,1135059500,공릉1동,LH,상권확장,100,52,106,52
20231,1135059500,공릉1동,LL,다이나믹,99,51,104,52
20233,1135060000,공릉2동,LL,다이나믹,91,50,107,52
20232,1135060000,공릉2동,LL,다이나믹,89,50,106,52
20231,1135060000,공릉2동,LL,다이나믹,88,49,104,52
20233,1135061100,하계1동,LL,다이나믹,102,52,107,52
20232,1135061100,하계1동,LL,다이나믹,101,51,106,52
20231,1135061100,하계1동,LL,다이나믹,99,51,104,52
20233,1135061200,하계2동,LH,상권확장,95,53,107,52
20232,1135061200,하계2동,LH,상권확장,93,53,106,52
20231,1135061200,하계2동,LH,상권확장,92,52,104,52
20233,1135061900,중계본동,LL,다이나믹,97,48,107,52
20232,1135061900,중계본동,LL,다이나믹,95,48,106,52
20231,1135061900,중계본동,LL,다이나믹,94,47,104,52
20233,1135062100,중계1동,LL,다이나믹,99,50,107,52
20232,1135062100,중계1동,LL,다이나믹,97,50,106,52
20231,1135062100,중계1동,LL,다이나믹,96,49,104,52
20233,1135062400,중계4동,LL,다이나믹,97,48,107,52
20232,1135062400,중계4동,LL,다이나믹,98,47,106,52
20231,1135062400,중계4동,LL,다이나믹,96,47,104,52
20233,1135066500,상계3?4동,HL,상권축소,110,51,107,52
20232,1135066500,상계3?4동,HL,상권축소,107,51,106,52
20231,1135066500,상계3?4동,HL,상권축소,105,51,104,52
20233,1135067000,상계5동,LL,다이나믹,100,48,107,52
20232,1135067000,상계5동,LL,다이나믹,98,48,106,52
20231,1135067000,상계5동,LL,다이나믹,97,48,104,52
20233,1135069500,상계6?7동,LL,다이나믹,103,49,107,52
20232,1135069500,상계6?7동,LL,다이나믹,101,49,106,52
20231,1135069500,상계6?7동,LL,다이나믹,100,48,104,52
20233,1135070000,상계8동,LL,다이나믹,96,51,107,52
20232,1135070000,상계8동,LL,다이나믹,95,51,106,52
20231,1135070000,상계8동,LL,다이나믹,94,51,104,52
20233,1135071000,상계9동,LH,상권확장,106,52,107,52
20232,1135071000,상계9동,LH,상권확장,104,52,106,52
20231,1135071000,상계9동,LH,상권확장,101,52,104,52
20233,1135072000,상계10동,LL,다이나믹,88,46,107,52
20232,1135072000,상계10동,LL,다이나믹,87,46,106,52
20231,1135072000,상계10동,LL,다이나믹,84,46,104,52
20233,1138051000,녹번동,LL,다이나믹,92,51,107,52
20232,1138051000,녹번동,LL,다이나믹,90,51,106,52
20231,1138051000,녹번동,LL,다이나믹,89,51,104,52
20233,1138052000,불광1동,LH,상권확장,105,54,107,52
20232,1138052000,불광1동,LH,상권확장,104,54,106,52
20231,1138052000,불광1동,LH,상권확장,102,54,104,52
20233,1138053000,불광2동,HL,상권축소,111,51,107,52
20232,1138053000,불광2동,HL,상권축소,109,51,106,52
20231,1138053000,불광2동,HL,상권축소,106,51,104,52
20233,1138055100,갈현1동,LL,다이나믹,100,50,107,52
20232,1138055100,갈현1동,LL,다이나믹,98,50,106,52
20231,1138055100,갈현1동,LL,다이나믹,96,50,104,52
20233,1138055200,갈현2동,LL,다이나믹,96,50,107,52
20232,1138055200,갈현2동,LL,다이나믹,94,49,106,52
20231,1138055200,갈현2동,LL,다이나믹,93,49,104,52
20233,1138056000,구산동,LL,다이나믹,97,51,107,52
20232,1138056000,구산동,LL,다이나믹,96,50,106,52
20231,1138056000,구산동,LL,다이나믹,94,50,104,52
20233,1138057000,대조동,LL,다이나믹,106,52,107,52
20232,1138057000,대조동,LL,다이나믹,104,51,106,52
20231,1138057000,대조동,LL,다이나믹,103,51,104,52
20233,1138058000,응암1동,LL,다이나믹,105,52,107,52
20232,1138058000,응암1동,LL,다이나믹,104,52,106,52
20231,1138058000,응암1동,LL,다이나믹,103,51,104,52
20233,1138059000,응암2동,LL,다이나믹,83,47,107,52
20232,1138059000,응암2동,LL,다이나믹,83,47,106,52
20231,1138059000,응암2동,LL,다이나믹,81,47,104,52
20233,1138060000,응암3동,HL,상권축소,113,51,107,52
20232,1138060000,응암3동,HL,상권축소,111,51,106,52
20231,1138060000,응암3동,HL,상권축소,110,51,104,52
20233,1138062500,역촌동,LL,다이나믹,97,49,107,52
20232,1138062500,역촌동,LL,다이나믹,95,49,106,52
20231,1138062500,역촌동,LL,다이나믹,94,48,104,52
20233,1138063100,신사1동,LL,다이나믹,104,49,107,52
20232,1138063100,신사1동,LL,다이나믹,102,49,106,52
20231,1138063100,신사1동,LL,다이나믹,100,49,104,52
20233,1138063200,신사2동,LL,다이나믹,98,51,107,52
20232,1138063200,신사2동,LL,다이나믹,95,50,106,52
20231,1138063200,신사2동,LL,다이나믹,94,50,104,52
20233,1138064000,증산동,HH,정체,117,54,107,52
20232,1138064000,증산동,HH,정체,115,54,106,52
20231,1138064000,증산동,HH,정체,114,53,104,52
20233,1138065000,수색동,HH,정체,131,61,107,52
20232,1138065000,수색동,HH,정체,132,61,106,52
20231,1138065000,수색동,HH,정체,130,61,104,52
20233,1138069000,진관동,LL,다이나믹,73,46,107,52
20232,1138069000,진관동,LL,다이나믹,72,45,106,52
20231,1138069000,진관동,LL,다이나믹,70,45,104,52
20233,1141052000,천연동,HH,정체,116,56,107,52
20232,1141052000,천연동,HH,정체,113,56,106,52
20231,1141052000,천연동,HH,정체,112,56,104,52
20233,1141055500,북아현동,HH,정체,124,57,107,52
20232,1141055500,북아현동,HH,정체,122,57,106,52
20231,1141055500,북아현동,HH,정체,120,57,104,52
20233,1141056500,충현동,HH,정체,123,57,107,52
20232,1141056500,충현동,HH,정체,122,56,106,52
20231,1141056500,충현동,HH,정체,120,56,104,52
20233,1141058500,신촌동,LL,다이나믹,106,51,107,52
20232,1141058500,신촌동,LL,다이나믹,106,50,106,52
20231,1141058500,신촌동,HL,상권축소,105,50,104,52
20233,1141061500,연희동,LH,상권확장,101,53,107,52
20232,1141061500,연희동,LH,상권확장,100,53,106,52
20231,1141061500,연희동,LH,상권확장,99,53,104,52
20233,1141062000,홍제1동,HH,정체,114,55,107,52
20232,1141062000,홍제1동,HH,정체,113,54,106,52
20231,1141062000,홍제1동,HH,정체,113,54,104,52
20233,1141064000,홍제3동,HH,정체,111,59,107,52
20232,1141064000,홍제3동,HH,정체,109,59,106,52
20231,1141064000,홍제3동,HH,정체,108,59,104,52
20233,1141065500,홍제2동,HH,정체,108,58,107,52
20232,1141065500,홍제2동,HH,정체,108,57,106,52
20231,1141065500,홍제2동,HH,정체,106,57,104,52
20233,1141066000,홍은1동,HH,정체,109,55,107,52
20232,1141066000,홍은1동,HH,정체,106,55,106,52
20231,1141066000,홍은1동,HH,정체,105,55,104,52
20233,1141068500,홍은2동,LH,상권확장,102,55,107,52
20232,1141068500,홍은2동,LH,상권확장,100,54,106,52
20231,1141068500,홍은2동,LH,상권확장,100,53,104,52
20233,1141069000,남가좌1동,HH,정체,113,61,107,52
20232,1141069000,남가좌1동,HH,정체,112,61,106,52
20231,1141069000,남가좌1동,HH,정체,112,61,104,52
20233,1141070000,남가좌2동,LL,다이나믹,99,50,107,52
20232,1141070000,남가좌2동,LL,다이나믹,97,50,106,52
20231,1141070000,남가좌2동,LL,다이나믹,95,49,104,52
20233,1141071000,북가좌1동,LL,다이나믹,95,46,107,52
20232,1141071000,북가좌1동,LL,다이나믹,95,46,106,52
20231,1141071000,북가좌1동,LL,다이나믹,92,45,104,52
20233,1141072000,북가좌2동,LL,다이나믹,101,49,107,52
20232,1141072000,북가좌2동,LL,다이나믹,100,49,106,52
20231,1141072000,북가좌2동,LL,다이나믹,99,48,104,52
20233,1144055500,아현동,LH,상권확장,105,55,107,52
20232,1144055500,아현동,LH,상권확장,104,54,106,52
20231,1144055500,아현동,LH,상권확장,103,54,104,52
20233,1144056500,공덕동,HH,정체,118,54,107,52
20232,1144056500,공덕동,HH,정체,116,54,106,52
20231,1144056500,공덕동,HH,정체,115,54,104,52
20233,1144058500,도화동,HH,정체,110,53,107,52
20232,1144058500,도화동,HH,정체,108,52,106,52
20231,1144058500,도화동,HH,정체,106,52,104,52
20233,1135062500,중계2?3동,LH,상권확장,100,53,107,52
20232,1135062500,중계2?3동,LH,상권확장,98,52,106,52
20231,1135062500,중계2?3동,LH,상권확장,97,52,104,52
20233,1135063000,상계1동,LL,다이나믹,99,48,107,52
20232,1135063000,상계1동,LL,다이나믹,98,48,106,52
20231,1135063000,상계1동,LL,다이나믹,95,48,104,52
20233,1135064000,상계2동,LL,다이나믹,99,47,107,52
20232,1135064000,상계2동,LL,다이나믹,97,47,106,52
20231,1135064000,상계2동,LL,다이나믹,96,47,104,52
20233,1144070000,망원2동,LL,다이나믹,97,47,107,52
20232,1144070000,망원2동,LL,다이나믹,97,47,106,52
20231,1144070000,망원2동,LL,다이나믹,95,47,104,52
20233,1144071000,연남동,LL,다이나믹,64,42,107,52
20232,1144071000,연남동,LL,다이나믹,63,42,106,52
20231,1144071000,연남동,LL,다이나믹,63,42,104,52
20233,1144072000,성산1동,LL,다이나믹,100,50,107,52
20232,1144072000,성산1동,LL,다이나믹,99,50,106,52
20231,1144072000,성산1동,LL,다이나믹,98,49,104,52
20233,1144073000,성산2동,LH,상권확장,101,56,107,52
20232,1144073000,성산2동,LH,상권확장,100,56,106,52
20231,1144073000,성산2동,LH,상권확장,97,56,104,52
20233,1144074000,상암동,LL,다이나믹,77,43,107,52
20232,1144074000,상암동,LL,다이나믹,76,42,106,52
20231,1144074000,상암동,LL,다이나믹,75,42,104,52
20233,1147051000,목1동,LL,다이나믹,97,50,107,52
20232,1147051000,목1동,LL,다이나믹,95,50,106,52
20231,1147051000,목1동,LL,다이나믹,94,49,104,52
20233,1147052000,목2동,LL,다이나믹,101,50,107,52
20232,1147052000,목2동,LL,다이나믹,100,50,106,52
20231,1147052000,목2동,LL,다이나믹,98,50,104,52
20233,1147053000,목3동,LL,다이나믹,106,51,107,52
20232,1147053000,목3동,LL,다이나믹,105,51,106,52
20231,1147053000,목3동,LL,다이나믹,104,51,104,52
20233,1132051200,창2동,LL,다이나믹,106,48,107,52
20232,1132051200,창2동,LL,다이나믹,103,48,106,52
20231,1132051200,창2동,LL,다이나믹,101,48,104,52
20233,1132051300,창3동,LH,상권확장,106,52,107,52
20232,1132051300,창3동,LH,상권확장,104,52,106,52
20231,1132051300,창3동,LH,상권확장,103,52,104,52
20233,1132051400,창4동,LL,다이나믹,106,50,107,52
20232,1132051400,창4동,HL,상권축소,106,50,106,52
20231,1132051400,창4동,LL,다이나믹,103,50,104,52
20233,1132051500,창5동,LL,다이나믹,102,50,107,52
20232,1132051500,창5동,LL,다이나믹,101,49,106,52
20231,1132051500,창5동,LL,다이나믹,99,49,104,52
20233,1132052100,도봉1동,HL,상권축소,113,51,107,52
20232,1132052100,도봉1동,HL,상권축소,112,51,106,52
20231,1132052100,도봉1동,HL,상권축소,111,50,104,52
20233,1132052200,도봉2동,LL,다이나믹,104,48,107,52
20232,1132052200,도봉2동,LL,다이나믹,102,48,106,52
20231,1132052200,도봉2동,LL,다이나믹,101,48,104,52
20233,1132066000,쌍문1동,LL,다이나믹,102,49,107,52
20232,1132066000,쌍문1동,LL,다이나믹,100,49,106,52
20231,1132066000,쌍문1동,LL,다이나믹,97,48,104,52
20233,1132067000,쌍문2동,LL,다이나믹,103,50,107,52
20232,1132067000,쌍문2동,LL,다이나믹,102,50,106,52
20231,1132067000,쌍문2동,LL,다이나믹,101,49,104,52
20233,1132068000,쌍문3동,LL,다이나믹,104,50,107,52
20232,1132068000,쌍문3동,LL,다이나믹,102,49,106,52
20231,1132068000,쌍문3동,LL,다이나믹,101,49,104,52
20233,1150055000,화곡2동,LL,다이나믹,101,49,107,52
20232,1150055000,화곡2동,LL,다이나믹,99,48,106,52
20231,1150055000,화곡2동,LL,다이나믹,98,48,104,52
20233,1150060400,가양2동,LH,상권확장,106,52,107,52
20232,1150060400,가양2동,LH,상권확장,104,52,106,52
20231,1150060400,가양2동,LH,상권확장,101,52,104,52
20233,1147054000,목4동,LL,다이나믹,105,45,107,52
20232,1147054000,목4동,LL,다이나믹,103,45,106,52
20231,1147054000,목4동,LL,다이나믹,102,45,104,52
20233,1147055000,목5동,LL,다이나믹,102,51,107,52
20232,1147055000,목5동,LL,다이나믹,100,51,106,52
20231,1147055000,목5동,LL,다이나믹,99,51,104,52
20233,1147056000,신월1동,HL,상권축소,107,47,107,52
20232,1147056000,신월1동,LL,다이나믹,106,46,106,52
20231,1147056000,신월1동,HL,상권축소,105,46,104,52
20233,1147057000,신월2동,LH,상권확장,106,53,107,52
20232,1147057000,신월2동,LH,상권확장,103,53,106,52
20231,1147057000,신월2동,LH,상권확장,103,53,104,52
20233,1147058000,신월3동,HL,상권축소,122,50,107,52
20232,1147058000,신월3동,HL,상권축소,119,50,106,52
20231,1147058000,신월3동,HL,상권축소,117,49,104,52
20233,1147059000,신월4동,HL,상권축소,109,50,107,52
20232,1147059000,신월4동,HL,상권축소,107,49,106,52
20231,1147059000,신월4동,HL,상권축소,105,49,104,52
20233,1147060000,신월5동,LL,다이나믹,105,51,107,52
20232,1147060000,신월5동,LL,다이나믹,103,51,106,52
20231,1147060000,신월5동,LL,다이나믹,102,51,104,52
20233,1147061000,신월6동,LH,상권확장,87,55,107,52
20232,1147061000,신월6동,LH,상권확장,84,55,106,52
20231,1147061000,신월6동,LH,상권확장,83,55,104,52
20233,1147061100,신월7동,HL,상권축소,115,46,107,52
20232,1147061100,신월7동,HL,상권축소,113,46,106,52
20231,1147061100,신월7동,HL,상권축소,110,46,104,52
20233,1147062000,신정1동,HL,상권축소,112,48,107,52
20232,1147062000,신정1동,HL,상권축소,111,48,106,52
20231,1147062000,신정1동,HL,상권축소,110,47,104,52
20233,1147063000,신정2동,LL,다이나믹,100,50,107,52
20232,1147063000,신정2동,LL,다이나믹,98,50,106,52
20231,1147063000,신정2동,LL,다이나믹,97,50,104,52
20233,1147064000,신정3동,LL,다이나믹,102,52,107,52
20232,1147064000,신정3동,LL,다이나믹,100,52,106,52
20231,1147064000,신정3동,LH,상권확장,97,52,104,52
20233,1150056000,화곡3동,LL,다이나믹,95,48,107,52
20232,1150056000,화곡3동,LL,다이나믹,93,48,106,52
20231,1150056000,화곡3동,LL,다이나믹,92,48,104,52
20233,1150057000,화곡4동,LL,다이나믹,102,48,107,52
20232,1150057000,화곡4동,LL,다이나믹,102,48,106,52
20231,1150057000,화곡4동,LL,다이나믹,101,48,104,52
20233,1150059000,화곡본동,LL,다이나믹,106,51,107,52
20232,1150059000,화곡본동,LL,다이나믹,104,51,106,52
20231,1150059000,화곡본동,LL,다이나믹,103,51,104,52
20233,1150059100,화곡6동,LL,다이나믹,94,46,107,52
20232,1150059100,화곡6동,LL,다이나믹,92,46,106,52
20231,1150059100,화곡6동,LL,다이나믹,91,45,104,52
20233,1150059300,화곡8동,LL,다이나믹,97,50,107,52
20232,1150059300,화곡8동,LL,다이나믹,94,49,106,52
20231,1150059300,화곡8동,LL,다이나믹,93,49,104,52
20233,1150060300,가양1동,LL,다이나믹,61,39,107,52
20232,1150060300,가양1동,LL,다이나믹,59,39,106,52
20231,1150060300,가양1동,LL,다이나믹,58,39,104,52
20233,1144059000,용강동,HL,상권축소,109,51,107,52
20232,1144059000,용강동,HL,상권축소,108,51,106,52
20231,1144059000,용강동,HL,상권축소,107,50,104,52
20232,1144060000,대흥동,LH,상권확장,101,53,106,52
20231,1144060000,대흥동,LH,상권확장,101,53,104,52
20233,1144061000,염리동,LL,다이나믹,94,50,107,52
20232,1144061000,염리동,LL,다이나믹,93,50,106,52
20231,1144061000,염리동,LL,다이나믹,91,50,104,52
20233,1144063000,신수동,LL,다이나믹,97,52,107,52
20232,1144063000,신수동,LL,다이나믹,96,52,106,52
20231,1144063000,신수동,LL,다이나믹,94,51,104,52
20233,1144065500,서강동,LL,다이나믹,85,45,107,52
20232,1144065500,서강동,LL,다이나믹,83,45,106,52
20231,1144065500,서강동,LL,다이나믹,83,45,104,52
20233,1144066000,서교동,LL,다이나믹,86,47,107,52
20232,1144066000,서교동,LL,다이나믹,85,46,106,52
20231,1144066000,서교동,LL,다이나믹,84,46,104,52
20233,1144068000,합정동,LL,다이나믹,82,48,107,52
20232,1144068000,합정동,LL,다이나믹,81,48,106,52
20231,1144068000,합정동,LL,다이나믹,80,48,104,52
20233,1144069000,망원1동,LL,다이나믹,78,48,107,52
20232,1144069000,망원1동,LL,다이나믹,77,48,106,52
20231,1144069000,망원1동,LL,다이나믹,76,48,104,52
20233,1147065000,신정4동,LL,다이나믹,105,48,107,52
20232,1147065000,신정4동,LL,다이나믹,103,47,106,52
20231,1147065000,신정4동,LL,다이나믹,101,47,104,52
20233,1147067000,신정6동,LL,다이나믹,95,48,107,52
20232,1147067000,신정6동,LL,다이나믹,94,47,106,52
20231,1147067000,신정6동,LL,다이나믹,93,47,104,52
20233,1147068000,신정7동,LL,다이나믹,101,51,107,52
20232,1147068000,신정7동,LL,다이나믹,99,51,106,52
20231,1147068000,신정7동,LL,다이나믹,97,51,104,52
20233,1150051000,염창동,LH,상권확장,101,56,107,52
20232,1150051000,염창동,LH,상권확장,100,56,106,52
20231,1150051000,염창동,LH,상권확장,98,56,104,52
20233,1150052000,등촌1동,LL,다이나믹,92,52,107,52
20232,1150052000,등촌1동,LL,다이나믹,91,52,106,52
20231,1150052000,등촌1동,LL,다이나믹,90,52,104,52
20233,1165060000,방배1동,HH,정체,108,52,107,52
20232,1165060000,방배1동,HH,정체,107,52,106,52
20231,1165060000,방배1동,HH,정체,106,52,104,52
20233,1165061000,방배2동,LH,상권확장,102,54,107,52
20231,1165061000,방배2동,LH,상권확장,99,54,104,52
20233,1165062000,방배3동,HH,정체,127,54,107,52
20232,1165062000,방배3동,HH,정체,125,54,106,52
20231,1165062000,방배3동,HH,정체,123,54,104,52
20233,1165062100,방배4동,HH,정체,120,55,107,52
20232,1165062100,방배4동,HH,정체,119,55,106,52
20231,1165062100,방배4동,HH,정체,117,54,104,52
20233,1165065100,양재1동,HL,상권축소,109,52,107,52
20232,1165065100,양재1동,HH,정체,107,52,106,52
20231,1165065100,양재1동,HH,정체,105,52,104,52
20233,1165065200,양재2동,HL,상권축소,134,51,107,52
20231,1165065200,양재2동,HL,상권축소,131,50,104,52
20233,1165066000,내곡동,HH,정체,114,65,107,52
20232,1165066000,내곡동,HH,정체,112,65,106,52
20231,1165066000,내곡동,HH,정체,110,64,104,52
20233,1168051000,신사동,LL,다이나믹,101,49,107,52
20232,1168051000,신사동,LL,다이나믹,100,48,106,52
20231,1168051000,신사동,LL,다이나믹,99,48,104,52
20233,1153077000,오류1동,LH,상권확장,105,53,107,52
20232,1153077000,오류1동,LH,상권확장,103,53,106,52
20231,1153077000,오류1동,LH,상권확장,101,53,104,52
20233,1153078000,오류2동,LL,다이나믹,93,47,107,52
20233,1111051500,청운효자동,LH,상권확장,96,56,107,52
20233,1111053000,사직동,HH,정체,124,59,107,52
20233,1111054000,삼청동,LH,상권확장,100,55,107,52
20233,1111055000,부암동,LH,상권확장,102,57,107,52
20233,1111056000,평창동,HH,정체,114,59,107,52
20233,1111057000,무악동,HH,정체,112,64,107,52
20233,1111058000,교남동,HH,정체,124,57,107,52
20233,1111060000,가회동,LH,상권확장,104,59,107,52
20233,1111061500,종로1?2?3?4가동,HH,정체,151,67,107,52
20233,1111063000,종로5?6가동,HH,정체,137,66,107,52
20233,1111064000,이화동,LH,상권확장,102,56,107,52
20233,1111065000,혜화동,HH,정체,109,53,107,52
20233,1111067000,창신1동,HH,정체,126,67,107,52
20233,1111068000,창신2동,HH,정체,115,58,107,52
20233,1111069000,창신3동,LH,상권확장,98,54,107,52
20233,1111070000,숭인1동,HH,정체,113,58,107,52
20231,1111070000,숭인1동,HH,정체,105,59,104,52
20233,1111071000,숭인2동,HL,상권축소,120,48,107,52
20232,1111071000,숭인2동,HL,상권축소,118,48,106,52
20231,1111071000,숭인2동,HL,상권축소,117,47,104,52
20233,1114052000,소공동,HH,정체,148,69,107,52
20232,1114052000,소공동,HH,정체,147,69,106,52
20231,1114052000,소공동,HH,정체,145,69,104,52
20233,1114054000,회현동,HH,정체,160,70,107,52
20232,1114054000,회현동,HH,정체,157,70,106,52
20231,1114054000,회현동,HH,정체,156,69,104,52
20233,1114055000,명동,HH,정체,153,58,107,52
20232,1114055000,명동,HH,정체,153,58,106,52
20231,1114055000,명동,HH,정체,152,58,104,52
20233,1114057000,필동,HH,정체,135,59,107,52
20232,1114057000,필동,HH,정체,135,59,106,52
20231,1114057000,필동,HH,정체,135,58,104,52
20233,1114058000,장충동,HH,정체,134,60,107,52
20232,1114058000,장충동,HH,정체,133,60,106,52
20231,1114058000,장충동,HH,정체,132,59,104,52
20232,1153078000,오류2동,LL,다이나믹,90,47,106,52
20231,1153078000,오류2동,LL,다이나믹,89,47,104,52
20233,1153079000,수궁동,LH,상권확장,105,52,107,52
20232,1153079000,수궁동,LH,상권확장,103,52,106,52
20231,1153079000,수궁동,LH,상권확장,100,52,104,52
20233,1153080000,항동,LL,다이나믹,45,38,107,52
20232,1153080000,항동,LL,다이나믹,42,38,106,52
20231,1153080000,항동,LL,다이나믹,40,39,104,52
20233,1154551000,가산동,LL,다이나믹,92,49,107,52
20232,1154551000,가산동,LL,다이나믹,90,48,106,52
20231,1154551000,가산동,LL,다이나믹,88,48,104,52
20233,1154561000,독산1동,LH,상권확장,98,52,107,52
20232,1154561000,독산1동,LH,상권확장,97,52,106,52
20231,1154561000,독산1동,LH,상권확장,95,52,104,52
20233,1154562000,독산2동,LL,다이나믹,105,49,107,52
20231,1154562000,독산2동,LL,다이나믹,102,49,104,52
20233,1154563000,독산3동,HL,상권축소,116,49,107,52
20232,1154563000,독산3동,HL,상권축소,114,48,106,52
20231,1154563000,독산3동,HL,상권축소,114,48,104,52
20232,1154564000,독산4동,HL,상권축소,110,48,106,52
20231,1154564000,독산4동,HL,상권축소,108,48,104,52
20232,1111051500,청운효자동,LH,상권확장,95,55,106,52
20231,1111051500,청운효자동,LH,상권확장,94,55,104,52
20232,1111053000,사직동,HH,정체,122,59,106,52
20231,1111053000,사직동,HH,정체,122,59,104,52
20232,1111054000,삼청동,LH,상권확장,100,55,106,52
20231,1111054000,삼청동,LH,상권확장,99,55,104,52
20232,1111055000,부암동,LH,상권확장,100,56,106,52
20231,1111055000,부암동,LH,상권확장,99,56,104,52
20232,1111056000,평창동,HH,정체,112,59,106,52
20231,1111056000,평창동,HH,정체,111,58,104,52
20232,1111057000,무악동,HH,정체,108,64,106,52
20231,1111057000,무악동,HH,정체,105,64,104,52
20232,1111058000,교남동,HH,정체,124,57,106,52
20231,1111058000,교남동,HH,정체,122,57,104,52
20232,1111060000,가회동,LH,상권확장,103,58,106,52
20231,1111060000,가회동,LH,상권확장,102,58,104,52
20232,1111061500,종로1?2?3?4가동,HH,정체,149,67,106,52
20231,1111061500,종로1?2?3?4가동,HH,정체,147,67,104,52
20232,1111063000,종로5?6가동,HH,정체,136,66,106,52
20231,1111063000,종로5?6가동,HH,정체,135,66,104,52
20232,1111064000,이화동,LH,상권확장,100,56,106,52
20231,1111064000,이화동,LH,상권확장,98,56,104,52
20232,1111065000,혜화동,HH,정체,108,53,106,52
20231,1111065000,혜화동,HH,정체,109,52,104,52
20232,1111067000,창신1동,HH,정체,123,67,106,52
20231,1111067000,창신1동,HH,정체,121,66,104,52
20232,1111068000,창신2동,HH,정체,114,58,106,52
20231,1111068000,창신2동,HH,정체,112,57,104,52
20232,1111069000,창신3동,LH,상권확장,97,53,106,52
20231,1111069000,창신3동,LL,다이나믹,96,51,104,52
20232,1111070000,숭인1동,HH,정체,108,58,106,52
20233,1144060000,대흥동,LH,상권확장,102,54,107,52
20233,1154564000,독산4동,HL,상권축소,111,48,107,52
20233,1154567000,시흥1동,HH,정체,108,52,107,52
20231,1154567000,시흥1동,HH,정체,106,52,104,52
20233,1154568000,시흥2동,LL,다이나믹,87,50,107,52
20232,1154568000,시흥2동,LL,다이나믹,87,49,106,52
20231,1154568000,시흥2동,LL,다이나믹,85,49,104,52
20233,1154569000,시흥3동,HH,정체,147,62,107,52
20232,1154569000,시흥3동,HH,정체,146,61,106,52
20231,1154569000,시흥3동,HH,정체,143,61,104,52
20233,1154570000,시흥4동,HL,상권축소,110,46,107,52
20232,1154570000,시흥4동,HL,상권축소,108,46,106,52
20231,1154570000,시흥4동,HL,상권축소,108,45,104,52
20233,1154571000,시흥5동,HH,정체,112,52,107,52
20232,1154571000,시흥5동,HH,정체,111,52,106,52
20231,1154571000,시흥5동,HH,정체,109,52,104,52
20233,1156051500,영등포본동,LH,상권확장,105,54,107,52
20232,1156051500,영등포본동,LH,상권확장,102,54,106,52
20231,1156051500,영등포본동,LH,상권확장,99,53,104,52
20233,1156053500,영등포동,HH,정체,128,58,107,52
20232,1156053500,영등포동,HH,정체,127,58,106,52
20231,1156053500,영등포동,HH,정체,125,58,104,52
20233,1156054000,여의동,HH,정체,122,53,107,52
20231,1156054000,여의동,HH,정체,119,52,104,52
20233,1156055000,당산1동,HL,상권축소,108,51,107,52
20232,1156055000,당산1동,HL,상권축소,107,51,106,52
20231,1156055000,당산1동,HL,상권축소,107,51,104,52
20233,1156056000,당산2동,LL,다이나믹,104,51,107,52
20232,1156056000,당산2동,LL,다이나믹,102,51,106,52
20231,1156056000,당산2동,LL,다이나믹,100,51,104,52
20233,1156058500,도림동,LL,다이나믹,103,51,107,52
20232,1156058500,도림동,LL,다이나믹,101,51,106,52
20231,1156058500,도림동,LL,다이나믹,100,51,104,52
20232,1156060500,문래동,LH,상권확장,99,53,106,52
20231,1156060500,문래동,LH,상권확장,98,52,104,52
20233,1159054000,상도2동,HH,정체,115,56,107,52
20231,1159054000,상도2동,HH,정체,110,56,104,52
20233,1159055000,상도3동,LL,다이나믹,101,48,107,52
20231,1159055000,상도3동,LL,다이나믹,98,48,104,52
20233,1159056000,상도4동,LL,다이나믹,99,52,107,52
20232,1159056000,상도4동,LL,다이나믹,98,51,106,52
20231,1159056000,상도4동,LL,다이나믹,96,51,104,52
20233,1159060500,흑석동,HH,정체,108,57,107,52
20232,1159060500,흑석동,HH,정체,106,57,106,52
20231,1159060500,흑석동,HH,정체,104,57,104,52
20233,1159062000,사당1동,LL,다이나믹,101,50,107,52
20231,1159062000,사당1동,LL,다이나믹,99,50,104,52
20233,1159063000,사당2동,HL,상권축소,109,52,107,52
20232,1159063000,사당2동,HL,상권축소,109,52,106,52
20231,1159063000,사당2동,HL,상권축소,108,51,104,52
20233,1159064000,사당3동,LL,다이나믹,101,51,107,52
20232,1159064000,사당3동,LL,다이나믹,101,51,106,52
20231,1159064000,사당3동,LL,다이나믹,99,51,104,52
20233,1159065000,사당4동,HL,상권축소,108,50,107,52
20232,1159065000,사당4동,HL,상권축소,108,50,106,52
20231,1159065000,사당4동,HL,상권축소,106,50,104,52
20233,1159065100,사당5동,LL,다이나믹,97,51,107,52
20232,1159065100,사당5동,LL,다이나믹,95,51,106,52
20231,1159065100,사당5동,LL,다이나믹,93,51,104,52
20233,1159066000,대방동,LH,상권확장,107,54,107,52
20231,1159066000,대방동,LH,상권확장,104,53,104,52
20233,1159067000,신대방1동,HL,상권축소,118,50,107,52
20233,1171068000,잠실3동,HH,정체,123,65,107,52
20233,1156060500,문래동,LH,상권확장,100,53,107,52
20233,1156061000,양평1동,LH,상권확장,95,52,107,52
20232,1156061000,양평1동,LH,상권확장,93,52,106,52
20231,1156061000,양평1동,LH,상권확장,91,52,104,52
20233,1156062000,양평2동,HL,상권축소,110,52,107,52
20232,1156062000,양평2동,HL,상권축소,108,52,106,52
20231,1156062000,양평2동,HL,상권축소,108,52,104,52
20233,1156063000,신길1동,HH,정체,123,53,107,52
20232,1156063000,신길1동,HH,정체,122,53,106,52
20231,1156063000,신길1동,HH,정체,121,53,104,52
20233,1156065000,신길3동,HH,정체,123,57,107,52
20232,1156065000,신길3동,HH,정체,122,57,106,52
20231,1156065000,신길3동,HH,정체,120,57,104,52
20233,1156066000,신길4동,HL,상권축소,109,51,107,52
20232,1156066000,신길4동,HL,상권축소,111,50,106,52
20231,1156066000,신길4동,HL,상권축소,108,51,104,52
20233,1156067000,신길5동,LL,다이나믹,104,51,107,52
20232,1156067000,신길5동,LL,다이나믹,101,51,106,52
20231,1156067000,신길5동,LL,다이나믹,99,51,104,52
20233,1156068000,신길6동,LL,다이나믹,107,51,107,52
20232,1156068000,신길6동,LL,다이나믹,106,50,106,52
20231,1156068000,신길6동,LL,다이나믹,104,50,104,52
20233,1156069000,신길7동,LL,다이나믹,99,51,107,52
20232,1156069000,신길7동,LL,다이나믹,97,50,106,52
20231,1156069000,신길7동,LL,다이나믹,98,50,104,52
20233,1156070000,대림1동,HL,상권축소,115,49,107,52
20232,1156070000,대림1동,HL,상권축소,114,49,106,52
20231,1156070000,대림1동,HL,상권축소,113,49,104,52
20233,1156071000,대림2동,LL,다이나믹,93,45,107,52
20232,1156071000,대림2동,LL,다이나믹,91,45,106,52
20231,1156071000,대림2동,LL,다이나믹,90,45,104,52
20233,1156072000,대림3동,HL,상권축소,114,46,107,52
20232,1156072000,대림3동,HL,상권축소,112,46,106,52
20231,1156072000,대림3동,HL,상권축소,110,46,104,52
20233,1159051000,노량진1동,HH,정체,124,62,107,52
20232,1159051000,노량진1동,HH,정체,123,62,106,52
20231,1159051000,노량진1동,HH,정체,122,61,104,52
20233,1159052000,노량진2동,HH,정체,128,62,107,52
20232,1159052000,노량진2동,HH,정체,128,62,106,52
20231,1159052000,노량진2동,HH,정체,126,60,104,52
20233,1159053000,상도1동,LH,상권확장,102,55,107,52
20232,1159053000,상도1동,LH,상권확장,101,54,106,52
20231,1159053000,상도1동,LH,상권확장,100,54,104,52
20232,1159067000,신대방1동,HL,상권축소,117,49,106,52
20231,1159067000,신대방1동,HL,상권축소,114,49,104,52
20233,1159068000,신대방2동,LH,상권확장,103,53,107,52
20232,1159068000,신대방2동,LH,상권확장,102,53,106,52
20231,1159068000,신대방2동,LH,상권확장,102,53,104,52
20233,1162052500,보라매동,LL,다이나믹,99,50,107,52
20232,1162052500,보라매동,LL,다이나믹,97,50,106,52
20231,1162052500,보라매동,LL,다이나믹,94,50,104,52
20233,1162054500,청림동,LL,다이나믹,87,50,107,52
20232,1162054500,청림동,LL,다이나믹,85,50,106,52
20231,1162054500,청림동,LL,다이나믹,84,49,104,52
20233,1162056500,성현동,LL,다이나믹,93,48,107,52
20232,1162056500,성현동,LL,다이나믹,92,47,106,52
20231,1162056500,성현동,LL,다이나믹,90,47,104,52
20233,1162057500,행운동,HL,상권축소,109,52,107,52
20232,1162057500,행운동,HL,상권축소,107,52,106,52
20231,1162057500,행운동,HL,상권축소,106,51,104,52
20233,1162058500,낙성대동,LL,다이나믹,84,50,107,52
20232,1162058500,낙성대동,LL,다이나믹,86,51,106,52
20231,1162058500,낙성대동,LL,다이나믹,85,50,104,52
20233,1162059500,청룡동,LL,다이나믹,99,49,107,52
20232,1162059500,청룡동,LL,다이나믹,98,48,106,52
20231,1162059500,청룡동,LL,다이나믹,97,48,104,52
20233,1162060500,은천동,LL,다이나믹,99,48,107,52
20232,1162060500,은천동,LL,다이나믹,97,48,106,52
20231,1162060500,은천동,LL,다이나믹,96,48,104,52
20233,1162061500,중앙동,LL,다이나믹,103,49,107,52
20232,1162061500,중앙동,LL,다이나믹,101,48,106,52
20231,1162061500,중앙동,LL,다이나믹,101,48,104,52
20233,1162062500,인헌동,LL,다이나믹,101,52,107,52
20232,1162062500,인헌동,LL,다이나믹,100,52,106,52
20231,1162062500,인헌동,LL,다이나믹,99,51,104,52
20233,1162063000,남현동,LH,상권확장,101,53,107,52
20232,1162063000,남현동,LH,상권확장,99,53,106,52
20231,1162063000,남현동,LH,상권확장,98,53,104,52
20233,1162064500,서원동,LH,상권확장,103,54,107,52
20232,1162064500,서원동,LH,상권확장,102,54,106,52
20231,1162064500,서원동,LH,상권확장,100,54,104,52
20233,1162065500,신원동,LL,다이나믹,106,46,107,52
20232,1162065500,신원동,LL,다이나믹,104,46,106,52
20231,1162065500,신원동,LL,다이나믹,103,46,104,52
20233,1162066500,서림동,LL,다이나믹,100,52,107,52
20232,1162066500,서림동,LL,다이나믹,99,51,106,52
20231,1162066500,서림동,LL,다이나믹,96,51,104,52
20233,1162068500,신사동,LL,다이나믹,100,48,107,52
20232,1162068500,신사동,LL,다이나믹,98,47,106,52
20231,1162068500,신사동,LL,다이나믹,97,47,104,52
20233,1162069500,신림동,LL,다이나믹,102,48,107,52
20232,1162069500,신림동,LL,다이나믹,101,48,106,52
20231,1162069500,신림동,LL,다이나믹,100,48,104,52
20233,1162071500,난향동,LL,다이나믹,84,49,107,52
20232,1162071500,난향동,LL,다이나믹,82,48,106,52
20231,1162071500,난향동,LL,다이나믹,79,48,104,52
20233,1162072500,조원동,HL,상권축소,115,47,107,52
20232,1162072500,조원동,HL,상권축소,113,47,106,52
20231,1162072500,조원동,HL,상권축소,112,46,104,52
20233,1162073500,대학동,LL,다이나믹,106,48,107,52
20232,1162073500,대학동,LL,다이나믹,103,47,106,52
20231,1162073500,대학동,LL,다이나믹,101,47,104,52
20233,1162074500,삼성동,HH,정체,117,57,107,52
20232,1162074500,삼성동,HH,정체,114,57,106,52
20231,1162074500,삼성동,HH,정체,111,57,104,52
20233,1162076500,미성동,HL,상권축소,116,52,107,52
20232,1162076500,미성동,HL,상권축소,114,51,106,52
20231,1162076500,미성동,HL,상권축소,112,51,104,52
20233,1162077500,난곡동,LH,상권확장,106,54,107,52
20232,1162077500,난곡동,LH,상권확장,104,54,106,52
20231,1162077500,난곡동,LH,상권확장,102,54,104,52
20233,1165051000,서초1동,HH,정체,122,55,107,52
20232,1165051000,서초1동,HH,정체,120,55,106,52
20231,1165051000,서초1동,HH,정체,118,54,104,52
20233,1150060500,가양3동,LH,상권확장,102,55,107,52
20232,1150060500,가양3동,LH,상권확장,99,55,106,52
20231,1150060500,가양3동,LH,상권확장,96,56,104,52
20233,1150061100,발산1동,LL,다이나믹,78,50,107,52
20232,1150061100,발산1동,LL,다이나믹,76,49,106,52
20231,1150061100,발산1동,LL,다이나믹,75,49,104,52
20233,1150061500,우장산동,LL,다이나믹,92,49,107,52
20232,1150061500,우장산동,LL,다이나믹,90,49,106,52
20231,1150061500,우장산동,LL,다이나믹,89,48,104,52
20233,1150062000,공항동,LL,다이나믹,98,50,107,52
20232,1150062000,공항동,LL,다이나믹,96,50,106,52
20231,1150062000,공항동,LL,다이나믹,94,50,104,52
20233,1150063000,방화1동,LL,다이나믹,96,47,107,52
20232,1150063000,방화1동,LL,다이나믹,94,47,106,52
20231,1150063000,방화1동,LL,다이나믹,92,47,104,52
20233,1150064000,방화2동,LH,상권확장,103,54,107,52
20232,1150064000,방화2동,LH,상권확장,101,54,106,52
20231,1150064000,방화2동,LH,상권확장,100,54,104,52
20233,1150064100,방화3동,HL,상권축소,111,50,107,52
20232,1150064100,방화3동,HL,상권축소,109,50,106,52
20231,1150064100,방화3동,HL,상권축소,107,50,104,52
20233,1153051000,신도림동,LL,다이나믹,100,50,107,52
20232,1153051000,신도림동,LL,다이나믹,98,50,106,52
20231,1153051000,신도림동,LL,다이나믹,96,49,104,52
20233,1153052000,구로1동,HH,정체,114,53,107,52
20232,1153052000,구로1동,HH,정체,112,53,106,52
20231,1153052000,구로1동,HH,정체,110,52,104,52
20233,1153053000,구로2동,HH,정체,143,56,107,52
20232,1153053000,구로2동,HH,정체,141,56,106,52
20231,1153053000,구로2동,HH,정체,138,56,104,52
20233,1153054000,구로3동,LL,다이나믹,94,47,107,52
20232,1153054000,구로3동,LL,다이나믹,93,46,106,52
20231,1153054000,구로3동,LL,다이나믹,91,46,104,52
20233,1153055000,구로4동,HL,상권축소,108,48,107,52
20232,1153055000,구로4동,HL,상권축소,106,48,106,52
20231,1153055000,구로4동,HL,상권축소,105,48,104,52
20233,1153056000,구로5동,LL,다이나믹,102,49,107,52
20232,1153056000,구로5동,LL,다이나믹,100,49,106,52
20231,1153056000,구로5동,LL,다이나믹,98,49,104,52
20233,1153059500,가리봉동,HL,상권축소,116,47,107,52
20232,1153059500,가리봉동,HL,상권축소,113,47,106,52
20231,1153059500,가리봉동,HL,상권축소,111,47,104,52
20233,1153072000,고척1동,HH,정체,112,53,107,52
20232,1153072000,고척1동,HH,정체,110,53,106,52
20231,1153072000,고척1동,HH,정체,109,52,104,52
20233,1153073000,고척2동,HL,상권축소,108,51,107,52
20232,1153073000,고척2동,HL,상권축소,108,50,106,52
20231,1153073000,고척2동,HL,상권축소,108,50,104,52
20233,1153074000,개봉1동,LH,상권확장,107,52,107,52
20232,1153074000,개봉1동,LH,상권확장,105,52,106,52
20231,1153074000,개봉1동,LH,상권확장,103,52,104,52
20233,1153075000,개봉2동,HH,정체,108,55,107,52
20232,1153075000,개봉2동,HH,정체,106,54,106,52
20231,1153075000,개봉2동,LH,상권확장,104,54,104,52
20233,1153076000,개봉3동,HL,상권축소,120,50,107,52
20232,1153076000,개봉3동,HL,상권축소,119,50,106,52
20231,1153076000,개봉3동,HL,상권축소,116,50,104,52
20233,1150053000,등촌2동,HL,상권축소,109,48,107,52
20232,1150053000,등촌2동,HL,상권축소,107,48,106,52
20231,1150053000,등촌2동,HL,상권축소,105,48,104,52
20233,1150053500,등촌3동,LL,다이나믹,93,49,107,52
20232,1150053500,등촌3동,LL,다이나믹,92,49,106,52
20231,1150053500,등촌3동,LL,다이나믹,90,49,104,52
20233,1150054000,화곡1동,LL,다이나믹,102,48,107,52
20232,1150054000,화곡1동,LL,다이나믹,100,48,106,52
20231,1150054000,화곡1동,LL,다이나믹,98,48,104,52
20233,1165054000,잠원동,HL,상권축소,108,51,107,52
20232,1165054000,잠원동,LL,다이나믹,105,51,106,52
20231,1165054000,잠원동,LL,다이나믹,103,50,104,52
20233,1165055000,반포본동,HH,정체,156,64,107,52
20231,1165055000,반포본동,HH,정체,149,64,104,52
20233,1165056000,반포1동,LL,다이나믹,99,45,107,52
20232,1165056000,반포1동,LL,다이나믹,97,45,106,52
20231,1165056000,반포1동,LL,다이나믹,95,45,104,52
20233,1165057000,반포2동,HH,정체,117,63,107,52
20232,1165057000,반포2동,HH,정체,117,63,106,52
20231,1165057000,반포2동,HH,정체,116,63,104,52
20233,1165058000,반포3동,HH,정체,128,60,107,52
20232,1165058000,반포3동,HH,정체,124,59,106,52
20231,1165058000,반포3동,HH,정체,121,59,104,52
20233,1165058100,반포4동,HH,정체,146,63,107,52
20232,1165058100,반포4동,HH,정체,144,63,106,52
20231,1165058100,반포4동,HH,정체,142,62,104,52
20233,1165059000,방배본동,HL,상권축소,120,51,107,52
20232,1165059000,방배본동,HL,상권축소,118,50,106,52
20231,1165059000,방배본동,HL,상권축소,117,50,104,52
20233,1171056200,방이2동,LL,다이나믹,96,49,107,52
20231,1171056200,방이2동,LL,다이나믹,94,49,104,52
20233,1171056600,오륜동,HH,정체,136,63,107,52
20232,1171056600,오륜동,HH,정체,134,63,106,52
20231,1171056600,오륜동,HH,정체,133,63,104,52
20233,1171057000,오금동,HL,상권축소,108,52,107,52
20232,1171057000,오금동,HL,상권축소,107,52,106,52
20231,1171057000,오금동,HL,상권축소,105,51,104,52
20233,1171058000,송파1동,LL,다이나믹,100,48,107,52
20232,1171058000,송파1동,LL,다이나믹,99,48,106,52
20231,1171058000,송파1동,LL,다이나믹,98,48,104,52
20233,1168052100,논현1동,LL,다이나믹,102,47,107,52
20232,1168052100,논현1동,LL,다이나믹,100,47,106,52
20231,1168052100,논현1동,LL,다이나믹,98,47,104,52
20233,1168053100,논현2동,LL,다이나믹,97,48,107,52
20232,1168053100,논현2동,LL,다이나믹,95,48,106,52
20231,1168053100,논현2동,LL,다이나믹,94,48,104,52
20233,1168054500,압구정동,LL,다이나믹,105,48,107,52
20232,1168054500,압구정동,LL,다이나믹,104,48,106,52
20231,1168054500,압구정동,LL,다이나믹,103,48,104,52
20233,1168056500,청담동,LL,다이나믹,102,51,107,52
20231,1168056500,청담동,LL,다이나믹,100,50,104,52
20233,1168058000,삼성1동,LH,상권확장,106,55,107,52
20232,1168058000,삼성1동,LH,상권확장,104,55,106,52
20231,1168058000,삼성1동,LH,상권확장,102,54,104,52
20233,1168059000,삼성2동,LL,다이나믹,103,47,107,52
20232,1168059000,삼성2동,LL,다이나믹,101,47,106,52
20231,1168059000,삼성2동,LL,다이나믹,99,47,104,52
20233,1168060000,대치1동,HH,정체,116,52,107,52
20232,1168060000,대치1동,HH,정체,114,52,106,52
20231,1168060000,대치1동,HH,정체,112,52,104,52
20233,1168061000,대치2동,HH,정체,112,52,107,52
20232,1168061000,대치2동,HH,정체,110,52,106,52
20231,1168061000,대치2동,HH,정체,108,52,104,52
20233,1171052000,풍납2동,HH,정체,122,55,107,52
20231,1171052000,풍납2동,HH,정체,120,53,104,52
20233,1171053100,거여1동,LL,다이나믹,105,48,107,52
20232,1171053100,거여1동,LL,다이나믹,102,48,106,52
20231,1171053100,거여1동,LL,다이나믹,101,47,104,52
20233,1171053200,거여2동,LH,상권확장,98,53,107,52
20232,1171053200,거여2동,LH,상권확장,98,53,106,52
20231,1171053200,거여2동,LH,상권확장,96,53,104,52
20233,1171054000,마천1동,HL,상권축소,116,47,107,52
20232,1171054000,마천1동,HL,상권축소,114,47,106,52
20231,1171054000,마천1동,HL,상권축소,112,47,104,52
20233,1171055000,마천2동,HH,정체,117,53,107,52
20232,1171055000,마천2동,HH,정체,115,52,106,52
20231,1171055000,마천2동,HH,정체,113,52,104,52
20233,1171056100,방이1동,LL,다이나믹,99,49,107,52
20232,1171056100,방이1동,LL,다이나믹,98,49,106,52
20231,1171056100,방이1동,LL,다이나믹,97,49,104,52
20233,1165052000,서초2동,LL,다이나믹,98,48,107,52
20232,1165052000,서초2동,LL,다이나믹,97,48,106,52
20231,1165052000,서초2동,LL,다이나믹,94,47,104,52
20233,1165053000,서초3동,HH,정체,115,54,107,52
20232,1165053000,서초3동,HH,정체,113,53,106,52
20231,1165053000,서초3동,HH,정체,112,53,104,52
20233,1165053100,서초4동,HH,정체,118,52,107,52
20232,1165053100,서초4동,HH,정체,117,52,106,52
20231,1165053100,서초4동,HH,정체,115,52,104,52
20233,1168063000,대치4동,LL,다이나믹,92,47,107,52
20232,1168063000,대치4동,LL,다이나믹,91,47,106,52
20231,1168063000,대치4동,LL,다이나믹,90,47,104,52
20233,1168064000,역삼1동,LL,다이나믹,100,47,107,52
20232,1168064000,역삼1동,LL,다이나믹,99,47,106,52
20231,1168064000,역삼1동,LL,다이나믹,97,46,104,52
20233,1168065000,역삼2동,LL,다이나믹,97,46,107,52
20232,1168065000,역삼2동,LL,다이나믹,95,46,106,52
20231,1168065000,역삼2동,LL,다이나믹,94,46,104,52
20233,1168065500,도곡1동,HL,상권축소,109,52,107,52
20232,1168065500,도곡1동,HH,정체,108,52,106,52
20231,1168065500,도곡1동,HH,정체,106,52,104,52
20233,1168065600,도곡2동,HL,상권축소,111,51,107,52
20232,1168065600,도곡2동,HL,상권축소,110,51,106,52
20231,1168065600,도곡2동,HL,상권축소,109,51,104,52
20233,1168066000,개포1동,HH,정체,113,64,107,52
20232,1168066000,개포1동,HH,정체,114,63,106,52
20231,1168066000,개포1동,HH,정체,111,63,104,52
20233,1168067000,개포2동,LH,상권확장,97,52,107,52
20232,1168067000,개포2동,LH,상권확장,96,52,106,52
20231,1168067000,개포2동,LH,상권확장,97,52,104,52
20233,1168069000,개포4동,HL,상권축소,117,51,107,52
20232,1168069000,개포4동,HL,상권축소,117,51,106,52
20231,1168069000,개포4동,HL,상권축소,115,50,104,52
20233,1168070000,세곡동,LL,다이나믹,75,43,107,52
20232,1168070000,세곡동,LL,다이나믹,73,43,106,52
20231,1168070000,세곡동,LL,다이나믹,71,43,104,52
20233,1171059000,송파2동,LL,다이나믹,104,46,107,52
20232,1171059000,송파2동,LL,다이나믹,102,46,106,52
20231,1171059000,송파2동,LL,다이나믹,101,46,104,52
20233,1171060000,석촌동,LL,다이나믹,98,48,107,52
20232,1171060000,석촌동,LL,다이나믹,96,47,106,52
20231,1171060000,석촌동,LL,다이나믹,95,47,104,52
20233,1171063200,가락2동,HL,상권축소,108,50,107,52
20232,1171063200,가락2동,HL,상권축소,107,50,106,52
20231,1171063200,가락2동,HL,상권축소,105,50,104,52
20233,1171064100,문정1동,LL,다이나믹,104,50,107,52
20232,1171064100,문정1동,LL,다이나믹,101,50,106,52
20231,1171064100,문정1동,LL,다이나믹,100,49,104,52
20233,1171064200,문정2동,LL,다이나믹,80,41,107,52
20232,1171064200,문정2동,LL,다이나믹,78,41,106,52
20231,1171064200,문정2동,LL,다이나믹,76,40,104,52
20233,1171064600,장지동,LL,다이나믹,96,48,107,52
20232,1171064600,장지동,LL,다이나믹,94,48,106,52
20231,1171064600,장지동,LL,다이나믹,91,48,104,52
20233,1171064700,위례동,LL,다이나믹,49,29,107,52
20232,1171064700,위례동,LL,다이나믹,47,28,106,52
20231,1171064700,위례동,LL,다이나믹,46,28,104,52
20233,1171065000,잠실본동,LL,다이나믹,104,49,107,52
20232,1171065000,잠실본동,LL,다이나믹,104,49,106,52
20231,1171065000,잠실본동,LL,다이나믹,103,48,104,52
20233,1171067000,잠실2동,LL,다이나믹,91,42,107,52
20232,1171067000,잠실2동,LL,다이나믹,89,42,106,52
20231,1171067000,잠실2동,LL,다이나믹,87,42,104,52
20232,1171068000,잠실3동,HH,정체,120,64,106,52
20231,1171068000,잠실3동,HH,정체,118,64,104,52
20233,1171069000,잠실4동,LL,다이나믹,105,49,107,52
20232,1171069000,잠실4동,LL,다이나믹,101,49,106,52
20231,1171069000,잠실4동,LL,다이나믹,99,48,104,52
20233,1171071000,잠실6동,LL,다이나믹,98,52,107,52
20232,1171071000,잠실6동,LL,다이나믹,98,51,106,52
20231,1171071000,잠실6동,LL,다이나믹,96,51,104,52
20233,1171072000,잠실7동,HH,정체,132,65,107,52
20232,1171072000,잠실7동,HH,정체,131,64,106,52
20231,1171072000,잠실7동,HH,정체,128,64,104,52
20233,1174051500,강일동,LL,다이나믹,66,44,107,52
20232,1174051500,강일동,LL,다이나믹,65,44,106,52
20231,1174051500,강일동,LL,다이나믹,64,43,104,52
20233,1174052000,상일동,LL,다이나믹,82,50,107,52
20232,1174052000,상일동,LL,다이나믹,80,49,106,52
20231,1174052000,상일동,LL,다이나믹,79,49,104,52
20233,1174053000,명일1동,LL,다이나믹,104,50,107,52
20232,1174053000,명일1동,LL,다이나믹,103,50,106,52
20231,1174053000,명일1동,LL,다이나믹,102,50,104,52
20233,1174054000,명일2동,LH,상권확장,104,55,107,52
20232,1174054000,명일2동,LH,상권확장,103,55,106,52
20231,1174054000,명일2동,LH,상권확장,102,55,104,52
20233,1174055000,고덕1동,LL,다이나믹,84,49,107,52
20231,1174055000,고덕1동,LL,다이나믹,80,49,104,52
20233,1174056000,고덕2동,LL,다이나믹,73,49,107,52
20232,1174056000,고덕2동,LL,다이나믹,72,49,106,52
20231,1174056000,고덕2동,LL,다이나믹,70,49,104,52
20233,1174057000,암사1동,LL,다이나믹,105,47,107,52
20232,1174057000,암사1동,LL,다이나믹,102,47,106,52
20231,1174057000,암사1동,LL,다이나믹,100,47,104,52
20233,1174058000,암사2동,LL,다이나믹,107,50,107,52
20232,1174058000,암사2동,LL,다이나믹,105,49,106,52
20231,1174058000,암사2동,LL,다이나믹,103,49,104,52
20233,1174059000,암사3동,LH,상권확장,84,53,107,52
20232,1174059000,암사3동,LH,상권확장,83,53,106,52
20231,1174059000,암사3동,LH,상권확장,81,53,104,52
20233,1174060000,천호1동,LL,다이나믹,98,47,107,52
20232,1174060000,천호1동,LL,다이나믹,96,47,106,52
20231,1174060000,천호1동,LL,다이나믹,95,47,104,52
20233,1174061000,천호2동,HL,상권축소,108,52,107,52
20232,1174061000,천호2동,HL,상권축소,106,52,106,52
20231,1174061000,천호2동,HL,상권축소,104,51,104,52
20233,1174062000,천호3동,LL,다이나믹,103,49,107,52
20232,1174062000,천호3동,LL,다이나믹,102,49,106,52
20231,1174062000,천호3동,LL,다이나믹,101,49,104,52
20233,1171061000,삼전동,LL,다이나믹,99,47,107,52
20232,1171061000,삼전동,LL,다이나믹,98,46,106,52
20231,1171061000,삼전동,LL,다이나믹,96,46,104,52
20233,1171062000,가락본동,LL,다이나믹,107,47,107,52
20232,1171062000,가락본동,LL,다이나믹,105,46,106,52
20231,1171062000,가락본동,LL,다이나믹,103,46,104,52
20233,1171063100,가락1동,HH,정체,164,104,107,52
20232,1171063100,가락1동,HH,정체,164,104,106,52
20231,1171063100,가락1동,HH,정체,162,103,104,52
20233,1168072000,일원본동,LH,상권확장,105,55,107,52
20232,1168072000,일원본동,LH,상권확장,102,55,106,52
20231,1168072000,일원본동,LH,상권확장,100,54,104,52
20233,1168073000,일원1동,HH,정체,120,52,107,52
20232,1168073000,일원1동,HL,상권축소,118,52,106,52
20231,1168073000,일원1동,HL,상권축소,117,51,104,52
20233,1168074000,일원2동,HH,정체,117,52,107,52
20232,1168074000,일원2동,HH,정체,113,52,106,52
20231,1168074000,일원2동,HH,정체,111,52,104,52
20233,1168075000,수서동,HH,정체,114,56,107,52
20232,1168075000,수서동,HH,정체,112,56,106,52
20231,1168075000,수서동,HH,정체,109,56,104,52
20233,1171051000,풍납1동,HH,정체,129,53,107,52
20232,1171051000,풍납1동,HH,정체,128,52,106,52
20231,1171051000,풍납1동,HH,정체,125,52,104,52
20233,1174069000,둔촌1동,HH,정체,163,62,107,52
20232,1174069000,둔촌1동,HH,정체,158,62,106,52
20231,1174069000,둔촌1동,HH,정체,160,62,104,52
20233,1174070000,둔촌2동,HL,상권축소,109,49,107,52
20232,1174070000,둔촌2동,HL,상권축소,108,49,106,52
20231,1174070000,둔촌2동,HL,상권축소,106,49,104,52
20233,1174064000,성내1동,HL,상권축소,108,50,107,52
20232,1174064000,성내1동,HL,상권축소,107,50,106,52
20231,1174064000,성내1동,HL,상권축소,105,50,104,52
20233,1174065000,성내2동,LL,다이나믹,105,46,107,52
20232,1174065000,성내2동,LL,다이나믹,104,45,106,52
20231,1174065000,성내2동,LL,다이나믹,103,45,104,52
20233,1174066000,성내3동,HL,상권축소,112,47,107,52
20231,1174066000,성내3동,HL,상권축소,109,46,104,52
20233,1174068500,길동,LL,다이나믹,105,47,107,52
20232,1174068500,길동,LL,다이나믹,103,47,106,52
20231,1174068500,길동,LL,다이나믹,102,47,104,52
20191,1111054000,삼청동,LH,상권확장,82,52,93,48
20191,1111070000,숭인1동,HH,정체,99,53,93,48
20191,1111063000,종로5?6가동,HH,정체,119,62,93,48
20191,1114063500,약수동,LH,상권확장,89,51,93,48
20191,1117070000,보광동,HL,상권축소,95,48,93,48
20191,1117069000,서빙고동,HH,정체,99,56,93,48
20191,1117066000,이태원2동,LL,다이나믹,70,44,93,48
20191,1120054000,마장동,HH,정체,106,54,93,48
20191,1120064500,옥수동,LL,다이나믹,78,46,93,48
20191,1120058000,응봉동,HL,상권축소,93,47,93,48
20191,1121581000,광장동,LH,상권확장,82,50,93,48
20191,1121573000,군자동,HL,상권축소,93,47,93,48
20191,1121583000,자양2동,LL,다이나믹,91,48,93,48
20191,1121575000,중곡2동,LL,다이나믹,90,45,93,48
20191,1123066000,장안2동,LL,다이나믹,90,44,93,48
20191,1126061000,중화2동,HL,상권축소,96,45,93,48
20191,1129055500,삼선동,LL,다이나믹,92,48,93,48
20191,1129052500,성북동,HH,정체,94,53,93,48
20191,1129064000,정릉3동,HH,정체,96,52,93,48
20191,1130562500,수유2동,LL,다이나믹,89,46,93,48
20191,1130564500,우이동,LL,다이나믹,92,48,93,48
20191,1132070000,방학2동,LL,다이나믹,91,43,93,48
20191,1135059500,공릉1동,LL,다이나믹,90,48,93,48
20191,1135060000,공릉2동,LL,다이나믹,82,47,93,48
20191,1135063000,상계1동,LL,다이나믹,80,45,93,48
20191,1135067000,상계5동,LL,다이나믹,90,44,93,48
20191,1135070000,상계8동,LL,다이나믹,89,48,93,48
20191,1135056000,월계1동,LL,다이나믹,88,48,93,48
20191,1135061100,하계1동,LH,상권확장,83,49,93,48
20191,1138062500,역촌동,LL,다이나믹,85,45,93,48
20191,1141058500,신촌동,HL,상권축소,94,48,93,48
20191,1141068500,홍은2동,LH,상권확장,93,50,93,48
20191,1144066000,서교동,LL,다이나믹,70,44,93,48
20191,1144059000,용강동,LH,상권확장,89,49,93,48
20191,1147051000,목1동,LL,다이나믹,79,46,93,48
20191,1147061100,신월7동,HL,상권축소,93,44,93,48
20191,1147063000,신정2동,LL,다이나믹,90,46,93,48
20191,1147064000,신정3동,LH,상권확장,92,49,93,48
20191,1147065000,신정4동,LL,다이나믹,90,45,93,48
20191,1150060500,가양3동,LH,상권확장,83,51,93,48
20191,1150051000,염창동,LH,상권확장,91,51,93,48
20191,1150061500,우장산동,LL,다이나믹,78,46,93,48
20191,1153054000,구로3동,LL,다이나믹,73,45,93,48
20191,1154551000,가산동,LL,다이나믹,70,46,93,48
20191,1156070000,대림1동,HL,상권축소,105,46,93,48
20191,1156067000,신길5동,HL,상권축소,94,47,93,48
20191,1159065100,사당5동,LL,다이나믹,86,48,93,48
20191,1162069500,신림동,LL,다이나믹,91,46,93,48
20191,1162062500,인헌동,LH,상권확장,90,49,93,48
20191,1162072500,조원동,HL,상권축소,97,43,93,48
20191,1165058000,반포3동,HH,정체,99,56,93,48
20191,1168061000,대치2동,LL,다이나믹,90,48,93,48
20191,1168059000,삼성2동,LL,다이나믹,83,45,93,48
20191,1168074000,일원2동,HH,정체,96,49,93,48
20191,1171063100,가락1동,HH,정체,154,80,93,48
20191,1171053200,거여2동,HH,정체,97,50,93,48
20191,1171056100,방이1동,LL,다이나믹,87,46,93,48
20191,1174053000,명일1동,HL,상권축소,96,46,93,48
20191,1174064000,성내1동,HL,상권축소,93,46,93,48
20191,1174062000,천호3동,HL,상권축소,93,45,93,48
20191,1174069000,둔촌1동,HH,정체,128,59,93,48
20191,1111060000,가회동,LH,상권확장,91,55,93,48
20191,1111058000,교남동,HH,정체,108,56,93,48
20191,1111064000,이화동,LH,상권확장,84,52,93,48
20191,1111065000,혜화동,HH,정체,94,50,93,48
20191,1114061500,신당동,LH,상권확장,80,59,93,48
20191,1114068000,중림동,HH,정체,98,52,93,48
20191,1114064500,청구동,LL,다이나믹,86,45,93,48
20191,1117065000,이태원1동,HH,정체,106,60,93,48
20191,1117051000,후암동,LH,상권확장,88,53,93,48
20191,1120067000,성수2가1동,LL,다이나믹,86,46,93,48
20191,1120069000,성수2가3동,LH,상권확장,79,50,93,48
20191,1120079000,용답동,HH,정체,116,52,93,48
20191,1120057000,행당2동,LL,다이나믹,77,48,93,48
20191,1121587000,구의3동,HH,정체,101,53,93,48
20191,1123060000,답십리1동,LH,상권확장,92,50,93,48
20191,1123071000,회기동,LL,다이나믹,86,46,93,48
20191,1126066000,망우3동,LL,다이나믹,89,42,93,48
20191,1129059000,돈암2동,LL,다이나믹,78,43,93,48
20191,1129071500,월곡1동,HL,상권축소,96,46,93,48
20191,1129062000,정릉1동,HH,정체,94,50,93,48
20191,1129065000,정릉4동,LH,상권확장,91,51,93,48
20191,1130561500,수유1동,HL,상권축소,96,47,93,48
20191,1132051400,창4동,LL,다이나믹,91,47,93,48
20191,1132051500,창5동,LL,다이나믹,86,46,93,48
20191,1135069500,상계6?7동,LL,다이나믹,91,45,93,48
20191,1135061200,하계2동,LH,상권확장,92,49,93,48
20191,1138055100,갈현1동,LL,다이나믹,86,47,93,48
20191,1138060000,응암3동,HH,정체,98,49,93,48
20191,1141061500,연희동,LL,다이나믹,89,48,93,48
20191,1144056500,공덕동,HH,정체,104,50,93,48
20191,1147068000,신정7동,LL,다이나믹,92,46,93,48
20191,1150056000,화곡3동,LL,다이나믹,80,46,93,48
20191,1153059500,가리봉동,HL,상권축소,98,44,93,48
20191,1153056000,구로5동,LL,다이나믹,80,46,93,48
20191,1154568000,시흥2동,LL,다이나믹,89,46,93,48
20191,1154570000,시흥4동,HL,상권축소,99,42,93,48
20191,1156055000,당산1동,HL,상권축소,98,48,93,48
20191,1156071000,대림2동,LL,다이나믹,81,42,93,48
20191,1159051000,노량진1동,HH,정체,105,57,93,48
20191,1162068500,신사동,LL,다이나믹,89,45,93,48
20191,1162060500,은천동,LL,다이나믹,91,46,93,48
20191,1162061500,중앙동,LL,다이나믹,92,46,93,48
20191,1162059500,청룡동,LL,다이나믹,91,46,93,48
20191,1162054500,청림동,LH,상권확장,84,49,93,48
20191,1165053000,서초3동,HH,정체,97,50,93,48
20191,1168058000,삼성1동,LH,상권확장,87,52,93,48
20191,1168073000,일원1동,HL,상권축소,99,47,93,48
20191,1171064100,문정1동,LL,다이나믹,90,46,93,48
20191,1171059000,송파2동,LL,다이나믹,88,44,93,48
20191,1171057000,오금동,HL,상권축소,93,48,93,48
20191,1171071000,잠실6동,LL,다이나믹,77,47,93,48
20191,1174052000,상일동,HL,상권축소,93,48,93,48
20191,1174058000,암사2동,HL,상권축소,93,46,93,48
20191,1174060000,천호1동,LL,다이나믹,83,45,93,48
20191,1111067000,창신1동,HH,정체,102,60,93,48
20191,1114059000,광희동,HH,정체,121,52,93,48
20191,1114052000,소공동,HH,정체,130,64,93,48
20191,1117064000,이촌2동,HH,정체,114,59,93,48
20191,1117062500,한강로동,HH,정체,109,54,93,48
20191,1120061500,금호2?3가동,HH,정체,96,53,93,48
20191,1120065000,성수1가1동,LH,상권확장,90,49,93,48
20191,1120053500,왕십리도선동,LH,상권확장,76,49,93,48
20191,1123056000,전농1동,LH,상권확장,90,50,93,48
20191,1126052000,면목2동,HL,상권축소,94,45,93,48
20191,1126058000,상봉1동,LL,다이나믹,77,45,93,48
20191,1129068500,길음2동,LL,다이나믹,92,47,93,48
20191,1129060000,안암동,LH,상권확장,88,49,93,48
20191,1130553500,미아동,LL,다이나믹,88,46,93,48
20191,1130560300,번2동,HL,상권축소,93,47,93,48
20191,1130560800,번3동,HL,상권축소,93,44,93,48
20191,1130563500,수유3동,LL,다이나믹,88,44,93,48
20191,1132069000,방학1동,LL,다이나믹,85,45,93,48
20191,1132071000,방학3동,LH,상권확장,86,50,93,48
20191,1132051200,창2동,LL,다이나믹,89,46,93,48
20191,1135064000,상계2동,LL,다이나믹,83,44,93,48
20191,1135062100,중계1동,LL,다이나믹,84,46,93,48
20191,1138052000,불광1동,HH,정체,93,51,93,48
20191,1138053000,불광2동,LH,상권확장,93,49,93,48
20191,1138065000,수색동,HH,정체,122,58,93,48
20191,1141066000,홍은1동,HH,정체,109,50,93,48
20191,1141064000,홍제3동,HH,정체,103,54,93,48
20191,1144065500,서강동,LL,다이나믹,72,43,93,48
20191,1144073000,성산2동,LH,상권확장,86,52,93,48
20191,1144063000,신수동,LH,상권확장,88,50,93,48
20191,1144055500,아현동,LH,상권확장,92,49,93,48
20191,1147056000,신월1동,HL,상권축소,95,43,93,48
20191,1153072000,고척1동,HH,정체,94,49,93,48
20191,1156072000,대림3동,LL,다이나믹,92,43,93,48
20191,1159053000,상도1동,LH,상권확장,91,51,93,48
20191,1162058500,낙성대동,LL,다이나믹,78,48,93,48
20191,1162052500,보라매동,LL,다이나믹,84,48,93,48
20191,1165062000,방배3동,HH,정체,110,49,93,48
20191,1165062100,방배4동,HH,정체,102,50,93,48
20191,1165059000,방배본동,HL,상권축소,100,47,93,48
20191,1168066000,개포1동,HH,정체,96,57,93,48
20191,1168069000,개포4동,HL,상권축소,100,47,93,48
20191,1168070000,세곡동,LL,다이나믹,57,44,93,48
20191,1168064000,역삼1동,LL,다이나믹,80,44,93,48
20191,1168065000,역삼2동,LL,다이나믹,83,44,93,48
20191,1171063200,가락2동,HL,상권축소,94,47,93,48
20191,1171060000,석촌동,LL,다이나믹,90,45,93,48
20191,1171072000,잠실7동,HH,정체,125,58,93,48
20191,1171065000,잠실본동,HL,상권축소,93,45,93,48
20191,1174051500,강일동,LL,다이나믹,62,42,93,48
20191,1174068500,길동,LL,다이나믹,89,45,93,48
20191,1114057000,필동,HH,정체,121,52,93,48
20191,1114067000,황학동,HH,정체,107,61,93,48
20191,1117052000,용산2가동,LL,다이나믹,70,44,93,48
20191,1117063000,이촌1동,HH,정체,119,58,93,48
20191,1117058000,효창동,HH,정체,96,57,93,48
20191,1120055000,사근동,LH,상권확장,78,49,93,48
20191,1120066000,성수1가2동,LH,상권확장,75,49,93,48
20191,1120072000,송정동,HL,상권축소,105,44,93,48
20191,1121578000,능동,LH,상권확장,87,50,93,48
20191,1121582000,자양1동,LL,다이나믹,92,45,93,48
20191,1121584000,자양3동,LL,다이나믹,81,48,93,48
20191,1121577000,중곡4동,HL,상권축소,94,48,93,48
20191,1123070500,청량리동,HH,정체,146,54,93,48
20191,1126057500,면목3?8동,LL,다이나믹,92,45,93,48
20191,1126055000,면목5동,LL,다이나믹,91,45,93,48
20191,1126057000,면목7동,HL,상권축소,100,45,93,48
20191,1129057500,동선동,LL,다이나믹,89,47,93,48
20191,1129081000,석관동,HH,정체,105,49,93,48
20191,1129076000,장위1동,HL,상권축소,101,47,93,48
20191,1129070500,종암동,HH,정체,94,49,93,48
20191,1130553400,삼양동,HL,상권축소,94,47,93,48
20191,1132052100,도봉1동,HL,상권축소,97,47,93,48
20191,1132051100,창1동,LL,다이나믹,88,47,93,48
20191,1135058000,월계3동,LL,다이나믹,90,47,93,48
20191,1138056000,구산동,LL,다이나믹,89,47,93,48
20191,1138051000,녹번동,LH,상권확장,86,49,93,48
20191,1141071000,북가좌1동,LL,다이나믹,79,43,93,48
20191,1141072000,북가좌2동,LL,다이나믹,88,46,93,48
20191,1147053000,목3동,LL,다이나믹,92,48,93,48
20191,1147061000,신월6동,HH,정체,105,51,93,48
20191,1147062000,신정1동,HL,상권축소,93,45,93,48
20191,1150053000,등촌2동,HL,상권축소,94,45,93,48
20191,1150064000,방화2동,LH,상권확장,82,51,93,48
20191,1150055000,화곡2동,LL,다이나믹,89,46,93,48
20191,1150057000,화곡4동,LL,다이나믹,90,46,93,48
20191,1153074000,개봉1동,HL,상권축소,94,48,93,48
20191,1153079000,수궁동,LH,상권확장,91,49,93,48
20191,1154561000,독산1동,LH,상권확장,85,49,93,48
20191,1154563000,독산3동,HL,상권축소,104,44,93,48
20191,1156058500,도림동,LL,다이나믹,93,47,93,48
20191,1156062000,양평2동,HH,정체,94,49,93,48
20191,1156053500,영등포동,HH,정체,111,54,93,48
20191,1159052000,노량진2동,HH,정체,117,53,93,48
20191,1159065000,사당4동,HL,상권축소,93,47,93,48
20191,1162073500,대학동,LL,다이나믹,87,44,93,48
20191,1162066500,서림동,HL,상권축소,93,47,93,48
20191,1165057000,반포2동,HH,정체,97,60,93,48
20191,1171062000,가락본동,LL,다이나믹,88,44,93,48
20191,1171054000,마천1동,HL,상권축소,97,44,93,48
20191,1171055000,마천2동,HH,정체,102,49,93,48
20191,1171064200,문정2동,LL,다이나믹,57,37,93,48
20191,1171056600,오륜동,HH,정체,120,60,93,48
20191,1174056000,고덕2동,LH,상권확장,92,50,93,48
20191,1174065000,성내2동,LL,다이나믹,88,43,93,48
20191,1174057000,암사1동,LL,다이나믹,88,44,93,48
20191,1174059000,암사3동,LH,상권확장,83,51,93,48
20191,1111055000,부암동,LH,상권확장,91,53,93,48
20191,1117053000,남영동,HH,정체,97,53,93,48
20191,1117068500,한남동,LH,상권확장,83,49,93,48
20191,1120062000,금호4가동,LH,상권확장,93,53,93,48
20191,1123073000,휘경2동,LL,다이나믹,82,46,93,48
20191,1126062000,묵1동,LL,다이나믹,84,48,93,48
20191,1126063000,묵2동,LL,다이나믹,89,47,93,48
20191,1126059000,상봉2동,LL,다이나믹,93,47,93,48
20191,1126069000,신내2동,LL,다이나믹,86,45,93,48
20191,1129058000,돈암1동,LH,상권확장,85,50,93,48
20191,1129061000,보문동,HL,상권축소,93,47,93,48
20191,1129063000,정릉2동,HH,정체,99,50,93,48
20191,1130559500,번1동,LL,다이나믹,87,43,93,48
20191,1130557500,삼각산동,LL,다이나믹,79,46,93,48
20191,1132052200,도봉2동,LL,다이나믹,87,44,93,48
20191,1132068000,쌍문3동,LL,다이나믹,91,46,93,48
20191,1132051300,창3동,HL,상권축소,94,47,93,48
20191,1135062400,중계4동,LL,다이나믹,86,44,93,48
20191,1138055200,갈현2동,LL,다이나믹,82,47,93,48
20191,1138064000,증산동,HH,정체,103,49,93,48
20191,1141055500,북아현동,HH,정체,109,55,93,48
20191,1144070000,망원2동,LL,다이나믹,84,44,93,48
20191,1144074000,상암동,LL,다이나믹,58,41,93,48
20191,1150052000,등촌1동,LH,상권확장,79,49,93,48
20191,1150059300,화곡8동,LL,다이나믹,82,46,93,48
20191,1150059000,화곡본동,HL,상권축소,94,47,93,48
20191,1153055000,구로4동,LL,다이나믹,93,44,93,48
20191,1153080000,항동,LH,상권확장,64,57,93,48
20191,1156063000,신길1동,HL,상권축소,112,48,93,48
20191,1156061000,양평1동,LH,상권확장,85,49,93,48
20191,1156051500,영등포본동,LH,상권확장,77,51,93,48
20191,1159056000,상도4동,LL,다이나믹,88,48,93,48
20191,1159060500,흑석동,HH,정체,95,53,93,48
20191,1162063000,남현동,LL,다이나믹,91,48,93,48
20191,1162064500,서원동,LH,상권확장,92,52,93,48
20191,1162056500,성현동,LL,다이나믹,84,44,93,48
20191,1162065500,신원동,LL,다이나믹,91,46,93,48
20191,1162057500,행운동,HH,정체,100,49,93,48
20191,1165056000,반포1동,LL,다이나믹,85,42,93,48
20191,1165060000,방배1동,LH,상권확장,91,49,93,48
20191,1165065100,양재1동,LH,상권확장,92,49,93,48
20191,1168067000,개포2동,HH,정체,94,49,93,48
20191,1168053100,논현2동,LL,다이나믹,84,46,93,48
20191,1168063000,대치4동,LL,다이나믹,76,44,93,48
20191,1168051000,신사동,LL,다이나믹,83,46,93,48
20191,1168054500,압구정동,LL,다이나믹,91,45,93,48
20191,1168072000,일원본동,LL,다이나믹,91,46,93,48
20191,1171061000,삼전동,LL,다이나믹,87,43,93,48
20191,1171069000,잠실4동,LL,다이나믹,84,43,93,48
20191,1171064600,장지동,LL,다이나믹,80,44,93,48
20191,1174070000,둔촌2동,LL,다이나믹,92,45,93,48
20191,1111057000,무악동,HH,정체,98,61,93,48
20191,1111068000,창신2동,HH,정체,109,54,93,48
20191,1114065000,신당5동,LH,상권확장,86,49,93,48
20191,1114054000,회현동,HH,정체,131,63,93,48
20191,1117059000,용문동,HH,정체,97,49,93,48
20191,1117057000,원효로2동,HH,정체,110,50,93,48
20191,1120056000,행당1동,LH,상권확장,85,49,93,48
20191,1121586000,구의2동,LH,상권확장,90,50,93,48
20191,1121584700,자양4동,LL,다이나믹,89,47,93,48
20191,1121576000,중곡3동,LL,다이나믹,88,45,93,48
20191,1121571000,화양동,LL,다이나믹,82,47,93,48
20191,1123074000,이문1동,HH,정체,99,50,93,48
20191,1126065500,망우본동,HL,상권축소,96,46,93,48
20191,1130554500,송중동,LL,다이나믹,83,45,93,48
20191,1130555500,송천동,HL,상권축소,95,47,93,48
20191,1135072000,상계10동,LL,다이나믹,82,45,93,48
20191,1135071000,상계9동,HL,상권축소,96,47,93,48
20191,1135057000,월계2동,LH,상권확장,86,49,93,48
20191,1135062500,중계2?3동,LH,상권확장,82,50,93,48
20191,1138063100,신사1동,LL,다이나믹,93,46,93,48
20191,1141052000,천연동,HH,정체,104,51,93,48
20191,1144072000,성산1동,LL,다이나믹,82,47,93,48
20191,1147059000,신월4동,HL,상권축소,93,46,93,48
20191,1147060000,신월5동,HL,상권축소,93,47,93,48
20191,1147067000,신정6동,LL,다이나믹,80,42,93,48
20191,1150053500,등촌3동,LL,다이나믹,76,47,93,48
20191,1150061100,발산1동,LH,상권확장,79,49,93,48
20191,1150063000,방화1동,LL,다이나믹,82,45,93,48
20191,1150064100,방화3동,HL,상권축소,96,48,93,48
20191,1150059100,화곡6동,LL,다이나믹,82,43,93,48
20191,1153077000,오류1동,LH,상권확장,92,50,93,48
20191,1154571000,시흥5동,HL,상권축소,98,47,93,48
20191,1156056000,당산2동,LH,상권확장,87,49,93,48
20191,1156068000,신길6동,HL,상권축소,99,47,93,48
20191,1159068000,신대방2동,HL,상권축소,99,48,93,48
20191,1162077500,난곡동,HH,정체,98,50,93,48
20191,1162071500,난향동,LL,다이나믹,81,43,93,48
20191,1165066000,내곡동,HH,정체,99,60,93,48
20191,1165058100,반포4동,HH,정체,123,58,93,48
20191,1165051000,서초1동,HH,정체,102,51,93,48
20191,1165052000,서초2동,LL,다이나믹,86,45,93,48
20191,1165053100,서초4동,HL,상권축소,99,48,93,48
20191,1168052100,논현1동,LL,다이나믹,83,45,93,48
20191,1168065600,도곡2동,HL,상권축소,97,48,93,48
20191,1171053100,거여1동,LL,다이나믹,86,45,93,48
20191,1171068000,잠실3동,HH,정체,99,61,93,48
20191,1171051000,풍납1동,HL,상권축소,110,48,93,48
20191,1111071000,숭인2동,HL,상권축소,103,43,93,48
20191,1111069000,창신3동,LL,다이나믹,88,48,93,48
20191,1114062500,다산동,LH,상권확장,89,52,93,48
20191,1114066500,동화동,LH,상권확장,85,50,93,48
20191,1114058000,장충동,HH,정체,117,55,93,48
20191,1120059000,금호1가동,LH,상권확장,88,50,93,48
20191,1120052000,왕십리2동,LH,상권확장,88,49,93,48
20191,1123053600,용신동,HH,정체,100,49,93,48
20191,1123075000,이문2동,HL,상권축소,100,47,93,48
20191,1123057000,전농2동,HL,상권축소,102,47,93,48
20191,1123072000,휘경1동,LH,상권확장,87,49,93,48
20191,1126056500,면목본동,LL,다이나믹,92,44,93,48
20191,1126060000,중화1동,HL,상권축소,94,47,93,48
20191,1129066000,길음1동,HH,정체,101,50,93,48
20191,1129078000,장위3동,HH,정체,102,55,93,48
20191,1135066500,상계3?4동,HL,상권축소,101,48,93,48
20191,1135061900,중계본동,LL,다이나믹,82,44,93,48
20191,1138057000,대조동,LL,다이나믹,90,48,93,48
20191,1138063200,신사2동,LL,다이나믹,86,45,93,48
20191,1141056500,충현동,HH,정체,107,53,93,48
20191,1144060000,대흥동,HH,정체,96,49,93,48
20191,1144069000,망원1동,LL,다이나믹,76,46,93,48
20191,1144071000,연남동,LL,다이나믹,52,43,93,48
20191,1144068000,합정동,LL,다이나믹,70,46,93,48
20191,1147058000,신월3동,HL,상권축소,102,47,93,48
20191,1150062000,공항동,LL,다이나믹,87,46,93,48
20191,1150054000,화곡1동,LL,다이나믹,89,45,93,48
20191,1153075000,개봉2동,HH,정체,95,51,93,48
20191,1153076000,개봉3동,HL,상권축소,108,47,93,48
20191,1153052000,구로1동,HL,상권축소,108,47,93,48
20191,1153053000,구로2동,HH,정체,112,51,93,48
20191,1154564000,독산4동,HL,상권축소,97,47,93,48
20191,1154569000,시흥3동,HH,정체,121,54,93,48
20191,1156060500,문래동,LH,상권확장,87,49,93,48
20191,1156065000,신길3동,HH,정체,113,52,93,48
20191,1156066000,신길4동,HL,상권축소,101,47,93,48
20191,1156069000,신길7동,LL,다이나믹,89,48,93,48
20191,1159063000,사당2동,HL,상권축소,95,48,93,48
20191,1159064000,사당3동,HL,상권축소,93,47,93,48
20191,1159067000,신대방1동,HL,상권축소,102,47,93,48
20191,1162076500,미성동,HH,정체,100,49,93,48
20191,1162074500,삼성동,HL,상권축소,104,48,93,48
20191,1165054000,잠원동,LL,다이나믹,92,47,93,48
20191,1168060000,대치1동,LH,상권확장,92,49,93,48
20191,1168065500,도곡1동,HL,상권축소,95,48,93,48
20191,1168075000,수서동,HH,정체,94,51,93,48
20191,1171058000,송파1동,LL,다이나믹,91,46,93,48
20191,1171064700,위례동,LL,다이나믹,36,27,93,48
20191,1171067000,잠실2동,LL,다이나믹,71,40,93,48
20191,1174054000,명일2동,HH,정체,97,50,93,48
20191,1174061000,천호2동,LL,다이나믹,87,48,93,48
20191,1111053000,사직동,HH,정체,108,55,93,48
20191,1111061500,종로1?2?3?4가동,HH,정체,126,62,93,48
20191,1111051500,청운효자동,LH,상권확장,86,52,93,48
20191,1111056000,평창동,HH,정체,98,56,93,48
20191,1114055000,명동,HH,정체,128,55,93,48
20191,1114060500,을지로동,HH,정체,150,62,93,48
20191,1117056000,원효로1동,HH,정체,104,52,93,48
20191,1117055500,청파동,HL,상권축소,99,48,93,48
20191,1121585000,구의1동,HL,상권축소,97,46,93,48
20191,1121574000,중곡1동,LL,다이나믹,93,47,93,48
20191,1123061000,답십리2동,HH,정체,112,52,93,48
20191,1123065000,장안1동,HL,상권축소,95,46,93,48
20191,1123054500,제기동,HH,정체,116,54,93,48
20191,1126054000,면목4동,LL,다이나믹,91,43,93,48
20191,1126068000,신내1동,LL,다이나믹,83,47,93,48
20191,1129072500,월곡2동,LH,상권확장,89,49,93,48
20191,1129077000,장위2동,HH,정체,116,50,93,48
20191,1130566000,인수동,LL,다이나믹,84,43,93,48
20191,1132066000,쌍문1동,LL,다이나믹,91,46,93,48
20191,1132067000,쌍문2동,LL,다이나믹,89,46,93,48
20191,1132068100,쌍문4동,LL,다이나믹,83,47,93,48
20191,1138058000,응암1동,HH,정체,98,49,93,48
20191,1138059000,응암2동,LL,다이나믹,83,46,93,48
20191,1138069000,진관동,LL,다이나믹,55,46,93,48
20191,1141069000,남가좌1동,HH,정체,105,58,93,48
20191,1141070000,남가좌2동,LL,다이나믹,91,47,93,48
20191,1141062000,홍제1동,HH,정체,102,50,93,48
20191,1141065500,홍제2동,HH,정체,100,54,93,48
20191,1144058500,도화동,LH,상권확장,91,50,93,48
20191,1144061000,염리동,LL,다이나믹,87,47,93,48
20191,1147052000,목2동,LH,상권확장,89,49,93,48
20191,1147054000,목4동,LL,다이나믹,90,43,93,48
20191,1147055000,목5동,LL,다이나믹,85,47,93,48
20191,1147057000,신월2동,HL,상권축소,96,47,93,48
20191,1150060300,가양1동,LL,다이나믹,43,45,93,48
20191,1150060400,가양2동,LL,다이나믹,88,48,93,48
20191,1153073000,고척2동,HL,상권축소,95,47,93,48
20191,1153051000,신도림동,LL,다이나믹,80,46,93,48
20191,1153078000,오류2동,LL,다이나믹,76,46,93,48
20191,1154562000,독산2동,LL,다이나믹,93,45,93,48
20191,1154567000,시흥1동,HH,정체,96,49,93,48
20191,1156054000,여의동,HH,정체,107,49,93,48
20191,1159066000,대방동,HH,정체,94,49,93,48
20191,1159062000,사당1동,LL,다이나믹,88,46,93,48
20191,1159054000,상도2동,HH,정체,99,50,93,48
20191,1159055000,상도3동,HL,상권축소,93,45,93,48
20191,1165055000,반포본동,HH,정체,118,51,93,48
20191,1165061000,방배2동,LH,상권확장,86,51,93,48
20191,1165065200,양재2동,HL,상권축소,108,47,93,48
20191,1168056500,청담동,LL,다이나믹,86,48,93,48
20191,1171056200,방이2동,LL,다이나믹,87,46,93,48
20191,1171052000,풍납2동,HH,정체,102,49,93,48
20191,1174055000,고덕1동,LL,다이나믹,72,44,93,48
20191,1174066000,성내3동,HL,상권축소,95,44,93,48
20192,1111054000,삼청동,LH,상권확장,83,52,93,49
20192,1111070000,숭인1동,HH,정체,98,55,93,49
20192,1111063000,종로5?6가동,HH,정체,119,62,93,49
20192,1114063500,약수동,LH,상권확장,90,52,93,49
20192,1117070000,보광동,HL,상권축소,95,48,93,49
20192,1117069000,서빙고동,HH,정체,100,56,93,49
20192,1117066000,이태원2동,LL,다이나믹,71,44,93,49
20192,1120054000,마장동,HH,정체,106,56,93,49
20192,1120064500,옥수동,LL,다이나믹,79,46,93,49
20192,1120058000,응봉동,LL,다이나믹,92,48,93,49
20192,1121581000,광장동,LH,상권확장,83,50,93,49
20192,1121573000,군자동,HL,상권축소,93,47,93,49
20192,1121583000,자양2동,LL,다이나믹,91,48,93,49
20192,1121575000,중곡2동,LL,다이나믹,90,45,93,49
20192,1123066000,장안2동,LL,다이나믹,90,45,93,49
20192,1126061000,중화2동,HL,상권축소,95,45,93,49
20192,1129055500,삼선동,LL,다이나믹,93,48,93,49
20192,1129052500,성북동,LH,상권확장,93,53,93,49
20192,1129064000,정릉3동,HH,정체,96,52,93,49
20192,1130562500,수유2동,LL,다이나믹,89,46,93,49
20192,1130564500,우이동,LH,상권확장,91,49,93,49
20192,1132070000,방학2동,LL,다이나믹,90,44,93,49
20192,1135059500,공릉1동,LL,다이나믹,90,48,93,49
20192,1135060000,공릉2동,LL,다이나믹,82,47,93,49
20192,1135063000,상계1동,LL,다이나믹,80,45,93,49
20192,1135067000,상계5동,LL,다이나믹,89,45,93,49
20192,1135070000,상계8동,LL,다이나믹,89,48,93,49
20192,1135056000,월계1동,LL,다이나믹,90,48,93,49
20192,1135061100,하계1동,LH,상권확장,84,50,93,49
20192,1138062500,역촌동,LL,다이나믹,85,45,93,49
20192,1141058500,신촌동,HL,상권축소,93,48,93,49
20192,1141068500,홍은2동,LH,상권확장,91,51,93,49
20192,1144066000,서교동,LL,다이나믹,70,44,93,49
20192,1144059000,용강동,LL,다이나믹,90,49,93,49
20192,1147051000,목1동,LL,다이나믹,78,47,93,49
20192,1147061100,신월7동,HL,상권축소,93,44,93,49
20192,1147063000,신정2동,LL,다이나믹,90,47,93,49
20192,1147064000,신정3동,LH,상권확장,92,49,93,49
20192,1147065000,신정4동,LL,다이나믹,91,45,93,49
20192,1150060500,가양3동,LH,상권확장,84,52,93,49
20192,1150051000,염창동,LH,상권확장,91,51,93,49
20192,1150061500,우장산동,LL,다이나믹,78,46,93,49
20192,1153054000,구로3동,LL,다이나믹,73,45,93,49
20192,1154551000,가산동,LL,다이나믹,70,46,93,49
20192,1156070000,대림1동,HL,상권축소,104,46,93,49
20192,1156067000,신길5동,HL,상권축소,95,47,93,49
20192,1159065100,사당5동,LL,다이나믹,87,49,93,49
20192,1162069500,신림동,LL,다이나믹,89,47,93,49
20192,1162062500,인헌동,LH,상권확장,89,49,93,49
20192,1162072500,조원동,HL,상권축소,97,44,93,49
20192,1165058000,반포3동,HH,정체,101,55,93,49
20192,1168061000,대치2동,LL,다이나믹,91,49,93,49
20192,1168059000,삼성2동,LL,다이나믹,84,45,93,49
20192,1168074000,일원2동,HH,정체,97,49,93,49
20192,1171063100,가락1동,HH,정체,151,82,93,49
20192,1171053200,거여2동,HH,정체,97,50,93,49
20192,1171056100,방이1동,LL,다이나믹,86,46,93,49
20192,1174053000,명일1동,HL,상권축소,95,47,93,49
20192,1174064000,성내1동,HL,상권축소,94,46,93,49
20192,1174062000,천호3동,HL,상권축소,95,45,93,49
20192,1174069000,둔촌1동,HH,정체,131,59,93,49
20192,1111060000,가회동,LH,상권확장,92,55,93,49
20192,1111058000,교남동,HH,정체,110,56,93,49
20192,1111064000,이화동,LH,상권확장,84,52,93,49
20192,1111065000,혜화동,HH,정체,94,50,93,49
20192,1114061500,신당동,LH,상권확장,81,59,93,49
20192,1114068000,중림동,HH,정체,100,52,93,49
20192,1114064500,청구동,LL,다이나믹,86,46,93,49
20192,1117065000,이태원1동,HH,정체,107,60,93,49
20192,1117051000,후암동,LH,상권확장,87,53,93,49
20192,1120067000,성수2가1동,LL,다이나믹,86,46,93,49
20192,1120069000,성수2가3동,LH,상권확장,78,51,93,49
20192,1120079000,용답동,HH,정체,116,52,93,49
20192,1120057000,행당2동,LL,다이나믹,78,48,93,49
20192,1121587000,구의3동,HH,정체,102,54,93,49
20192,1123060000,답십리1동,LH,상권확장,93,50,93,49
20192,1123071000,회기동,LL,다이나믹,85,46,93,49
20192,1126066000,망우3동,LL,다이나믹,88,43,93,49
20192,1129059000,돈암2동,LL,다이나믹,79,43,93,49
20192,1129071500,월곡1동,HL,상권축소,95,46,93,49
20192,1129062000,정릉1동,LH,상권확장,93,51,93,49
20192,1129065000,정릉4동,LH,상권확장,89,52,93,49
20192,1130561500,수유1동,HL,상권축소,97,47,93,49
20192,1132051400,창4동,LL,다이나믹,91,47,93,49
20192,1132051500,창5동,LL,다이나믹,87,46,93,49
20192,1135069500,상계6?7동,LL,다이나믹,92,45,93,49
20192,1135061200,하계2동,LH,상권확장,91,50,93,49
20192,1138055100,갈현1동,LL,다이나믹,86,47,93,49
20192,1138060000,응암3동,HH,정체,99,49,93,49
20192,1141061500,연희동,LL,다이나믹,89,48,93,49
20192,1144056500,공덕동,HH,정체,104,50,93,49
20192,1147068000,신정7동,LL,다이나믹,91,47,93,49
20192,1150056000,화곡3동,LL,다이나믹,81,46,93,49
20192,1153059500,가리봉동,HL,상권축소,98,44,93,49
20192,1153056000,구로5동,LL,다이나믹,81,46,93,49
20192,1154568000,시흥2동,LL,다이나믹,86,47,93,49
20192,1154570000,시흥4동,HL,상권축소,97,42,93,49
20192,1156055000,당산1동,HL,상권축소,98,48,93,49
20192,1156071000,대림2동,LL,다이나믹,82,42,93,49
20192,1159051000,노량진1동,HH,정체,106,57,93,49
20192,1162068500,신사동,LL,다이나믹,90,45,93,49
20192,1162060500,은천동,LL,다이나믹,90,46,93,49
20192,1162061500,중앙동,LL,다이나믹,89,47,93,49
20192,1162059500,청룡동,LL,다이나믹,90,46,93,49
20192,1162054500,청림동,LH,상권확장,79,49,93,49
20192,1165053000,서초3동,HH,정체,97,50,93,49
20192,1168058000,삼성1동,LH,상권확장,87,52,93,49
20192,1168073000,일원1동,HL,상권축소,99,47,93,49
20192,1171064100,문정1동,LL,다이나믹,91,46,93,49
20192,1171059000,송파2동,LL,다이나믹,87,45,93,49
20192,1171057000,오금동,HL,상권축소,93,48,93,49
20192,1171071000,잠실6동,LL,다이나믹,78,48,93,49
20192,1174052000,상일동,LL,다이나믹,92,48,93,49
20192,1174058000,암사2동,LL,다이나믹,92,47,93,49
20192,1174060000,천호1동,LL,다이나믹,83,46,93,49
20192,1111067000,창신1동,HH,정체,103,60,93,49
20192,1114059000,광희동,HH,정체,122,53,93,49
20192,1114052000,소공동,HH,정체,131,64,93,49
20192,1117064000,이촌2동,HH,정체,113,61,93,49
20192,1117062500,한강로동,HH,정체,110,54,93,49
20192,1120061500,금호2?3가동,HH,정체,96,53,93,49
20192,1120065000,성수1가1동,LH,상권확장,88,49,93,49
20192,1120053500,왕십리도선동,LH,상권확장,76,49,93,49
20192,1123056000,전농1동,LH,상권확장,90,50,93,49
20192,1126052000,면목2동,HL,상권축소,94,45,93,49
20192,1126058000,상봉1동,LL,다이나믹,77,45,93,49
20192,1129068500,길음2동,LL,다이나믹,93,48,93,49
20192,1129060000,안암동,LH,상권확장,88,50,93,49
20192,1130553500,미아동,LL,다이나믹,88,46,93,49
20192,1130560300,번2동,LL,다이나믹,93,48,93,49
20192,1130560800,번3동,LL,다이나믹,91,45,93,49
20192,1130563500,수유3동,LL,다이나믹,88,44,93,49
20192,1132069000,방학1동,LL,다이나믹,85,45,93,49
20192,1132071000,방학3동,LH,상권확장,86,49,93,49
20192,1132051200,창2동,LL,다이나믹,89,46,93,49
20192,1135064000,상계2동,LL,다이나믹,82,44,93,49
20192,1135062100,중계1동,LL,다이나믹,84,46,93,49
20192,1138052000,불광1동,LH,상권확장,92,51,93,49
20192,1138053000,불광2동,HH,정체,93,49,93,49
20192,1138065000,수색동,HH,정체,124,58,93,49
20192,1141066000,홍은1동,HH,정체,107,50,93,49
20192,1141064000,홍제3동,HH,정체,103,54,93,49
20192,1144065500,서강동,LL,다이나믹,72,43,93,49
20192,1144073000,성산2동,LH,상권확장,87,52,93,49
20192,1144063000,신수동,LH,상권확장,88,50,93,49
20192,1144055500,아현동,LH,상권확장,91,50,93,49
20192,1147056000,신월1동,HL,상권축소,95,44,93,49
20192,1153072000,고척1동,HH,정체,95,49,93,49
20192,1156072000,대림3동,HL,상권축소,93,43,93,49
20192,1159053000,상도1동,LH,상권확장,91,51,93,49
20192,1162058500,낙성대동,LL,다이나믹,79,48,93,49
20192,1162052500,보라매동,LL,다이나믹,85,48,93,49
20192,1165062000,방배3동,HH,정체,112,49,93,49
20192,1165062100,방배4동,HH,정체,103,50,93,49
20192,1165059000,방배본동,HL,상권축소,100,48,93,49
20192,1168066000,개포1동,HH,정체,95,59,93,49
20192,1168069000,개포4동,HL,상권축소,102,47,93,49
20192,1168070000,세곡동,LL,다이나믹,56,43,93,49
20192,1168064000,역삼1동,LL,다이나믹,80,44,93,49
20192,1168065000,역삼2동,LL,다이나믹,83,44,93,49
20192,1171063200,가락2동,HL,상권축소,94,47,93,49
20192,1171060000,석촌동,LL,다이나믹,88,45,93,49
20192,1171072000,잠실7동,HH,정체,124,60,93,49
20192,1171065000,잠실본동,HL,상권축소,93,46,93,49
20192,1174051500,강일동,LL,다이나믹,63,42,93,49
20192,1174068500,길동,LL,다이나믹,89,45,93,49
20192,1114057000,필동,HH,정체,121,53,93,49
20192,1114067000,황학동,HH,정체,106,62,93,49
20192,1117052000,용산2가동,LL,다이나믹,70,44,93,49
20192,1117063000,이촌1동,HH,정체,120,58,93,49
20192,1117058000,효창동,HH,정체,95,58,93,49
20192,1120055000,사근동,LH,상권확장,78,49,93,49
20192,1120066000,성수1가2동,LH,상권확장,75,49,93,49
20192,1120072000,송정동,HL,상권축소,103,46,93,49
20192,1121578000,능동,LH,상권확장,88,50,93,49
20192,1121582000,자양1동,LL,다이나믹,92,46,93,49
20192,1121584000,자양3동,LL,다이나믹,80,48,93,49
20192,1121577000,중곡4동,HL,상권축소,94,49,93,49
20192,1123070500,청량리동,HH,정체,147,54,93,49
20192,1126057500,면목3?8동,LL,다이나믹,92,45,93,49
20192,1126055000,면목5동,LL,다이나믹,91,45,93,49
20192,1126057000,면목7동,HL,상권축소,100,45,93,49
20192,1129057500,동선동,LL,다이나믹,89,47,93,49
20192,1129081000,석관동,HH,정체,105,49,93,49
20192,1129076000,장위1동,HL,상권축소,100,48,93,49
20192,1129070500,종암동,HH,정체,94,50,93,49
20192,1130553400,삼양동,HL,상권축소,94,47,93,49
20192,1132052100,도봉1동,HL,상권축소,97,47,93,49
20192,1132051100,창1동,LL,다이나믹,87,48,93,49
20192,1135058000,월계3동,LL,다이나믹,89,47,93,49
20192,1138056000,구산동,LL,다이나믹,87,48,93,49
20192,1138051000,녹번동,LH,상권확장,86,49,93,49
20192,1141071000,북가좌1동,LL,다이나믹,80,44,93,49
20192,1141072000,북가좌2동,LL,다이나믹,88,46,93,49
20192,1147053000,목3동,LL,다이나믹,93,49,93,49
20192,1147061000,신월6동,HH,정체,104,52,93,49
20192,1147062000,신정1동,HL,상권축소,93,46,93,49
20192,1150053000,등촌2동,HL,상권축소,94,46,93,49
20192,1150064000,방화2동,LH,상권확장,83,51,93,49
20192,1150055000,화곡2동,LL,다이나믹,89,46,93,49
20192,1150057000,화곡4동,LL,다이나믹,89,46,93,49
20192,1153074000,개봉1동,HL,상권축소,95,49,93,49
20192,1153079000,수궁동,LH,상권확장,92,49,93,49
20192,1154561000,독산1동,LH,상권확장,85,49,93,49
20192,1154563000,독산3동,HL,상권축소,103,44,93,49
20192,1156058500,도림동,LL,다이나믹,92,48,93,49
20192,1156062000,양평2동,HH,정체,94,49,93,49
20192,1156053500,영등포동,HH,정체,112,54,93,49
20192,1159052000,노량진2동,HH,정체,117,53,93,49
20192,1159065000,사당4동,LL,다이나믹,92,48,93,49
20192,1162073500,대학동,LL,다이나믹,87,44,93,49
20192,1162066500,서림동,LL,다이나믹,91,48,93,49
20192,1165057000,반포2동,HH,정체,97,60,93,49
20192,1171062000,가락본동,LL,다이나믹,89,44,93,49
20192,1171054000,마천1동,HL,상권축소,97,44,93,49
20192,1171055000,마천2동,HH,정체,103,49,93,49
20192,1171064200,문정2동,LL,다이나믹,58,37,93,49
20192,1171056600,오륜동,HH,정체,122,60,93,49
20192,1174056000,고덕2동,LH,상권확장,88,50,93,49
20192,1174065000,성내2동,LL,다이나믹,89,43,93,49
20192,1174057000,암사1동,LL,다이나믹,88,44,93,49
20192,1174059000,암사3동,LH,상권확장,83,52,93,49
20192,1111055000,부암동,LH,상권확장,91,53,93,49
20192,1117053000,남영동,HH,정체,95,53,93,49
20192,1117068500,한남동,LH,상권확장,83,50,93,49
20192,1120062000,금호4가동,LH,상권확장,92,53,93,49
20192,1123073000,휘경2동,LL,다이나믹,82,46,93,49
20192,1126062000,묵1동,LL,다이나믹,83,48,93,49
20192,1126063000,묵2동,LL,다이나믹,89,47,93,49
20192,1126059000,상봉2동,LL,다이나믹,92,48,93,49
20192,1126069000,신내2동,LL,다이나믹,87,46,93,49
20192,1129058000,돈암1동,LH,상권확장,83,51,93,49
20192,1129061000,보문동,HL,상권축소,93,47,93,49
20192,1129063000,정릉2동,HH,정체,100,50,93,49
20192,1130559500,번1동,LL,다이나믹,86,43,93,49
20192,1130557500,삼각산동,LL,다이나믹,80,46,93,49
20192,1132052200,도봉2동,LL,다이나믹,88,44,93,49
20192,1132068000,쌍문3동,LL,다이나믹,90,47,93,49
20192,1132051300,창3동,LL,다이나믹,92,48,93,49
20192,1135062400,중계4동,LL,다이나믹,87,44,93,49
20192,1138055200,갈현2동,LL,다이나믹,82,47,93,49
20192,1138064000,증산동,HH,정체,103,49,93,49
20192,1141055500,북아현동,HH,정체,111,55,93,49
20192,1144070000,망원2동,LL,다이나믹,85,44,93,49
20192,1144074000,상암동,LL,다이나믹,58,41,93,49
20192,1150052000,등촌1동,LH,상권확장,79,50,93,49
20192,1150059300,화곡8동,LL,다이나믹,82,46,93,49
20192,1150059000,화곡본동,HL,상권축소,94,48,93,49
20192,1153055000,구로4동,HL,상권축소,94,44,93,49
20192,1153080000,항동,LH,상권확장,64,58,93,49
20192,1156063000,신길1동,HL,상권축소,110,49,93,49
20192,1156061000,양평1동,LH,상권확장,85,49,93,49
20192,1156051500,영등포본동,LH,상권확장,79,51,93,49
20192,1159056000,상도4동,LL,다이나믹,90,48,93,49
20192,1159060500,흑석동,HH,정체,95,53,93,49
20192,1162063000,남현동,LL,다이나믹,92,48,93,49
20192,1162064500,서원동,LH,상권확장,93,52,93,49
20192,1162056500,성현동,LL,다이나믹,85,44,93,49
20192,1162065500,신원동,LL,다이나믹,92,46,93,49
20192,1162057500,행운동,HH,정체,99,49,93,49
20192,1165056000,반포1동,LL,다이나믹,84,42,93,49
20192,1165060000,방배1동,LH,상권확장,91,49,93,49
20192,1165065100,양재1동,LH,상권확장,92,49,93,49
20192,1168067000,개포2동,HH,정체,94,49,93,49
20192,1168053100,논현2동,LL,다이나믹,84,46,93,49
20192,1168063000,대치4동,LL,다이나믹,76,45,93,49
20192,1168051000,신사동,LL,다이나믹,83,46,93,49
20192,1168054500,압구정동,LL,다이나믹,91,46,93,49
20192,1168072000,일원본동,LL,다이나믹,90,46,93,49
20192,1171061000,삼전동,LL,다이나믹,87,44,93,49
20192,1171069000,잠실4동,LL,다이나믹,82,47,93,49
20192,1171064600,장지동,LL,다이나믹,79,44,93,49
20192,1174070000,둔촌2동,LL,다이나믹,92,46,93,49
20192,1111057000,무악동,HH,정체,98,61,93,49
20192,1111068000,창신2동,HH,정체,109,54,93,49
20192,1114065000,신당5동,LH,상권확장,85,49,93,49
20192,1114054000,회현동,HH,정체,133,63,93,49
20192,1117059000,용문동,HL,상권축소,98,49,93,49
20192,1117057000,원효로2동,HH,정체,111,50,93,49
20192,1120056000,행당1동,LH,상권확장,85,49,93,49
20192,1121586000,구의2동,LH,상권확장,91,50,93,49
20192,1121584700,자양4동,LL,다이나믹,89,47,93,49
20192,1121576000,중곡3동,LL,다이나믹,87,46,93,49
20192,1121571000,화양동,LL,다이나믹,82,47,93,49
20192,1123074000,이문1동,HH,정체,100,50,93,49
20192,1126065500,망우본동,HL,상권축소,96,46,93,49
20192,1130554500,송중동,LL,다이나믹,83,46,93,49
20192,1130555500,송천동,HL,상권축소,95,47,93,49
20192,1135072000,상계10동,LL,다이나믹,83,45,93,49
20192,1135071000,상계9동,HL,상권축소,97,48,93,49
20192,1135057000,월계2동,LH,상권확장,85,49,93,49
20192,1135062500,중계2?3동,LH,상권확장,83,50,93,49
20192,1138063100,신사1동,LL,다이나믹,92,46,93,49
20192,1141052000,천연동,HH,정체,105,51,93,49
20192,1144072000,성산1동,LL,다이나믹,83,47,93,49
20192,1147059000,신월4동,HL,상권축소,94,46,93,49
20192,1147060000,신월5동,LL,다이나믹,90,48,93,49
20192,1147067000,신정6동,LL,다이나믹,81,43,93,49
20192,1150053500,등촌3동,LL,다이나믹,76,47,93,49
20192,1150061100,발산1동,LH,상권확장,78,49,93,49
20192,1150063000,방화1동,LL,다이나믹,82,45,93,49
20192,1150064100,방화3동,HL,상권축소,97,48,93,49
20192,1150059100,화곡6동,LL,다이나믹,83,43,93,49
20192,1153077000,오류1동,LH,상권확장,92,50,93,49
20192,1154571000,시흥5동,HL,상권축소,97,48,93,49
20192,1156056000,당산2동,LH,상권확장,87,49,93,49
20192,1156068000,신길6동,HL,상권축소,98,47,93,49
20192,1159068000,신대방2동,HL,상권축소,100,49,93,49
20192,1162077500,난곡동,HH,정체,97,50,93,49
20192,1162071500,난향동,LL,다이나믹,81,44,93,49
20192,1165066000,내곡동,HH,정체,99,60,93,49
20192,1165058100,반포4동,HH,정체,126,59,93,49
20192,1165051000,서초1동,HH,정체,102,51,93,49
20192,1165052000,서초2동,LL,다이나믹,86,45,93,49
20192,1165053100,서초4동,HL,상권축소,99,49,93,49
20192,1168052100,논현1동,LL,다이나믹,84,45,93,49
20192,1168065600,도곡2동,HL,상권축소,97,49,93,49
20192,1171053100,거여1동,LL,다이나믹,87,45,93,49
20192,1171068000,잠실3동,HH,정체,98,61,93,49
20192,1171051000,풍납1동,HL,상권축소,110,48,93,49
20192,1111071000,숭인2동,HL,상권축소,103,44,93,49
20192,1111069000,창신3동,LL,다이나믹,85,48,93,49
20192,1114062500,다산동,LH,상권확장,89,52,93,49
20192,1114066500,동화동,LH,상권확장,84,51,93,49
20192,1114058000,장충동,HH,정체,117,55,93,49
20192,1120059000,금호1가동,LH,상권확장,89,50,93,49
20192,1120052000,왕십리2동,LH,상권확장,88,49,93,49
20192,1123053600,용신동,HH,정체,101,49,93,49
20192,1123075000,이문2동,HL,상권축소,100,48,93,49
20192,1123057000,전농2동,HL,상권축소,102,47,93,49
20192,1123072000,휘경1동,LL,다이나믹,89,49,93,49
20192,1126056500,면목본동,LL,다이나믹,92,44,93,49
20192,1126060000,중화1동,LL,다이나믹,91,48,93,49
20192,1129066000,길음1동,HH,정체,98,53,93,49
20192,1129078000,장위3동,HH,정체,100,55,93,49
20192,1135066500,상계3?4동,HL,상권축소,102,48,93,49
20192,1135061900,중계본동,LL,다이나믹,82,45,93,49
20192,1138057000,대조동,LL,다이나믹,91,49,93,49
20192,1138063200,신사2동,LL,다이나믹,87,45,93,49
20192,1141056500,충현동,HH,정체,106,53,93,49
20192,1144060000,대흥동,HH,정체,97,49,93,49
20192,1144069000,망원1동,LL,다이나믹,74,46,93,49
20192,1144071000,연남동,LL,다이나믹,52,42,93,49
20192,1144068000,합정동,LL,다이나믹,69,46,93,49
20192,1147058000,신월3동,HL,상권축소,104,47,93,49
20192,1150062000,공항동,LL,다이나믹,87,46,93,49
20192,1150054000,화곡1동,LL,다이나믹,89,46,93,49
20192,1153075000,개봉2동,HH,정체,96,51,93,49
20192,1153076000,개봉3동,HL,상권축소,109,47,93,49
20192,1153052000,구로1동,HL,상권축소,108,47,93,49
20192,1153053000,구로2동,HH,정체,113,51,93,49
20192,1154564000,독산4동,HL,상권축소,98,47,93,49
20192,1154569000,시흥3동,HH,정체,121,55,93,49
20192,1156060500,문래동,LH,상권확장,87,50,93,49
20192,1156065000,신길3동,HH,정체,111,53,93,49
20192,1156066000,신길4동,HL,상권축소,101,47,93,49
20192,1156069000,신길7동,LL,다이나믹,90,48,93,49
20192,1159063000,사당2동,HL,상권축소,95,48,93,49
20192,1159064000,사당3동,HL,상권축소,94,47,93,49
20192,1159067000,신대방1동,HL,상권축소,102,47,93,49
20192,1162076500,미성동,HH,정체,100,50,93,49
20192,1162074500,삼성동,HL,상권축소,105,48,93,49
20192,1165054000,잠원동,LL,다이나믹,91,47,93,49
20192,1168060000,대치1동,HL,상권축소,94,49,93,49
20192,1168065500,도곡1동,HL,상권축소,95,48,93,49
20192,1168075000,수서동,HH,정체,95,52,93,49
20192,1171058000,송파1동,LL,다이나믹,90,46,93,49
20192,1171064700,위례동,LL,다이나믹,37,27,93,49
20192,1171067000,잠실2동,LL,다이나믹,72,40,93,49
20192,1174054000,명일2동,HH,정체,97,51,93,49
20192,1174061000,천호2동,LL,다이나믹,89,48,93,49
20192,1111053000,사직동,HH,정체,108,55,93,49
20192,1111061500,종로1?2?3?4가동,HH,정체,126,62,93,49
20192,1111051500,청운효자동,LH,상권확장,86,52,93,49
20192,1111056000,평창동,HH,정체,99,56,93,49
20192,1114055000,명동,HH,정체,129,55,93,49
20192,1114060500,을지로동,HH,정체,149,63,93,49
20192,1117056000,원효로1동,HH,정체,105,52,93,49
20192,1117055500,청파동,HL,상권축소,100,48,93,49
20192,1121585000,구의1동,HL,상권축소,96,47,93,49
20192,1121574000,중곡1동,LL,다이나믹,92,47,93,49
20192,1123061000,답십리2동,HH,정체,112,53,93,49
20192,1123065000,장안1동,HL,상권축소,95,46,93,49
20192,1123054500,제기동,HH,정체,115,55,93,49
20192,1126054000,면목4동,LL,다이나믹,92,44,93,49
20192,1126068000,신내1동,LL,다이나믹,83,47,93,49
20192,1129072500,월곡2동,LH,상권확장,90,49,93,49
20192,1129077000,장위2동,HH,정체,116,51,93,49
20192,1130566000,인수동,LL,다이나믹,85,43,93,49
20192,1132066000,쌍문1동,LL,다이나믹,91,46,93,49
20192,1132067000,쌍문2동,LL,다이나믹,90,46,93,49
20192,1132068100,쌍문4동,LL,다이나믹,84,47,93,49
20192,1138058000,응암1동,HH,정체,98,49,93,49
20192,1138059000,응암2동,LL,다이나믹,82,47,93,49
20192,1138069000,진관동,LL,다이나믹,56,46,93,49
20192,1141069000,남가좌1동,HH,정체,104,58,93,49
20192,1141070000,남가좌2동,LL,다이나믹,90,48,93,49
20192,1141062000,홍제1동,HH,정체,102,50,93,49
20192,1141065500,홍제2동,HH,정체,101,54,93,49
20192,1144058500,도화동,LH,상권확장,91,51,93,49
20192,1144061000,염리동,LL,다이나믹,88,47,93,49
20192,1147052000,목2동,LH,상권확장,89,49,93,49
20192,1147054000,목4동,LL,다이나믹,90,43,93,49
20192,1147055000,목5동,LL,다이나믹,86,47,93,49
20192,1147057000,신월2동,HL,상권축소,96,47,93,49
20192,1150060300,가양1동,LL,다이나믹,43,43,93,49
20192,1150060400,가양2동,LL,다이나믹,88,48,93,49
20192,1153073000,고척2동,HL,상권축소,96,47,93,49
20192,1153051000,신도림동,LL,다이나믹,81,46,93,49
20192,1153078000,오류2동,LL,다이나믹,76,46,93,49
20192,1154562000,독산2동,HL,상권축소,93,45,93,49
20192,1154567000,시흥1동,HH,정체,95,49,93,49
20192,1156054000,여의동,HH,정체,106,49,93,49
20192,1159066000,대방동,HH,정체,94,50,93,49
20192,1159062000,사당1동,LL,다이나믹,88,47,93,49
20192,1159054000,상도2동,HH,정체,100,50,93,49
20192,1159055000,상도3동,HL,상권축소,94,45,93,49
20192,1165055000,반포본동,HH,정체,119,51,93,49
20192,1165061000,방배2동,LH,상권확장,87,51,93,49
20192,1165065200,양재2동,HL,상권축소,109,47,93,49
20192,1168056500,청담동,LL,다이나믹,86,48,93,49
20192,1171056200,방이2동,LL,다이나믹,87,47,93,49
20192,1171052000,풍납2동,HH,정체,103,50,93,49
20192,1174055000,고덕1동,LL,다이나믹,73,44,93,49
20192,1174066000,성내3동,HL,상권축소,95,44,93,49
20193,1111054000,삼청동,LH,상권확장,84,52,93,49
20193,1111070000,숭인1동,HH,정체,97,55,93,49
20193,1111063000,종로5?6가동,HH,정체,119,63,93,49
20193,1114063500,약수동,LH,상권확장,90,52,93,49
20193,1117070000,보광동,HL,상권축소,95,48,93,49
20193,1117069000,서빙고동,HH,정체,101,56,93,49
20193,1117066000,이태원2동,LL,다이나믹,71,44,93,49
20193,1120054000,마장동,HH,정체,107,56,93,49
20193,1120064500,옥수동,LL,다이나믹,80,46,93,49
20193,1120058000,응봉동,LL,다이나믹,91,47,93,49
20193,1121581000,광장동,LH,상권확장,84,50,93,49
20193,1121573000,군자동,LL,다이나믹,93,47,93,49
20193,1121583000,자양2동,LL,다이나믹,92,48,93,49
20193,1121575000,중곡2동,LL,다이나믹,92,45,93,49
20193,1123066000,장안2동,LL,다이나믹,90,45,93,49
20193,1126061000,중화2동,HL,상권축소,95,45,93,49
20193,1129055500,삼선동,HL,상권축소,93,48,93,49
20193,1129052500,성북동,LH,상권확장,92,53,93,49
20193,1129064000,정릉3동,HH,정체,96,53,93,49
20193,1130562500,수유2동,LL,다이나믹,88,47,93,49
20193,1130564500,우이동,LH,상권확장,91,50,93,49
20193,1132070000,방학2동,LL,다이나믹,90,44,93,49
20193,1135059500,공릉1동,LL,다이나믹,90,49,93,49
20193,1135060000,공릉2동,LL,다이나믹,81,47,93,49
20193,1135063000,상계1동,LL,다이나믹,81,46,93,49
20193,1135067000,상계5동,LL,다이나믹,89,45,93,49
20193,1135070000,상계8동,LL,다이나믹,90,48,93,49
20193,1135056000,월계1동,LL,다이나믹,89,48,93,49
20193,1135061100,하계1동,LH,상권확장,86,50,93,49
20193,1138062500,역촌동,LL,다이나믹,86,45,93,49
20193,1141058500,신촌동,LL,다이나믹,92,48,93,49
20193,1141068500,홍은2동,LH,상권확장,91,51,93,49
20193,1144066000,서교동,LL,다이나믹,71,45,93,49
20193,1144059000,용강동,LL,다이나믹,90,49,93,49
20193,1147051000,목1동,LL,다이나믹,78,47,93,49
20193,1147061100,신월7동,HL,상권축소,94,44,93,49
20193,1147063000,신정2동,LL,다이나믹,90,47,93,49
20193,1147064000,신정3동,LH,상권확장,92,50,93,49
20193,1147065000,신정4동,LL,다이나믹,91,45,93,49
20193,1150060500,가양3동,LH,상권확장,84,52,93,49
20193,1150051000,염창동,LH,상권확장,92,52,93,49
20193,1150061500,우장산동,LL,다이나믹,79,46,93,49
20193,1153054000,구로3동,LL,다이나믹,73,45,93,49
20193,1154551000,가산동,LL,다이나믹,70,46,93,49
20193,1156070000,대림1동,HL,상권축소,105,46,93,49
20193,1156067000,신길5동,HL,상권축소,94,48,93,49
20193,1159065100,사당5동,LL,다이나믹,87,49,93,49
20193,1162069500,신림동,LL,다이나믹,88,47,93,49
20193,1162062500,인헌동,LH,상권확장,91,49,93,49
20193,1162072500,조원동,HL,상권축소,98,44,93,49
20193,1165058000,반포3동,HH,정체,101,56,93,49
20193,1168061000,대치2동,LH,상권확장,91,49,93,49
20193,1168059000,삼성2동,LL,다이나믹,84,45,93,49
20193,1168074000,일원2동,HH,정체,97,50,93,49
20193,1171063100,가락1동,HH,정체,150,84,93,49
20193,1171053200,거여2동,HH,정체,97,50,93,49
20193,1171056100,방이1동,LL,다이나믹,87,46,93,49
20193,1174053000,명일1동,HL,상권축소,95,47,93,49
20193,1174064000,성내1동,HL,상권축소,94,47,93,49
20193,1174062000,천호3동,HL,상권축소,94,45,93,49
20193,1174069000,둔촌1동,HH,정체,130,60,93,49
20193,1111060000,가회동,LH,상권확장,91,55,93,49
20193,1111058000,교남동,HH,정체,111,56,93,49
20193,1111064000,이화동,LH,상권확장,84,53,93,49
20193,1111065000,혜화동,HH,정체,94,50,93,49
20193,1114061500,신당동,LH,상권확장,80,59,93,49
20193,1114068000,중림동,HH,정체,101,52,93,49
20193,1114064500,청구동,LL,다이나믹,86,46,93,49
20193,1117065000,이태원1동,HH,정체,108,60,93,49
20193,1117051000,후암동,LH,상권확장,88,53,93,49
20193,1120067000,성수2가1동,LL,다이나믹,87,46,93,49
20193,1120069000,성수2가3동,LH,상권확장,77,51,93,49
20193,1120079000,용답동,HH,정체,117,53,93,49
20193,1120057000,행당2동,LL,다이나믹,79,48,93,49
20193,1121587000,구의3동,HH,정체,103,54,93,49
20193,1123060000,답십리1동,LH,상권확장,92,50,93,49
20193,1123071000,회기동,LL,다이나믹,86,46,93,49
20193,1126066000,망우3동,LL,다이나믹,88,44,93,49
20193,1129059000,돈암2동,LL,다이나믹,79,43,93,49
20193,1129071500,월곡1동,HL,상권축소,95,46,93,49
20193,1129062000,정릉1동,HH,정체,93,51,93,49
20193,1129065000,정릉4동,LH,상권확장,88,52,93,49
20193,1130561500,수유1동,HL,상권축소,98,47,93,49
20193,1132051400,창4동,LL,다이나믹,93,47,93,49
20193,1132051500,창5동,LL,다이나믹,86,47,93,49
20193,1135069500,상계6?7동,LL,다이나믹,93,45,93,49
20193,1135061200,하계2동,LH,상권확장,92,49,93,49
20193,1138055100,갈현1동,LL,다이나믹,86,47,93,49
20193,1138060000,응암3동,HH,정체,98,49,93,49
20193,1141061500,연희동,LL,다이나믹,89,49,93,49
20193,1144056500,공덕동,HH,정체,105,50,93,49
20193,1147068000,신정7동,LL,다이나믹,91,47,93,49
20193,1150056000,화곡3동,LL,다이나믹,81,46,93,49
20193,1153059500,가리봉동,HL,상권축소,98,44,93,49
20193,1153056000,구로5동,LL,다이나믹,82,47,93,49
20193,1154568000,시흥2동,LL,다이나믹,85,48,93,49
20193,1154570000,시흥4동,HL,상권축소,98,42,93,49
20193,1156055000,당산1동,HL,상권축소,99,48,93,49
20193,1156071000,대림2동,LL,다이나믹,83,42,93,49
20193,1159051000,노량진1동,HH,정체,107,57,93,49
20193,1162068500,신사동,LL,다이나믹,90,46,93,49
20193,1162060500,은천동,LL,다이나믹,89,47,93,49
20193,1162061500,중앙동,LL,다이나믹,90,47,93,49
20193,1162059500,청룡동,LL,다이나믹,90,46,93,49
20193,1162054500,청림동,LH,상권확장,78,49,93,49
20193,1165053000,서초3동,HH,정체,98,50,93,49
20193,1168058000,삼성1동,LH,상권확장,88,52,93,49
20193,1168073000,일원1동,HL,상권축소,100,48,93,49
20193,1171064100,문정1동,LL,다이나믹,91,46,93,49
20193,1171059000,송파2동,LL,다이나믹,88,44,93,49
20193,1171057000,오금동,HL,상권축소,94,48,93,49
20193,1171071000,잠실6동,LL,다이나믹,79,48,93,49
20193,1174052000,상일동,LL,다이나믹,92,48,93,49
20193,1174058000,암사2동,LL,다이나믹,93,47,93,49
20193,1174060000,천호1동,LL,다이나믹,84,46,93,49
20193,1111067000,창신1동,HH,정체,102,60,93,49
20193,1114059000,광희동,HH,정체,122,53,93,49
20193,1114052000,소공동,HH,정체,132,65,93,49
20193,1117064000,이촌2동,HH,정체,111,62,93,49
20193,1117062500,한강로동,HH,정체,111,55,93,49
20193,1120061500,금호2?3가동,HH,정체,96,53,93,49
20193,1120065000,성수1가1동,LH,상권확장,88,49,93,49
20193,1120053500,왕십리도선동,LL,다이나믹,76,49,93,49
20193,1123056000,전농1동,LH,상권확장,90,50,93,49
20193,1126052000,면목2동,HL,상권축소,94,45,93,49
20193,1126058000,상봉1동,LL,다이나믹,78,45,93,49
20193,1129068500,길음2동,LL,다이나믹,91,48,93,49
20193,1129060000,안암동,LH,상권확장,86,50,93,49
20193,1130553500,미아동,LL,다이나믹,88,46,93,49
20193,1130560300,번2동,HL,상권축소,95,48,93,49
20193,1130560800,번3동,LL,다이나믹,90,45,93,49
20193,1130563500,수유3동,LL,다이나믹,88,45,93,49
20193,1132069000,방학1동,LL,다이나믹,86,45,93,49
20193,1132071000,방학3동,LH,상권확장,87,50,93,49
20193,1132051200,창2동,LL,다이나믹,90,45,93,49
20193,1135064000,상계2동,LL,다이나믹,83,44,93,49
20193,1135062100,중계1동,LL,다이나믹,85,46,93,49
20193,1138052000,불광1동,LH,상권확장,93,51,93,49
20193,1138053000,불광2동,HH,정체,94,49,93,49
20193,1138065000,수색동,HH,정체,124,59,93,49
20193,1141066000,홍은1동,HH,정체,107,50,93,49
20193,1141064000,홍제3동,HH,정체,104,54,93,49
20193,1144065500,서강동,LL,다이나믹,73,43,93,49
20193,1144073000,성산2동,LH,상권확장,87,53,93,49
20193,1144063000,신수동,LH,상권확장,86,50,93,49
20193,1144055500,아현동,LH,상권확장,92,50,93,49
20193,1147056000,신월1동,HL,상권축소,94,44,93,49
20193,1153072000,고척1동,HH,정체,96,49,93,49
20193,1156072000,대림3동,HL,상권축소,93,43,93,49
20193,1159053000,상도1동,LH,상권확장,92,51,93,49
20193,1162058500,낙성대동,LL,다이나믹,79,48,93,49
20193,1162052500,보라매동,LL,다이나믹,85,48,93,49
20193,1165062000,방배3동,HL,상권축소,112,49,93,49
20193,1165062100,방배4동,HH,정체,104,51,93,49
20193,1165059000,방배본동,HL,상권축소,99,48,93,49
20193,1168066000,개포1동,HH,정체,95,59,93,49
20193,1168069000,개포4동,HL,상권축소,103,47,93,49
20193,1168070000,세곡동,LL,다이나믹,56,43,93,49
20193,1168064000,역삼1동,LL,다이나믹,80,44,93,49
20193,1168065000,역삼2동,LL,다이나믹,82,44,93,49
20193,1171063200,가락2동,HL,상권축소,94,47,93,49
20193,1171060000,석촌동,LL,다이나믹,88,45,93,49
20193,1171072000,잠실7동,HH,정체,124,60,93,49
20193,1171065000,잠실본동,HL,상권축소,93,46,93,49
20193,1174051500,강일동,LL,다이나믹,64,42,93,49
20193,1174068500,길동,LL,다이나믹,89,45,93,49
20193,1114057000,필동,HH,정체,122,53,93,49
20193,1114067000,황학동,HH,정체,106,62,93,49
20193,1117052000,용산2가동,LL,다이나믹,70,45,93,49
20193,1117063000,이촌1동,HH,정체,121,58,93,49
20193,1117058000,효창동,HH,정체,97,57,93,49
20193,1120055000,사근동,LH,상권확장,77,50,93,49
20193,1120066000,성수1가2동,LH,상권확장,73,49,93,49
20193,1120072000,송정동,HL,상권축소,101,47,93,49
20193,1121578000,능동,LH,상권확장,89,50,93,49
20193,1121582000,자양1동,LL,다이나믹,92,46,93,49
20193,1121584000,자양3동,LL,다이나믹,81,48,93,49
20193,1121577000,중곡4동,HL,상권축소,94,49,93,49
20193,1123070500,청량리동,HH,정체,146,55,93,49
20193,1126057500,면목3?8동,LL,다이나믹,91,45,93,49
20193,1126055000,면목5동,LL,다이나믹,91,45,93,49
20193,1126057000,면목7동,HL,상권축소,102,45,93,49
20193,1129057500,동선동,LL,다이나믹,89,47,93,49
20193,1129081000,석관동,HH,정체,105,49,93,49
20193,1129076000,장위1동,HL,상권축소,99,48,93,49
20193,1129070500,종암동,HH,정체,95,50,93,49
20193,1130553400,삼양동,HL,상권축소,96,47,93,49
20193,1132052100,도봉1동,HL,상권축소,98,47,93,49
20193,1132051100,창1동,LL,다이나믹,86,47,93,49
20193,1135058000,월계3동,LL,다이나믹,90,48,93,49
20193,1138056000,구산동,LL,다이나믹,88,48,93,49
20193,1138051000,녹번동,LH,상권확장,86,49,93,49
20193,1141071000,북가좌1동,LL,다이나믹,79,44,93,49
20193,1141072000,북가좌2동,LL,다이나믹,88,46,93,49
20193,1147053000,목3동,HH,정체,94,49,93,49
20193,1147061000,신월6동,HH,정체,105,52,93,49
20193,1147062000,신정1동,HL,상권축소,94,46,93,49
20193,1150053000,등촌2동,HL,상권축소,94,46,93,49
20193,1150064000,방화2동,LH,상권확장,84,50,93,49
20193,1150055000,화곡2동,LL,다이나믹,89,46,93,49
20193,1150057000,화곡4동,LL,다이나믹,90,46,93,49
20193,1153074000,개봉1동,HL,상권축소,95,49,93,49
20193,1153079000,수궁동,LH,상권확장,91,50,93,49
20193,1154561000,독산1동,LH,상권확장,85,50,93,49
20193,1154563000,독산3동,HL,상권축소,104,44,93,49
20193,1156058500,도림동,LL,다이나믹,93,48,93,49
20193,1156062000,양평2동,HH,정체,94,49,93,49
20193,1156053500,영등포동,HH,정체,113,55,93,49
20193,1159052000,노량진2동,HH,정체,118,54,93,49
20193,1159065000,사당4동,LL,다이나믹,92,48,93,49
20193,1162073500,대학동,LL,다이나믹,88,44,93,49
20193,1162066500,서림동,LL,다이나믹,91,48,93,49
20193,1165057000,반포2동,HH,정체,98,60,93,49
20193,1171062000,가락본동,LL,다이나믹,89,44,93,49
20193,1171054000,마천1동,HL,상권축소,98,44,93,49
20193,1171055000,마천2동,HH,정체,103,49,93,49
20193,1171064200,문정2동,LL,다이나믹,58,37,93,49
20193,1171056600,오륜동,HH,정체,122,60,93,49
20193,1174056000,고덕2동,LH,상권확장,83,51,93,49
20193,1174065000,성내2동,LL,다이나믹,89,43,93,49
20193,1174057000,암사1동,LL,다이나믹,89,44,93,49
20193,1174059000,암사3동,LH,상권확장,83,51,93,49
20193,1111055000,부암동,LH,상권확장,91,53,93,49
20193,1117053000,남영동,HH,정체,95,53,93,49
20193,1117068500,한남동,LH,상권확장,83,50,93,49
20193,1120062000,금호4가동,LH,상권확장,91,53,93,49
20193,1123073000,휘경2동,LL,다이나믹,82,47,93,49
20193,1126062000,묵1동,LL,다이나믹,82,48,93,49
20193,1126063000,묵2동,LL,다이나믹,89,47,93,49
20193,1126059000,상봉2동,LL,다이나믹,91,48,93,49
20193,1126069000,신내2동,LL,다이나믹,87,46,93,49
20193,1129058000,돈암1동,LH,상권확장,83,51,93,49
20193,1129061000,보문동,HL,상권축소,94,47,93,49
20193,1129063000,정릉2동,HH,정체,100,50,93,49
20193,1130559500,번1동,LL,다이나믹,86,43,93,49
20193,1130557500,삼각산동,LL,다이나믹,81,46,93,49
20193,1132052200,도봉2동,LL,다이나믹,89,45,93,49
20193,1132068000,쌍문3동,LL,다이나믹,90,47,93,49
20193,1132051300,창3동,HL,상권축소,94,48,93,49
20193,1135062400,중계4동,LL,다이나믹,86,45,93,49
20193,1138055200,갈현2동,LL,다이나믹,82,47,93,49
20193,1138064000,증산동,HH,정체,104,49,93,49
20193,1141055500,북아현동,HH,정체,111,55,93,49
20193,1144070000,망원2동,LL,다이나믹,85,44,93,49
20193,1144074000,상암동,LL,다이나믹,59,41,93,49
20193,1150052000,등촌1동,LH,상권확장,79,50,93,49
20193,1150059300,화곡8동,LL,다이나믹,82,46,93,49
20193,1150059000,화곡본동,HL,상권축소,95,48,93,49
20193,1153055000,구로4동,HL,상권축소,94,45,93,49
20193,1153080000,항동,LH,상권확장,61,58,93,49
20193,1156063000,신길1동,HL,상권축소,110,49,93,49
20193,1156061000,양평1동,LH,상권확장,83,49,93,49
20193,1156051500,영등포본동,LH,상권확장,79,50,93,49
20193,1159056000,상도4동,LL,다이나믹,89,49,93,49
20193,1159060500,흑석동,HH,정체,95,53,93,49
20193,1162063000,남현동,LH,상권확장,91,49,93,49
20193,1162064500,서원동,LH,상권확장,92,52,93,49
20193,1162056500,성현동,LL,다이나믹,85,44,93,49
20193,1162065500,신원동,LL,다이나믹,93,46,93,49
20193,1162057500,행운동,HH,정체,99,49,93,49
20193,1165056000,반포1동,LL,다이나믹,84,42,93,49
20193,1165060000,방배1동,LH,상권확장,92,49,93,49
20193,1165065100,양재1동,LH,상권확장,93,49,93,49
20193,1168067000,개포2동,HH,정체,95,49,93,49
20193,1168053100,논현2동,LL,다이나믹,84,46,93,49
20193,1168063000,대치4동,LL,다이나믹,77,45,93,49
20193,1168051000,신사동,LL,다이나믹,83,47,93,49
20193,1168054500,압구정동,LL,다이나믹,92,46,93,49
20193,1168072000,일원본동,LL,다이나믹,91,47,93,49
20193,1171061000,삼전동,LL,다이나믹,88,44,93,49
20193,1171069000,잠실4동,LL,다이나믹,81,47,93,49
20193,1171064600,장지동,LL,다이나믹,81,44,93,49
20193,1174070000,둔촌2동,LL,다이나믹,93,46,93,49
20193,1111057000,무악동,HH,정체,98,61,93,49
20193,1111068000,창신2동,HH,정체,108,55,93,49
20193,1114065000,신당5동,LH,상권확장,85,49,93,49
20193,1114054000,회현동,HH,정체,134,64,93,49
20193,1117059000,용문동,HH,정체,99,49,93,49
20193,1117057000,원효로2동,HH,정체,112,51,93,49
20193,1120056000,행당1동,LH,상권확장,86,50,93,49
20193,1121586000,구의2동,LH,상권확장,91,51,93,49
20193,1121584700,자양4동,LL,다이나믹,89,47,93,49
20193,1121576000,중곡3동,LL,다이나믹,88,46,93,49
20193,1121571000,화양동,LL,다이나믹,82,47,93,49
20193,1123074000,이문1동,HH,정체,100,51,93,49
20193,1126065500,망우본동,HL,상권축소,96,46,93,49
20193,1130554500,송중동,LL,다이나믹,83,46,93,49
20193,1130555500,송천동,HL,상권축소,95,47,93,49
20193,1135072000,상계10동,LL,다이나믹,81,45,93,49
20193,1135071000,상계9동,HL,상권축소,97,48,93,49
20193,1135057000,월계2동,LH,상권확장,86,50,93,49
20193,1135062500,중계2?3동,LH,상권확장,83,50,93,49
20193,1138063100,신사1동,HL,상권축소,93,47,93,49
20193,1141052000,천연동,HH,정체,104,52,93,49
20193,1144072000,성산1동,LL,다이나믹,83,47,93,49
20193,1147059000,신월4동,HL,상권축소,94,46,93,49
20193,1147060000,신월5동,LL,다이나믹,90,48,93,49
20193,1147067000,신정6동,LL,다이나믹,81,44,93,49
20193,1150053500,등촌3동,LL,다이나믹,76,47,93,49
20193,1150061100,발산1동,LH,상권확장,77,49,93,49
20193,1150063000,방화1동,LL,다이나믹,83,45,93,49
20193,1150064100,방화3동,HL,상권축소,97,48,93,49
20193,1150059100,화곡6동,LL,다이나믹,83,43,93,49
20193,1153077000,오류1동,LH,상권확장,92,50,93,49
20193,1154571000,시흥5동,HL,상권축소,98,48,93,49
20193,1156056000,당산2동,LH,상권확장,88,49,93,49
20193,1156068000,신길6동,HL,상권축소,97,48,93,49
20193,1159068000,신대방2동,HL,상권축소,99,49,93,49
20193,1162077500,난곡동,HH,정체,98,51,93,49
20193,1162071500,난향동,LL,다이나믹,82,44,93,49
20193,1165066000,내곡동,HH,정체,100,61,93,49
20193,1165058100,반포4동,HH,정체,126,59,93,49
20193,1165051000,서초1동,HH,정체,102,51,93,49
20193,1165052000,서초2동,LL,다이나믹,86,45,93,49
20193,1165053100,서초4동,HL,상권축소,99,49,93,49
20193,1168052100,논현1동,LL,다이나믹,84,45,93,49
20193,1168065600,도곡2동,HL,상권축소,97,49,93,49
20193,1171053100,거여1동,LL,다이나믹,87,45,93,49
20193,1171068000,잠실3동,HH,정체,98,61,93,49
20193,1171051000,풍납1동,HL,상권축소,110,48,93,49
20193,1111071000,숭인2동,HL,상권축소,102,44,93,49
20193,1111069000,창신3동,LL,다이나믹,86,48,93,49
20193,1114062500,다산동,LH,상권확장,89,53,93,49
20193,1114066500,동화동,LH,상권확장,83,51,93,49
20193,1114058000,장충동,HH,정체,117,55,93,49
20193,1120059000,금호1가동,LH,상권확장,88,50,93,49
20193,1120052000,왕십리2동,LH,상권확장,88,50,93,49
20193,1123053600,용신동,HH,정체,102,49,93,49
20193,1123075000,이문2동,HL,상권축소,100,48,93,49
20193,1123057000,전농2동,HL,상권축소,102,47,93,49
20193,1123072000,휘경1동,LL,다이나믹,91,49,93,49
20193,1126056500,면목본동,LL,다이나믹,91,44,93,49
20193,1126060000,중화1동,LL,다이나믹,92,48,93,49
20193,1129066000,길음1동,HH,정체,97,54,93,49
20193,1129078000,장위3동,HH,정체,98,55,93,49
20193,1135066500,상계3?4동,HL,상권축소,103,48,93,49
20193,1135061900,중계본동,LL,다이나믹,82,45,93,49
20193,1138057000,대조동,LH,상권확장,90,49,93,49
20193,1138063200,신사2동,LL,다이나믹,87,46,93,49
20193,1141056500,충현동,HH,정체,106,53,93,49
20193,1144060000,대흥동,HH,정체,97,49,93,49
20193,1144069000,망원1동,LL,다이나믹,75,46,93,49
20193,1144071000,연남동,LL,다이나믹,52,42,93,49
20193,1144068000,합정동,LL,다이나믹,68,46,93,49
20193,1147058000,신월3동,HL,상권축소,106,47,93,49
20193,1150062000,공항동,LL,다이나믹,87,47,93,49
20193,1150054000,화곡1동,LL,다이나믹,89,46,93,49
20193,1153075000,개봉2동,HH,정체,96,51,93,49
20193,1153076000,개봉3동,HL,상권축소,109,47,93,49
20193,1153052000,구로1동,HL,상권축소,108,48,93,49
20193,1153053000,구로2동,HH,정체,114,52,93,49
20193,1154564000,독산4동,HL,상권축소,97,47,93,49
20193,1154569000,시흥3동,HH,정체,122,56,93,49
20193,1156060500,문래동,LH,상권확장,86,50,93,49
20193,1156065000,신길3동,HH,정체,112,53,93,49
20193,1156066000,신길4동,HL,상권축소,102,48,93,49
20193,1156069000,신길7동,LL,다이나믹,91,48,93,49
20193,1159063000,사당2동,HL,상권축소,96,48,93,49
20193,1159064000,사당3동,HL,상권축소,94,47,93,49
20193,1159067000,신대방1동,HL,상권축소,103,47,93,49
20193,1162076500,미성동,HH,정체,100,50,93,49
20193,1162074500,삼성동,HL,상권축소,105,48,93,49
20193,1165054000,잠원동,LL,다이나믹,91,47,93,49
20193,1168060000,대치1동,HL,상권축소,94,49,93,49
20193,1168065500,도곡1동,HL,상권축소,95,48,93,49
20193,1168075000,수서동,HH,정체,96,52,93,49
20193,1171058000,송파1동,LL,다이나믹,91,46,93,49
20193,1171064700,위례동,LL,다이나믹,38,27,93,49
20193,1171067000,잠실2동,LL,다이나믹,72,40,93,49
20193,1174054000,명일2동,HH,정체,97,51,93,49
20193,1174061000,천호2동,LL,다이나믹,89,49,93,49
20193,1111053000,사직동,HH,정체,108,55,93,49
20193,1111061500,종로1?2?3?4가동,HH,정체,127,63,93,49
20193,1111051500,청운효자동,LH,상권확장,87,51,93,49
20193,1111056000,평창동,HH,정체,100,56,93,49
20193,1114055000,명동,HH,정체,129,55,93,49
20193,1114060500,을지로동,HH,정체,148,64,93,49
20193,1117056000,원효로1동,HH,정체,105,53,93,49
20193,1117055500,청파동,HL,상권축소,99,49,93,49
20193,1121585000,구의1동,HL,상권축소,97,47,93,49
20193,1121574000,중곡1동,LL,다이나믹,92,48,93,49
20193,1123061000,답십리2동,HH,정체,112,53,93,49
20193,1123065000,장안1동,HL,상권축소,95,47,93,49
20193,1123054500,제기동,HH,정체,115,55,93,49
20193,1126054000,면목4동,LL,다이나믹,91,44,93,49
20193,1126068000,신내1동,LL,다이나믹,83,47,93,49
20193,1129072500,월곡2동,LH,상권확장,90,49,93,49
20193,1129077000,장위2동,HH,정체,115,52,93,49
20193,1130566000,인수동,LL,다이나믹,85,44,93,49
20193,1132066000,쌍문1동,LL,다이나믹,90,47,93,49
20193,1132067000,쌍문2동,LL,다이나믹,90,47,93,49
20193,1132068100,쌍문4동,LL,다이나믹,86,47,93,49
20193,1138058000,응암1동,HH,정체,99,49,93,49
20193,1138059000,응암2동,LL,다이나믹,84,46,93,49
20193,1138069000,진관동,LL,다이나믹,57,45,93,49
20193,1141069000,남가좌1동,HH,정체,106,57,93,49
20193,1141070000,남가좌2동,LL,다이나믹,90,48,93,49
20193,1141062000,홍제1동,HH,정체,103,50,93,49
20193,1141065500,홍제2동,HH,정체,102,54,93,49
20193,1144058500,도화동,LH,상권확장,91,50,93,49
20193,1144061000,염리동,LL,다이나믹,88,47,93,49
20193,1147052000,목2동,LH,상권확장,89,49,93,49
20193,1147054000,목4동,LL,다이나믹,90,43,93,49
20193,1147055000,목5동,LL,다이나믹,87,47,93,49
20193,1147057000,신월2동,HL,상권축소,97,47,93,49
20193,1150060300,가양1동,LL,다이나믹,43,43,93,49
20193,1150060400,가양2동,LL,다이나믹,89,48,93,49
20193,1153073000,고척2동,HL,상권축소,96,47,93,49
20193,1153051000,신도림동,LL,다이나믹,81,46,93,49
20193,1153078000,오류2동,LL,다이나믹,76,46,93,49
20193,1154562000,독산2동,LL,다이나믹,92,46,93,49
20193,1154567000,시흥1동,HH,정체,96,49,93,49
20193,1156054000,여의동,HH,정체,106,50,93,49
20193,1159066000,대방동,HH,정체,95,50,93,49
20193,1159062000,사당1동,LL,다이나믹,88,47,93,49
20193,1159054000,상도2동,HH,정체,100,51,93,49
20193,1159055000,상도3동,HL,상권축소,94,45,93,49
20193,1165055000,반포본동,HH,정체,120,52,93,49
20193,1165061000,방배2동,LH,상권확장,87,51,93,49
20193,1165065200,양재2동,HL,상권축소,110,47,93,49
20193,1168056500,청담동,LL,다이나믹,86,48,93,49
20193,1171056200,방이2동,LL,다이나믹,86,47,93,49
20193,1171052000,풍납2동,HH,정체,103,50,93,49
20193,1174055000,고덕1동,LL,다이나믹,73,45,93,49
20193,1174066000,성내3동,HL,상권축소,96,45,93,49
20194,1111054000,삼청동,LH,상권확장,84,52,93,49
20194,1111070000,숭인1동,HH,정체,97,56,93,49
20194,1111063000,종로5?6가동,HH,정체,119,63,93,49
20194,1114063500,약수동,LH,상권확장,89,53,93,49
20194,1117070000,보광동,HL,상권축소,95,49,93,49
20194,1117069000,서빙고동,HH,정체,101,56,93,49
20194,1117066000,이태원2동,LL,다이나믹,71,45,93,49
20194,1120054000,마장동,HH,정체,108,57,93,49
20194,1120064500,옥수동,LL,다이나믹,80,47,93,49
20194,1120058000,응봉동,LL,다이나믹,90,47,93,49
20194,1121581000,광장동,LH,상권확장,85,50,93,49
20194,1121573000,군자동,LL,다이나믹,93,47,93,49
20194,1121583000,자양2동,LL,다이나믹,91,49,93,49
20194,1121575000,중곡2동,LL,다이나믹,92,46,93,49
20194,1123066000,장안2동,LL,다이나믹,91,45,93,49
20194,1126061000,중화2동,HL,상권축소,96,46,93,49
20194,1129055500,삼선동,HL,상권축소,94,49,93,49
20194,1129052500,성북동,LH,상권확장,93,54,93,49
20194,1129064000,정릉3동,HH,정체,95,53,93,49
20194,1130562500,수유2동,LL,다이나믹,88,47,93,49
20194,1130564500,우이동,LH,상권확장,91,50,93,49
20194,1132070000,방학2동,LL,다이나믹,89,45,93,49
20194,1135059500,공릉1동,LL,다이나믹,91,49,93,49
20194,1135060000,공릉2동,LL,다이나믹,81,48,93,49
20194,1135063000,상계1동,LL,다이나믹,82,46,93,49
20194,1135067000,상계5동,LL,다이나믹,88,45,93,49
20194,1135070000,상계8동,LL,다이나믹,91,49,93,49
20194,1135056000,월계1동,LL,다이나믹,89,49,93,49
20194,1135061100,하계1동,LH,상권확장,87,50,93,49
20194,1138062500,역촌동,LL,다이나믹,86,46,93,49
20194,1141058500,신촌동,LL,다이나믹,92,49,93,49
20194,1141068500,홍은2동,LH,상권확장,91,52,93,49
20194,1144066000,서교동,LL,다이나믹,71,45,93,49
20194,1144059000,용강동,LL,다이나믹,92,49,93,49
20194,1147051000,목1동,LL,다이나믹,78,47,93,49
20194,1147061100,신월7동,HL,상권축소,95,44,93,49
20194,1147063000,신정2동,LL,다이나믹,92,47,93,49
20194,1147064000,신정3동,LH,상권확장,93,50,93,49
20194,1147065000,신정4동,LL,다이나믹,91,45,93,49
20194,1150060500,가양3동,LH,상권확장,83,53,93,49
20194,1150051000,염창동,LH,상권확장,92,52,93,49
20194,1150061500,우장산동,LL,다이나믹,80,47,93,49
20194,1153054000,구로3동,LL,다이나믹,74,45,93,49
20194,1154551000,가산동,LL,다이나믹,70,46,93,49
20194,1156070000,대림1동,HL,상권축소,104,47,93,49
20194,1156067000,신길5동,LL,다이나믹,91,48,93,49
20194,1159065100,사당5동,LL,다이나믹,88,48,93,49
20194,1162069500,신림동,LL,다이나믹,89,47,93,49
20194,1162062500,인헌동,LL,다이나믹,92,49,93,49
20194,1162072500,조원동,HL,상권축소,99,44,93,49
20194,1165058000,반포3동,HH,정체,101,57,93,49
20194,1168061000,대치2동,LH,상권확장,93,49,93,49
20194,1168059000,삼성2동,LL,다이나믹,84,45,93,49
20194,1168074000,일원2동,HH,정체,99,50,93,49
20194,1171063100,가락1동,HH,정체,150,87,93,49
20194,1171053200,거여2동,HH,정체,97,50,93,49
20194,1171056100,방이1동,LL,다이나믹,87,46,93,49
20194,1174053000,명일1동,HL,상권축소,95,48,93,49
20194,1174064000,성내1동,HL,상권축소,96,47,93,49
20194,1174062000,천호3동,HL,상권축소,95,46,93,49
20194,1174069000,둔촌1동,HH,정체,133,60,93,49
20194,1111060000,가회동,HH,정체,94,55,93,49
20194,1111058000,교남동,HH,정체,111,56,93,49
20194,1111064000,이화동,LH,상권확장,85,53,93,49
20194,1111065000,혜화동,HH,정체,96,50,93,49
20194,1114061500,신당동,LH,상권확장,81,60,93,49
20194,1114068000,중림동,HH,정체,102,53,93,49
20194,1114064500,청구동,LL,다이나믹,85,46,93,49
20194,1117065000,이태원1동,HH,정체,109,60,93,49
20194,1117051000,후암동,LH,상권확장,88,54,93,49
20194,1120067000,성수2가1동,LL,다이나믹,88,46,93,49
20194,1120069000,성수2가3동,LH,상권확장,77,51,93,49
20194,1120079000,용답동,HH,정체,118,53,93,49
20194,1120057000,행당2동,LL,다이나믹,79,48,93,49
20194,1121587000,구의3동,HH,정체,104,54,93,49
20194,1123060000,답십리1동,LH,상권확장,92,51,93,49
20194,1123071000,회기동,LL,다이나믹,86,46,93,49
20194,1126066000,망우3동,LL,다이나믹,89,44,93,49
20194,1129059000,돈암2동,LL,다이나믹,81,43,93,49
20194,1129071500,월곡1동,HL,상권축소,96,47,93,49
20194,1129062000,정릉1동,LH,상권확장,93,51,93,49
20194,1129065000,정릉4동,LH,상권확장,88,53,93,49
20194,1130561500,수유1동,HL,상권축소,97,48,93,49
20194,1132051400,창4동,LL,다이나믹,92,47,93,49
20194,1132051500,창5동,LL,다이나믹,87,47,93,49
20194,1135069500,상계6?7동,HL,상권축소,94,46,93,49
20194,1135061200,하계2동,HH,정체,94,49,93,49
20194,1138055100,갈현1동,LL,다이나믹,86,47,93,49
20194,1138060000,응암3동,HH,정체,99,49,93,49
20194,1141061500,연희동,LH,상권확장,89,49,93,49
20194,1144056500,공덕동,HH,정체,105,51,93,49
20194,1147068000,신정7동,LL,다이나믹,89,48,93,49
20194,1150056000,화곡3동,LL,다이나믹,80,46,93,49
20194,1153059500,가리봉동,HL,상권축소,99,44,93,49
20194,1153056000,구로5동,LL,다이나믹,83,47,93,49
20194,1154568000,시흥2동,LL,다이나믹,83,48,93,49
20194,1154570000,시흥4동,HL,상권축소,98,43,93,49
20194,1156055000,당산1동,HL,상권축소,98,48,93,49
20194,1156071000,대림2동,LL,다이나믹,82,43,93,49
20194,1159051000,노량진1동,HH,정체,108,57,93,49
20194,1162068500,신사동,LL,다이나믹,91,46,93,49
20194,1162060500,은천동,LL,다이나믹,89,47,93,49
20194,1162061500,중앙동,LL,다이나믹,91,47,93,49
20194,1162059500,청룡동,LL,다이나믹,89,47,93,49
20194,1162054500,청림동,LH,상권확장,79,50,93,49
20194,1165053000,서초3동,HH,정체,98,51,93,49
20194,1168058000,삼성1동,LH,상권확장,88,53,93,49
20194,1168073000,일원1동,HL,상권축소,102,48,93,49
20194,1171064100,문정1동,LL,다이나믹,91,47,93,49
20194,1171059000,송파2동,LL,다이나믹,88,45,93,49
20194,1171057000,오금동,LL,다이나믹,93,49,93,49
20194,1171071000,잠실6동,LL,다이나믹,80,48,93,49
20194,1174052000,상일동,LL,다이나믹,91,48,93,49
20194,1174058000,암사2동,LL,다이나믹,92,48,93,49
20194,1174060000,천호1동,LL,다이나믹,84,46,93,49
20194,1111067000,창신1동,HH,정체,103,60,93,49
20194,1114059000,광희동,HH,정체,123,54,93,49
20194,1114052000,소공동,HH,정체,133,65,93,49
20194,1117064000,이촌2동,HH,정체,110,62,93,49
20194,1117062500,한강로동,HH,정체,111,55,93,49
20194,1120061500,금호2?3가동,HH,정체,96,54,93,49
20194,1120065000,성수1가1동,LH,상권확장,85,50,93,49
20194,1120053500,왕십리도선동,LL,다이나믹,76,49,93,49
20194,1123056000,전농1동,LH,상권확장,91,50,93,49
20194,1126052000,면목2동,HL,상권축소,95,45,93,49
20194,1126058000,상봉1동,LL,다이나믹,78,45,93,49
20194,1129068500,길음2동,LL,다이나믹,90,48,93,49
20194,1129060000,안암동,LH,상권확장,88,50,93,49
20194,1130553500,미아동,LL,다이나믹,87,46,93,49
20194,1130560300,번2동,HL,상권축소,96,49,93,49
20194,1130560800,번3동,LL,다이나믹,91,45,93,49
20194,1130563500,수유3동,LL,다이나믹,88,45,93,49
20194,1132069000,방학1동,LL,다이나믹,87,45,93,49
20194,1132071000,방학3동,LH,상권확장,88,50,93,49
20194,1132051200,창2동,LL,다이나믹,91,46,93,49
20194,1135064000,상계2동,LL,다이나믹,83,44,93,49
20194,1135062100,중계1동,LL,다이나믹,84,46,93,49
20194,1138052000,불광1동,LH,상권확장,92,51,93,49
20194,1138053000,불광2동,HH,정체,94,50,93,49
20194,1138065000,수색동,HH,정체,122,60,93,49
20194,1141066000,홍은1동,HH,정체,107,51,93,49
20194,1141064000,홍제3동,HH,정체,104,54,93,49
20194,1144065500,서강동,LL,다이나믹,73,43,93,49
20194,1144073000,성산2동,LH,상권확장,88,54,93,49
20194,1144063000,신수동,LH,상권확장,86,51,93,49
20194,1144055500,아현동,LH,상권확장,92,50,93,49
20194,1147056000,신월1동,HL,상권축소,95,44,93,49
20194,1153072000,고척1동,HL,상권축소,97,49,93,49
20194,1156072000,대림3동,HL,상권축소,94,44,93,49
20194,1159053000,상도1동,LH,상권확장,92,51,93,49
20194,1162058500,낙성대동,LL,다이나믹,79,48,93,49
20194,1162052500,보라매동,LL,다이나믹,84,48,93,49
20194,1165062000,방배3동,HL,상권축소,114,49,93,49
20194,1165062100,방배4동,HH,정체,104,51,93,49
20194,1165059000,방배본동,HL,상권축소,99,48,93,49
20194,1168066000,개포1동,HH,정체,95,60,93,49
20194,1168069000,개포4동,HL,상권축소,103,48,93,49
20194,1168070000,세곡동,LL,다이나믹,56,43,93,49
20194,1168064000,역삼1동,LL,다이나믹,81,44,93,49
20194,1168065000,역삼2동,LL,다이나믹,82,44,93,49
20194,1171063200,가락2동,HL,상권축소,95,47,93,49
20194,1171060000,석촌동,LL,다이나믹,88,45,93,49
20194,1171072000,잠실7동,HH,정체,123,60,93,49
20194,1171065000,잠실본동,HL,상권축소,94,46,93,49
20194,1174051500,강일동,LL,다이나믹,64,42,93,49
20194,1174068500,길동,LL,다이나믹,89,45,93,49
20194,1114057000,필동,HH,정체,122,54,93,49
20194,1114067000,황학동,HH,정체,106,63,93,49
20194,1117052000,용산2가동,LL,다이나믹,69,45,93,49
20194,1117063000,이촌1동,HH,정체,122,58,93,49
20194,1117058000,효창동,HH,정체,97,57,93,49
20194,1120055000,사근동,LH,상권확장,78,50,93,49
20194,1120066000,성수1가2동,LL,다이나믹,72,49,93,49
20194,1120072000,송정동,HL,상권축소,100,47,93,49
20194,1121578000,능동,LH,상권확장,89,50,93,49
20194,1121582000,자양1동,LL,다이나믹,91,47,93,49
20194,1121584000,자양3동,LL,다이나믹,82,49,93,49
20194,1121577000,중곡4동,HL,상권축소,95,49,93,49
20194,1123070500,청량리동,HH,정체,149,55,93,49
20194,1126057500,면목3?8동,LL,다이나믹,92,45,93,49
20194,1126055000,면목5동,LL,다이나믹,91,46,93,49
20194,1126057000,면목7동,HL,상권축소,101,45,93,49
20194,1129057500,동선동,LL,다이나믹,89,47,93,49
20194,1129081000,석관동,HH,정체,105,50,93,49
20194,1129076000,장위1동,HL,상권축소,98,49,93,49
20194,1129070500,종암동,HH,정체,94,50,93,49
20194,1130553400,삼양동,HL,상권축소,97,47,93,49
20194,1132052100,도봉1동,HL,상권축소,97,48,93,49
20194,1132051100,창1동,LL,다이나믹,88,48,93,49
20194,1135058000,월계3동,LL,다이나믹,89,48,93,49
20194,1138056000,구산동,LL,다이나믹,88,48,93,49
20194,1138051000,녹번동,LL,다이나믹,86,49,93,49
20194,1141071000,북가좌1동,LL,다이나믹,79,44,93,49
20194,1141072000,북가좌2동,LL,다이나믹,88,47,93,49
20194,1147053000,목3동,HL,상권축소,93,49,93,49
20194,1147061000,신월6동,HH,정체,103,53,93,49
20194,1147062000,신정1동,HL,상권축소,95,46,93,49
20194,1150053000,등촌2동,HL,상권축소,95,46,93,49
20194,1150064000,방화2동,LH,상권확장,84,51,93,49
20194,1150055000,화곡2동,LL,다이나믹,90,46,93,49
20194,1150057000,화곡4동,LL,다이나믹,90,46,93,49
20194,1153074000,개봉1동,HH,정체,95,49,93,49
20194,1153079000,수궁동,LH,상권확장,91,50,93,49
20194,1154561000,독산1동,LH,상권확장,86,50,93,49
20194,1154563000,독산3동,HL,상권축소,104,45,93,49
20194,1156058500,도림동,HL,상권축소,94,48,93,49
20194,1156062000,양평2동,HH,정체,95,49,93,49
20194,1156053500,영등포동,HH,정체,112,55,93,49
20194,1159052000,노량진2동,HH,정체,119,54,93,49
20194,1159065000,사당4동,LL,다이나믹,93,48,93,49
20194,1162073500,대학동,LL,다이나믹,87,45,93,49
20194,1162066500,서림동,LL,다이나믹,91,48,93,49
20194,1165057000,반포2동,HH,정체,100,60,93,49
20194,1171062000,가락본동,LL,다이나믹,89,44,93,49
20194,1171054000,마천1동,HL,상권축소,99,45,93,49
20194,1171055000,마천2동,HH,정체,103,49,93,49
20194,1171064200,문정2동,LL,다이나믹,58,37,93,49
20194,1171056600,오륜동,HH,정체,125,61,93,49
20194,1174056000,고덕2동,LH,상권확장,73,52,93,49
20194,1174065000,성내2동,LL,다이나믹,90,44,93,49
20194,1174057000,암사1동,LL,다이나믹,89,44,93,49
20194,1174059000,암사3동,LH,상권확장,80,52,93,49
20194,1111055000,부암동,LH,상권확장,92,53,93,49
20194,1117053000,남영동,HH,정체,97,53,93,49
20194,1117068500,한남동,LH,상권확장,83,50,93,49
20194,1120062000,금호4가동,LH,상권확장,92,53,93,49
20194,1123073000,휘경2동,LL,다이나믹,82,48,93,49
20194,1126062000,묵1동,LL,다이나믹,83,48,93,49
20194,1126063000,묵2동,LL,다이나믹,90,47,93,49
20194,1126059000,상봉2동,LL,다이나믹,92,48,93,49
20194,1126069000,신내2동,LL,다이나믹,86,47,93,49
20194,1129058000,돈암1동,LH,상권확장,84,51,93,49
20194,1129061000,보문동,HL,상권축소,94,47,93,49
20194,1129063000,정릉2동,HH,정체,100,51,93,49
20194,1130559500,번1동,LL,다이나믹,87,44,93,49
20194,1130557500,삼각산동,LL,다이나믹,82,46,93,49
20194,1132052200,도봉2동,LL,다이나믹,89,45,93,49
20194,1132068000,쌍문3동,LL,다이나믹,90,48,93,49
20194,1132051300,창3동,LL,다이나믹,93,48,93,49
20194,1135062400,중계4동,LL,다이나믹,87,45,93,49
20194,1138055200,갈현2동,LL,다이나믹,83,47,93,49
20194,1138064000,증산동,HH,정체,104,50,93,49
20194,1141055500,북아현동,HH,정체,109,55,93,49
20194,1144070000,망원2동,LL,다이나믹,85,44,93,49
20194,1144074000,상암동,LL,다이나믹,59,41,93,49
20194,1150052000,등촌1동,LH,상권확장,79,50,93,49
20194,1150059300,화곡8동,LL,다이나믹,82,47,93,49
20194,1150059000,화곡본동,HL,상권축소,95,48,93,49
20194,1153055000,구로4동,HL,상권축소,94,45,93,49
20194,1153080000,항동,LH,상권확장,54,57,93,49
20194,1156063000,신길1동,HH,정체,110,49,93,49
20194,1156061000,양평1동,LL,다이나믹,83,49,93,49
20194,1156051500,영등포본동,LH,상권확장,79,51,93,49
20194,1159056000,상도4동,LH,상권확장,88,49,93,49
20194,1159060500,흑석동,HH,정체,94,54,93,49
20194,1162063000,남현동,LH,상권확장,91,50,93,49
20194,1162064500,서원동,LH,상권확장,92,52,93,49
20194,1162056500,성현동,LL,다이나믹,85,45,93,49
20194,1162065500,신원동,LL,다이나믹,91,46,93,49
20194,1162057500,행운동,HH,정체,99,49,93,49
20194,1165056000,반포1동,LL,다이나믹,83,43,93,49
20194,1165060000,방배1동,LH,상권확장,91,50,93,49
20194,1165065100,양재1동,HH,정체,94,50,93,49
20194,1168067000,개포2동,HH,정체,96,50,93,49
20194,1168053100,논현2동,LL,다이나믹,84,46,93,49
20194,1168063000,대치4동,LL,다이나믹,77,45,93,49
20194,1168051000,신사동,LL,다이나믹,84,47,93,49
20194,1168054500,압구정동,LL,다이나믹,92,46,93,49
20194,1168072000,일원본동,LL,다이나믹,92,48,93,49
20194,1171061000,삼전동,LL,다이나믹,88,44,93,49
20194,1171069000,잠실4동,LL,다이나믹,82,47,93,49
20194,1171064600,장지동,LL,다이나믹,81,45,93,49
20194,1174070000,둔촌2동,HL,상권축소,95,46,93,49
20194,1111057000,무악동,HH,정체,96,62,93,49
20194,1111068000,창신2동,HH,정체,108,55,93,49
20194,1114065000,신당5동,LH,상권확장,85,50,93,49
20194,1114054000,회현동,HH,정체,135,64,93,49
20194,1117059000,용문동,HH,정체,99,49,93,49
20194,1117057000,원효로2동,HH,정체,114,51,93,49
20194,1120056000,행당1동,LH,상권확장,86,50,93,49
20194,1121586000,구의2동,LH,상권확장,91,51,93,49
20194,1121584700,자양4동,LL,다이나믹,88,48,93,49
20194,1121576000,중곡3동,LL,다이나믹,89,46,93,49
20194,1121571000,화양동,LL,다이나믹,81,47,93,49
20194,1123074000,이문1동,HH,정체,101,52,93,49
20194,1126065500,망우본동,HL,상권축소,97,47,93,49
20194,1130554500,송중동,LL,다이나믹,82,46,93,49
20194,1130555500,송천동,HL,상권축소,96,47,93,49
20194,1135072000,상계10동,LL,다이나믹,81,46,93,49
20194,1135071000,상계9동,HL,상권축소,98,48,93,49
20194,1135057000,월계2동,LH,상권확장,87,50,93,49
20194,1135062500,중계2?3동,LH,상권확장,84,50,93,49
20194,1138063100,신사1동,LL,다이나믹,93,47,93,49
20194,1141052000,천연동,HH,정체,105,52,93,49
20194,1144072000,성산1동,LL,다이나믹,83,48,93,49
20194,1147059000,신월4동,HL,상권축소,95,47,93,49
20194,1147060000,신월5동,LL,다이나믹,91,48,93,49
20194,1147067000,신정6동,LL,다이나믹,81,44,93,49
20194,1150053500,등촌3동,LL,다이나믹,76,48,93,49
20194,1150061100,발산1동,LH,상권확장,76,49,93,49
20194,1150063000,방화1동,LL,다이나믹,83,45,93,49
20194,1150064100,방화3동,HL,상권축소,97,48,93,49
20194,1150059100,화곡6동,LL,다이나믹,83,44,93,49
20194,1153077000,오류1동,LH,상권확장,91,51,93,49
20194,1154571000,시흥5동,HL,상권축소,98,49,93,49
20194,1156056000,당산2동,LH,상권확장,89,49,93,49
20194,1156068000,신길6동,HL,상권축소,97,48,93,49
20194,1159068000,신대방2동,HL,상권축소,100,49,93,49
20194,1162077500,난곡동,HH,정체,99,51,93,49
20194,1162071500,난향동,LL,다이나믹,81,44,93,49
20194,1165066000,내곡동,HH,정체,100,61,93,49
20194,1165058100,반포4동,HH,정체,127,60,93,49
20194,1165051000,서초1동,HH,정체,102,52,93,49
20194,1165052000,서초2동,LL,다이나믹,84,46,93,49
20194,1165053100,서초4동,HL,상권축소,100,49,93,49
20194,1168052100,논현1동,LL,다이나믹,85,45,93,49
20194,1168065600,도곡2동,HL,상권축소,98,49,93,49
20194,1171053100,거여1동,LL,다이나믹,86,45,93,49
20194,1171068000,잠실3동,HH,정체,98,62,93,49
20194,1171051000,풍납1동,HL,상권축소,111,49,93,49
20194,1111071000,숭인2동,HL,상권축소,101,45,93,49
20194,1111069000,창신3동,LH,상권확장,83,49,93,49
20194,1114062500,다산동,LH,상권확장,90,52,93,49
20194,1114066500,동화동,LH,상권확장,83,51,93,49
20194,1114058000,장충동,HH,정체,117,55,93,49
20194,1120059000,금호1가동,LH,상권확장,89,50,93,49
20194,1120052000,왕십리2동,LH,상권확장,87,50,93,49
20194,1123053600,용신동,HH,정체,102,49,93,49
20194,1123075000,이문2동,HH,정체,98,49,93,49
20194,1123057000,전농2동,HL,상권축소,103,48,93,49
20194,1123072000,휘경1동,HL,상권축소,94,49,93,49
20194,1126056500,면목본동,LL,다이나믹,92,45,93,49
20194,1126060000,중화1동,HL,상권축소,94,48,93,49
20194,1129066000,길음1동,HH,정체,97,55,93,49
20194,1129078000,장위3동,HH,정체,94,56,93,49
20194,1135066500,상계3?4동,HL,상권축소,103,49,93,49
20194,1135061900,중계본동,LL,다이나믹,82,45,93,49
20194,1138057000,대조동,LH,상권확장,91,49,93,49
20194,1138063200,신사2동,LL,다이나믹,88,46,93,49
20194,1141056500,충현동,HH,정체,107,54,93,49
20194,1144060000,대흥동,HH,정체,95,50,93,49
20194,1144069000,망원1동,LL,다이나믹,75,47,93,49
20194,1144071000,연남동,LL,다이나믹,53,42,93,49
20194,1144068000,합정동,LL,다이나믹,67,46,93,49
20194,1147058000,신월3동,HL,상권축소,108,47,93,49
20194,1150062000,공항동,LL,다이나믹,88,47,93,49
20194,1150054000,화곡1동,LL,다이나믹,89,46,93,49
20194,1153075000,개봉2동,HH,정체,95,52,93,49
20194,1153076000,개봉3동,HL,상권축소,109,48,93,49
20194,1153052000,구로1동,HL,상권축소,109,48,93,49
20194,1153053000,구로2동,HH,정체,115,52,93,49
20194,1154564000,독산4동,HL,상권축소,97,47,93,49
20194,1154569000,시흥3동,HH,정체,123,56,93,49
20194,1156060500,문래동,LH,상권확장,86,50,93,49
20194,1156065000,신길3동,HH,정체,112,54,93,49
20194,1156066000,신길4동,HL,상권축소,103,48,93,49
20194,1156069000,신길7동,LL,다이나믹,89,48,93,49
20194,1159063000,사당2동,HL,상권축소,96,48,93,49
20194,1159064000,사당3동,HL,상권축소,95,47,93,49
20194,1159067000,신대방1동,HL,상권축소,104,47,93,49
20194,1162076500,미성동,HH,정체,99,50,93,49
20194,1162074500,삼성동,HH,정체,104,49,93,49
20194,1165054000,잠원동,LL,다이나믹,90,47,93,49
20194,1168060000,대치1동,HH,정체,94,49,93,49
20194,1168065500,도곡1동,HL,상권축소,96,49,93,49
20194,1168075000,수서동,HH,정체,96,52,93,49
20194,1171058000,송파1동,LL,다이나믹,91,46,93,49
20194,1171064700,위례동,LL,다이나믹,39,27,93,49
20194,1171067000,잠실2동,LL,다이나믹,73,39,93,49
20194,1174054000,명일2동,HH,정체,97,52,93,49
20194,1174061000,천호2동,LH,상권확장,88,49,93,49
20194,1111053000,사직동,HH,정체,108,56,93,49
20194,1111061500,종로1?2?3?4가동,HH,정체,128,63,93,49
20194,1111051500,청운효자동,LH,상권확장,88,52,93,49
20194,1111056000,평창동,HH,정체,102,56,93,49
20194,1114055000,명동,HH,정체,130,56,93,49
20194,1114060500,을지로동,HH,정체,147,64,93,49
20194,1117056000,원효로1동,HH,정체,105,53,93,49
20194,1117055500,청파동,HH,정체,99,49,93,49
20194,1121585000,구의1동,HL,상권축소,97,47,93,49
20194,1121574000,중곡1동,LL,다이나믹,93,48,93,49
20194,1123061000,답십리2동,HH,정체,113,54,93,49
20194,1123065000,장안1동,HL,상권축소,96,47,93,49
20194,1123054500,제기동,HH,정체,115,56,93,49
20194,1126054000,면목4동,LL,다이나믹,92,44,93,49
20194,1126068000,신내1동,LL,다이나믹,83,47,93,49
20194,1129072500,월곡2동,LH,상권확장,91,50,93,49
20194,1129077000,장위2동,HH,정체,115,53,93,49
20194,1130566000,인수동,LL,다이나믹,86,44,93,49
20194,1132066000,쌍문1동,LL,다이나믹,92,47,93,49
20194,1132067000,쌍문2동,LL,다이나믹,92,47,93,49
20194,1132068100,쌍문4동,LL,다이나믹,86,48,93,49
20194,1138058000,응암1동,HH,정체,98,49,93,49
20194,1138059000,응암2동,LL,다이나믹,83,47,93,49
20194,1138069000,진관동,LL,다이나믹,58,45,93,49
20194,1141069000,남가좌1동,HH,정체,106,58,93,49
20194,1141070000,남가좌2동,LL,다이나믹,90,48,93,49
20194,1141062000,홍제1동,HH,정체,104,50,93,49
20194,1141065500,홍제2동,HH,정체,102,55,93,49
20194,1144058500,도화동,LH,상권확장,92,50,93,49
20194,1144061000,염리동,LL,다이나믹,88,47,93,49
20194,1147052000,목2동,LH,상권확장,90,49,93,49
20194,1147054000,목4동,LL,다이나믹,90,44,93,49
20194,1147055000,목5동,LL,다이나믹,86,48,93,49
20194,1147057000,신월2동,HL,상권축소,97,48,93,49
20194,1150060300,가양1동,LL,다이나믹,44,42,93,49
20194,1150060400,가양2동,LL,다이나믹,88,49,93,49
20194,1153073000,고척2동,HL,상권축소,96,47,93,49
20194,1153051000,신도림동,LL,다이나믹,83,46,93,49
20194,1153078000,오류2동,LL,다이나믹,77,46,93,49
20194,1154562000,독산2동,HL,상권축소,94,46,93,49
20194,1154567000,시흥1동,HH,정체,96,50,93,49
20194,1156054000,여의동,HH,정체,107,50,93,49
20194,1159066000,대방동,HH,정체,95,50,93,49
20194,1159062000,사당1동,LL,다이나믹,89,47,93,49
20194,1159054000,상도2동,HH,정체,101,51,93,49
20194,1159055000,상도3동,HL,상권축소,94,45,93,49
20194,1165055000,반포본동,HH,정체,122,52,93,49
20194,1165061000,방배2동,LH,상권확장,87,52,93,49
20194,1165065200,양재2동,HL,상권축소,111,48,93,49
20194,1168056500,청담동,LL,다이나믹,87,48,93,49
20194,1171056200,방이2동,LL,다이나믹,87,47,93,49
20194,1171052000,풍납2동,HH,정체,103,51,93,49
20194,1174055000,고덕1동,LL,다이나믹,72,46,93,49
20194,1174066000,성내3동,HL,상권축소,96,45,93,49
20201,1111054000,삼청동,LH,상권확장,84,53,94,49
20201,1111070000,숭인1동,HH,정체,97,56,94,49
20201,1111063000,종로5?6가동,HH,정체,120,63,94,49
20201,1114063500,약수동,LH,상권확장,90,53,94,49
20201,1117070000,보광동,LH,상권확장,93,50,94,49
20201,1117069000,서빙고동,HH,정체,99,56,94,49
20201,1117066000,이태원2동,LL,다이나믹,72,45,94,49
20201,1120054000,마장동,HH,정체,109,57,94,49
20201,1120064500,옥수동,LL,다이나믹,79,47,94,49
20201,1120058000,응봉동,LL,다이나믹,91,48,94,49
20201,1121581000,광장동,LH,상권확장,84,50,94,49
20201,1121573000,군자동,LL,다이나믹,93,48,94,49
20201,1121583000,자양2동,LL,다이나믹,92,49,94,49
20201,1121575000,중곡2동,LL,다이나믹,92,46,94,49
20201,1123066000,장안2동,LL,다이나믹,92,46,94,49
20201,1126061000,중화2동,HL,상권축소,95,47,94,49
20201,1129055500,삼선동,HL,상권축소,95,49,94,49
20201,1129052500,성북동,LH,상권확장,93,54,94,49
20201,1129064000,정릉3동,HH,정체,95,54,94,49
20201,1130562500,수유2동,LL,다이나믹,89,47,94,49
20201,1130564500,우이동,LH,상권확장,93,50,94,49
20201,1132070000,방학2동,LL,다이나믹,90,45,94,49
20201,1135059500,공릉1동,LL,다이나믹,92,49,94,49
20201,1135060000,공릉2동,LL,다이나믹,81,48,94,49
20201,1135063000,상계1동,LL,다이나믹,83,46,94,49
20201,1135067000,상계5동,LL,다이나믹,89,46,94,49
20201,1135070000,상계8동,LL,다이나믹,89,49,94,49
20201,1135056000,월계1동,LL,다이나믹,90,49,94,49
20201,1135061100,하계1동,LH,상권확장,87,50,94,49
20201,1138062500,역촌동,LL,다이나믹,86,46,94,49
20201,1141058500,신촌동,LL,다이나믹,93,49,94,49
20201,1141068500,홍은2동,LH,상권확장,91,52,94,49
20201,1144066000,서교동,LL,다이나믹,72,45,94,49
20201,1144059000,용강동,LL,다이나믹,92,49,94,49
20201,1147051000,목1동,LL,다이나믹,79,47,94,49
20201,1147061100,신월7동,HL,상권축소,96,44,94,49
20201,1147063000,신정2동,LL,다이나믹,92,47,94,49
20201,1147064000,신정3동,LH,상권확장,93,50,94,49
20201,1147065000,신정4동,LL,다이나믹,91,45,94,49
20201,1150060500,가양3동,LH,상권확장,83,53,94,49
20201,1150051000,염창동,LH,상권확장,92,52,94,49
20201,1150061500,우장산동,LL,다이나믹,80,47,94,49
20201,1153054000,구로3동,LL,다이나믹,75,45,94,49
20201,1154551000,가산동,LL,다이나믹,70,47,94,49
20201,1156070000,대림1동,HL,상권축소,107,47,94,49
20201,1156067000,신길5동,LL,다이나믹,90,49,94,49
20201,1159065100,사당5동,LL,다이나믹,88,48,94,49
20201,1162069500,신림동,LL,다이나믹,90,47,94,49
20201,1162062500,인헌동,LL,다이나믹,92,49,94,49
20201,1162072500,조원동,HL,상권축소,99,45,94,49
20201,1165058000,반포3동,HH,정체,102,57,94,49
20201,1168061000,대치2동,HH,정체,94,50,94,49
20201,1168059000,삼성2동,LL,다이나믹,85,45,94,49
20201,1168074000,일원2동,HH,정체,97,50,94,49
20201,1171063100,가락1동,HH,정체,149,89,94,49
20201,1171053200,거여2동,HH,정체,97,51,94,49
20201,1171056100,방이1동,LL,다이나믹,88,47,94,49
20201,1174053000,명일1동,HL,상권축소,95,48,94,49
20201,1174064000,성내1동,HL,상권축소,97,47,94,49
20201,1174062000,천호3동,HL,상권축소,94,46,94,49
20201,1174069000,둔촌1동,HH,정체,136,60,94,49
20201,1111060000,가회동,HH,정체,95,55,94,49
20201,1111058000,교남동,HH,정체,111,56,94,49
20201,1111064000,이화동,LH,상권확장,86,53,94,49
20201,1111065000,혜화동,HH,정체,96,50,94,49
20201,1114061500,신당동,LH,상권확장,81,60,94,49
20201,1114068000,중림동,HH,정체,102,53,94,49
20201,1114064500,청구동,LL,다이나믹,85,47,94,49
20201,1117065000,이태원1동,HH,정체,110,60,94,49
20201,1117051000,후암동,LH,상권확장,89,54,94,49
20201,1120067000,성수2가1동,LL,다이나믹,87,47,94,49
20201,1120069000,성수2가3동,LH,상권확장,77,51,94,49
20201,1120079000,용답동,HH,정체,119,54,94,49
20201,1120057000,행당2동,LL,다이나믹,80,48,94,49
20201,1121587000,구의3동,HH,정체,105,54,94,49
20201,1123060000,답십리1동,LH,상권확장,91,51,94,49
20201,1123071000,회기동,LL,다이나믹,87,46,94,49
20201,1126066000,망우3동,LL,다이나믹,89,44,94,49
20201,1129059000,돈암2동,LL,다이나믹,81,43,94,49
20201,1129071500,월곡1동,HL,상권축소,94,47,94,49
20201,1129062000,정릉1동,LH,상권확장,93,50,94,49
20201,1129065000,정릉4동,LH,상권확장,87,53,94,49
20201,1130561500,수유1동,HL,상권축소,98,48,94,49
20201,1132051400,창4동,LL,다이나믹,94,48,94,49
20201,1132051500,창5동,LL,다이나믹,87,47,94,49
20201,1135069500,상계6?7동,HL,상권축소,94,46,94,49
20201,1135061200,하계2동,LH,상권확장,93,50,94,49
20201,1138055100,갈현1동,LL,다이나믹,87,47,94,49
20201,1138060000,응암3동,HH,정체,99,49,94,49
20201,1141061500,연희동,LH,상권확장,90,50,94,49
20201,1144056500,공덕동,HH,정체,106,51,94,49
20201,1147068000,신정7동,LL,다이나믹,88,49,94,49
20201,1150056000,화곡3동,LL,다이나믹,81,47,94,49
20201,1153059500,가리봉동,HL,상권축소,98,45,94,49
20201,1153056000,구로5동,LL,다이나믹,84,47,94,49
20201,1154568000,시흥2동,LL,다이나믹,80,49,94,49
20201,1154570000,시흥4동,HL,상권축소,100,43,94,49
20201,1156055000,당산1동,HL,상권축소,98,49,94,49
20201,1156071000,대림2동,LL,다이나믹,84,43,94,49
20201,1159051000,노량진1동,HH,정체,108,57,94,49
20201,1162068500,신사동,LL,다이나믹,91,46,94,49
20201,1162060500,은천동,LL,다이나믹,90,47,94,49
20201,1162061500,중앙동,LL,다이나믹,91,47,94,49
20201,1162059500,청룡동,LL,다이나믹,89,47,94,49
20201,1162054500,청림동,LH,상권확장,78,50,94,49
20201,1165053000,서초3동,HH,정체,98,51,94,49
20201,1168058000,삼성1동,LH,상권확장,88,53,94,49
20201,1168073000,일원1동,HL,상권축소,103,48,94,49
20201,1171064100,문정1동,LL,다이나믹,91,47,94,49
20201,1171059000,송파2동,LL,다이나믹,88,45,94,49
20201,1171057000,오금동,HL,상권축소,94,49,94,49
20201,1171071000,잠실6동,LL,다이나믹,80,48,94,49
20201,1174052000,상일동,LL,다이나믹,87,48,94,49
20201,1174058000,암사2동,LL,다이나믹,93,48,94,49
20201,1174060000,천호1동,LL,다이나믹,85,46,94,49
20201,1111067000,창신1동,HH,정체,103,61,94,49
20201,1114059000,광희동,HH,정체,124,54,94,49
20201,1114052000,소공동,HH,정체,134,65,94,49
20201,1117064000,이촌2동,HH,정체,110,62,94,49
20201,1117062500,한강로동,HH,정체,112,55,94,49
20201,1120061500,금호2?3가동,HH,정체,98,54,94,49
20201,1120065000,성수1가1동,LH,상권확장,85,50,94,49
20201,1120053500,왕십리도선동,LL,다이나믹,76,49,94,49
20201,1123056000,전농1동,LH,상권확장,92,50,94,49
20201,1126052000,면목2동,HL,상권축소,95,45,94,49
20201,1126058000,상봉1동,LL,다이나믹,78,46,94,49
20201,1129068500,길음2동,LL,다이나믹,88,48,94,49
20201,1129060000,안암동,LH,상권확장,89,50,94,49
20201,1130553500,미아동,LL,다이나믹,89,46,94,49
20201,1130560300,번2동,HL,상권축소,95,49,94,49
20201,1130560800,번3동,LL,다이나믹,91,45,94,49
20201,1130563500,수유3동,LL,다이나믹,88,45,94,49
20201,1132069000,방학1동,LL,다이나믹,86,45,94,49
20201,1132071000,방학3동,LH,상권확장,88,50,94,49
20201,1132051200,창2동,LL,다이나믹,92,46,94,49
20201,1135064000,상계2동,LL,다이나믹,85,44,94,49
20201,1135062100,중계1동,LL,다이나믹,86,46,94,49
20201,1138052000,불광1동,LH,상권확장,92,52,94,49
20201,1138053000,불광2동,HH,정체,95,50,94,49
20201,1138065000,수색동,HH,정체,124,60,94,49
20201,1141066000,홍은1동,HH,정체,107,52,94,49
20201,1141064000,홍제3동,HH,정체,105,55,94,49
20201,1144065500,서강동,LL,다이나믹,74,43,94,49
20201,1144073000,성산2동,LH,상권확장,88,54,94,49
20201,1144063000,신수동,LH,상권확장,84,51,94,49
20201,1144055500,아현동,LH,상권확장,93,51,94,49
20201,1147056000,신월1동,HL,상권축소,95,44,94,49
20201,1153072000,고척1동,HL,상권축소,98,49,94,49
20201,1156072000,대림3동,HL,상권축소,95,44,94,49
20201,1159053000,상도1동,LH,상권확장,93,52,94,49
20201,1162058500,낙성대동,LL,다이나믹,79,48,94,49
20201,1162052500,보라매동,LL,다이나믹,83,49,94,49
20201,1165062000,방배3동,HL,상권축소,115,49,94,49
20201,1165062100,방배4동,HH,정체,105,52,94,49
20201,1165059000,방배본동,HL,상권축소,101,48,94,49
20201,1168066000,개포1동,HH,정체,96,60,94,49
20201,1168069000,개포4동,HL,상권축소,104,48,94,49
20201,1168070000,세곡동,LL,다이나믹,56,43,94,49
20201,1168064000,역삼1동,LL,다이나믹,82,45,94,49
20201,1168065000,역삼2동,LL,다이나믹,83,44,94,49
20201,1171063200,가락2동,HL,상권축소,95,47,94,49
20201,1171060000,석촌동,LL,다이나믹,88,46,94,49
20201,1171072000,잠실7동,HH,정체,122,60,94,49
20201,1171065000,잠실본동,LL,다이나믹,93,46,94,49
20201,1174051500,강일동,LL,다이나믹,63,43,94,49
20201,1174068500,길동,LL,다이나믹,90,45,94,49
20201,1114057000,필동,HH,정체,123,54,94,49
20201,1114067000,황학동,HH,정체,107,63,94,49
20201,1117052000,용산2가동,LL,다이나믹,70,45,94,49
20201,1117063000,이촌1동,HH,정체,121,58,94,49
20201,1117058000,효창동,HH,정체,95,58,94,49
20201,1120055000,사근동,LH,상권확장,78,51,94,49
20201,1120066000,성수1가2동,LL,다이나믹,72,49,94,49
20201,1120072000,송정동,HL,상권축소,100,47,94,49
20201,1121578000,능동,LH,상권확장,88,51,94,49
20201,1121582000,자양1동,LL,다이나믹,92,47,94,49
20201,1121584000,자양3동,LL,다이나믹,81,49,94,49
20201,1121577000,중곡4동,HH,정체,95,49,94,49
20201,1123070500,청량리동,HH,정체,150,55,94,49
20201,1126057500,면목3?8동,LL,다이나믹,91,46,94,49
20201,1126055000,면목5동,LL,다이나믹,91,46,94,49
20201,1126057000,면목7동,HL,상권축소,101,45,94,49
20201,1129057500,동선동,LL,다이나믹,90,48,94,49
20201,1129081000,석관동,HH,정체,105,50,94,49
20201,1129076000,장위1동,HL,상권축소,98,49,94,49
20201,1129070500,종암동,HH,정체,94,51,94,49
20201,1130553400,삼양동,HL,상권축소,98,47,94,49
20201,1132052100,도봉1동,HL,상권축소,98,48,94,49
20201,1132051100,창1동,LL,다이나믹,88,48,94,49
20201,1135058000,월계3동,LL,다이나믹,90,49,94,49
20201,1138056000,구산동,LL,다이나믹,88,48,94,49
20201,1138051000,녹번동,LL,다이나믹,86,49,94,49
20201,1141071000,북가좌1동,LL,다이나믹,80,44,94,49
20201,1141072000,북가좌2동,LL,다이나믹,88,47,94,49
20201,1147053000,목3동,HL,상권축소,95,49,94,49
20201,1147061000,신월6동,HH,정체,102,53,94,49
20201,1147062000,신정1동,HL,상권축소,96,46,94,49
20201,1150053000,등촌2동,HL,상권축소,94,46,94,49
20201,1150064000,방화2동,LH,상권확장,84,51,94,49
20201,1150055000,화곡2동,LL,다이나믹,90,47,94,49
20201,1150057000,화곡4동,LL,다이나믹,91,46,94,49
20201,1153074000,개봉1동,HH,정체,95,50,94,49
20201,1153079000,수궁동,LH,상권확장,91,50,94,49
20201,1154561000,독산1동,LH,상권확장,86,50,94,49
20201,1154563000,독산3동,HL,상권축소,105,45,94,49
20201,1156058500,도림동,LL,다이나믹,93,49,94,49
20201,1156062000,양평2동,HL,상권축소,96,49,94,49
20201,1156053500,영등포동,HH,정체,113,55,94,49
20201,1159052000,노량진2동,HH,정체,119,55,94,49
20201,1159065000,사당4동,LL,다이나믹,93,48,94,49
20201,1162073500,대학동,LL,다이나믹,88,45,94,49
20201,1162066500,서림동,LL,다이나믹,91,49,94,49
20201,1165057000,반포2동,HH,정체,101,60,94,49
20201,1171062000,가락본동,LL,다이나믹,89,45,94,49
20201,1171054000,마천1동,HL,상권축소,98,45,94,49
20201,1171055000,마천2동,HH,정체,103,50,94,49
20201,1171064200,문정2동,LL,다이나믹,59,37,94,49
20201,1171056600,오륜동,HH,정체,126,61,94,49
20201,1174056000,고덕2동,LH,상권확장,69,52,94,49
20201,1174065000,성내2동,LL,다이나믹,92,44,94,49
20201,1174057000,암사1동,LL,다이나믹,90,44,94,49
20201,1174059000,암사3동,LH,상권확장,78,53,94,49
20201,1111055000,부암동,LH,상권확장,92,53,94,49
20201,1117053000,남영동,HH,정체,98,54,94,49
20201,1117068500,한남동,LH,상권확장,83,50,94,49
20201,1120062000,금호4가동,LH,상권확장,92,53,94,49
20201,1123073000,휘경2동,LL,다이나믹,81,48,94,49
20201,1126062000,묵1동,LL,다이나믹,84,49,94,49
20201,1126063000,묵2동,LL,다이나믹,92,47,94,49
20201,1126059000,상봉2동,LL,다이나믹,92,48,94,49
20201,1126069000,신내2동,LL,다이나믹,87,48,94,49
20201,1129058000,돈암1동,LH,상권확장,83,52,94,49
20201,1129061000,보문동,HL,상권축소,95,48,94,49
20201,1129063000,정릉2동,HH,정체,99,51,94,49
20201,1130559500,번1동,LL,다이나믹,88,44,94,49
20201,1130557500,삼각산동,LL,다이나믹,82,46,94,49
20201,1132052200,도봉2동,LL,다이나믹,90,45,94,49
20201,1132068000,쌍문3동,LL,다이나믹,91,48,94,49
20201,1132051300,창3동,HL,상권축소,94,49,94,49
20201,1135062400,중계4동,LL,다이나믹,88,45,94,49
20201,1138055200,갈현2동,LL,다이나믹,84,47,94,49
20201,1138064000,증산동,HH,정체,106,50,94,49
20201,1141055500,북아현동,HH,정체,109,55,94,49
20201,1144070000,망원2동,LL,다이나믹,86,45,94,49
20201,1144074000,상암동,LL,다이나믹,60,41,94,49
20201,1150052000,등촌1동,LH,상권확장,80,50,94,49
20201,1150059300,화곡8동,LL,다이나믹,82,47,94,49
20201,1150059000,화곡본동,HL,상권축소,94,49,94,49
20201,1153055000,구로4동,HL,상권축소,95,45,94,49
20201,1153080000,항동,LH,상권확장,44,57,94,49
20201,1156063000,신길1동,HH,정체,110,50,94,49
20201,1156061000,양평1동,LL,다이나믹,82,49,94,49
20201,1156051500,영등포본동,LH,상권확장,79,51,94,49
20201,1159056000,상도4동,LL,다이나믹,90,49,94,49
20201,1159060500,흑석동,HH,정체,95,54,94,49
20201,1162063000,남현동,LH,상권확장,90,51,94,49
20201,1162064500,서원동,LH,상권확장,92,53,94,49
20201,1162056500,성현동,LL,다이나믹,84,45,94,49
20201,1162065500,신원동,LL,다이나믹,92,46,94,49
20201,1162057500,행운동,HH,정체,99,50,94,49
20201,1165056000,반포1동,LL,다이나믹,83,43,94,49
20201,1165060000,방배1동,LH,상권확장,91,50,94,49
20201,1165065100,양재1동,HH,정체,94,50,94,49
20201,1168067000,개포2동,HH,정체,96,50,94,49
20201,1168053100,논현2동,LL,다이나믹,84,46,94,49
20201,1168063000,대치4동,LL,다이나믹,77,45,94,49
20201,1168051000,신사동,LL,다이나믹,85,47,94,49
20201,1168054500,압구정동,LL,다이나믹,93,46,94,49
20201,1168072000,일원본동,LL,다이나믹,92,49,94,49
20201,1171061000,삼전동,LL,다이나믹,87,45,94,49
20201,1171069000,잠실4동,LL,다이나믹,85,47,94,49
20201,1171064600,장지동,LL,다이나믹,83,45,94,49
20201,1174070000,둔촌2동,HL,상권축소,96,46,94,49
20201,1111057000,무악동,HH,정체,98,61,94,49
20201,1111068000,창신2동,HH,정체,106,56,94,49
20201,1114065000,신당5동,LH,상권확장,85,50,94,49
20201,1114054000,회현동,HH,정체,137,65,94,49
20201,1117059000,용문동,HL,상권축소,101,49,94,49
20201,1117057000,원효로2동,HH,정체,115,51,94,49
20201,1120056000,행당1동,LH,상권확장,87,51,94,49
20201,1121586000,구의2동,LH,상권확장,91,51,94,49
20201,1121584700,자양4동,LL,다이나믹,88,48,94,49
20201,1121576000,중곡3동,LL,다이나믹,90,46,94,49
20201,1121571000,화양동,LL,다이나믹,82,48,94,49
20201,1123074000,이문1동,HH,정체,101,53,94,49
20201,1126065500,망우본동,HL,상권축소,98,47,94,49
20201,1130554500,송중동,LL,다이나믹,81,47,94,49
20201,1130555500,송천동,HL,상권축소,96,47,94,49
20201,1135072000,상계10동,LL,다이나믹,82,46,94,49
20201,1135071000,상계9동,HL,상권축소,97,48,94,49
20201,1135057000,월계2동,LH,상권확장,86,50,94,49
20201,1135062500,중계2?3동,LH,상권확장,85,50,94,49
20201,1138063100,신사1동,LL,다이나믹,94,47,94,49
20201,1141052000,천연동,HH,정체,105,52,94,49
20201,1144072000,성산1동,LL,다이나믹,83,48,94,49
20201,1147059000,신월4동,HL,상권축소,94,48,94,49
20201,1147060000,신월5동,LL,다이나믹,90,49,94,49
20201,1147067000,신정6동,LL,다이나믹,82,44,94,49
20201,1150053500,등촌3동,LL,다이나믹,76,48,94,49
20201,1150061100,발산1동,LH,상권확장,74,50,94,49
20201,1150063000,방화1동,LL,다이나믹,83,45,94,49
20201,1150064100,방화3동,HL,상권축소,97,48,94,49
20201,1150059100,화곡6동,LL,다이나믹,84,44,94,49
20201,1153077000,오류1동,LH,상권확장,90,51,94,49
20201,1154571000,시흥5동,HL,상권축소,99,49,94,49
20201,1156056000,당산2동,LH,상권확장,90,50,94,49
20201,1156068000,신길6동,HL,상권축소,98,48,94,49
20201,1159068000,신대방2동,HL,상권축소,101,49,94,49
20201,1162077500,난곡동,HH,정체,99,51,94,49
20201,1162071500,난향동,LL,다이나믹,79,45,94,49
20201,1165066000,내곡동,HH,정체,100,61,94,49
20201,1165058100,반포4동,HH,정체,127,60,94,49
20201,1165051000,서초1동,HH,정체,104,52,94,49
20201,1165052000,서초2동,LL,다이나믹,85,46,94,49
20201,1165053100,서초4동,HL,상권축소,100,49,94,49
20201,1168052100,논현1동,LL,다이나믹,86,45,94,49
20201,1168065600,도곡2동,HL,상권축소,99,49,94,49
20201,1171053100,거여1동,LL,다이나믹,88,45,94,49
20201,1171068000,잠실3동,HH,정체,100,62,94,49
20201,1171051000,풍납1동,HL,상권축소,111,49,94,49
20201,1111071000,숭인2동,HL,상권축소,102,45,94,49
20201,1111069000,창신3동,LL,다이나믹,84,49,94,49
20201,1114062500,다산동,LH,상권확장,91,52,94,49
20201,1114066500,동화동,LH,상권확장,83,52,94,49
20201,1114058000,장충동,HH,정체,116,55,94,49
20201,1120059000,금호1가동,LH,상권확장,88,51,94,49
20201,1120052000,왕십리2동,LH,상권확장,89,50,94,49
20201,1123053600,용신동,HH,정체,102,50,94,49
20201,1123075000,이문2동,HH,정체,97,50,94,49
20201,1123057000,전농2동,HL,상권축소,104,48,94,49
20201,1123072000,휘경1동,HH,정체,95,50,94,49
20201,1126056500,면목본동,LL,다이나믹,92,45,94,49
20201,1126060000,중화1동,HL,상권축소,95,48,94,49
20201,1129066000,길음1동,HH,정체,97,55,94,49
20201,1129078000,장위3동,HH,정체,94,56,94,49
20201,1135066500,상계3?4동,HL,상권축소,103,49,94,49
20201,1135061900,중계본동,LL,다이나믹,83,45,94,49
20201,1138057000,대조동,LH,상권확장,92,50,94,49
20201,1138063200,신사2동,LL,다이나믹,89,46,94,49
20201,1141056500,충현동,HH,정체,107,54,94,49
20201,1144060000,대흥동,LH,상권확장,93,50,94,49
20201,1144069000,망원1동,LL,다이나믹,75,47,94,49
20201,1144071000,연남동,LL,다이나믹,54,42,94,49
20201,1144068000,합정동,LL,다이나믹,68,47,94,49
20201,1147058000,신월3동,HL,상권축소,108,47,94,49
20201,1150062000,공항동,LL,다이나믹,88,47,94,49
20201,1150054000,화곡1동,LL,다이나믹,90,46,94,49
20201,1153075000,개봉2동,HH,정체,95,52,94,49
20201,1153076000,개봉3동,HL,상권축소,109,48,94,49
20201,1153052000,구로1동,HL,상권축소,109,49,94,49
20201,1153053000,구로2동,HH,정체,117,52,94,49
20201,1154564000,독산4동,HL,상권축소,98,47,94,49
20201,1154569000,시흥3동,HH,정체,124,57,94,49
20201,1156060500,문래동,LH,상권확장,86,51,94,49
20201,1156065000,신길3동,HH,정체,113,54,94,49
20201,1156066000,신길4동,HL,상권축소,106,48,94,49
20201,1156069000,신길7동,LL,다이나믹,88,48,94,49
20201,1159063000,사당2동,HL,상권축소,98,48,94,49
20201,1159064000,사당3동,HL,상권축소,95,47,94,49
20201,1159067000,신대방1동,HL,상권축소,106,47,94,49
20201,1162076500,미성동,HH,정체,99,50,94,49
20201,1162074500,삼성동,HH,정체,104,50,94,49
20201,1165054000,잠원동,LL,다이나믹,90,48,94,49
20201,1168060000,대치1동,HH,정체,94,50,94,49
20201,1168065500,도곡1동,HL,상권축소,96,49,94,49
20201,1168075000,수서동,HH,정체,96,53,94,49
20201,1171058000,송파1동,LL,다이나믹,91,46,94,49
20201,1171064700,위례동,LL,다이나믹,39,27,94,49
20201,1171067000,잠실2동,LL,다이나믹,73,40,94,49
20201,1174054000,명일2동,HH,정체,96,52,94,49
20201,1174061000,천호2동,LH,상권확장,89,50,94,49
20201,1111053000,사직동,HH,정체,109,56,94,49
20201,1111061500,종로1?2?3?4가동,HH,정체,129,63,94,49
20201,1111051500,청운효자동,LH,상권확장,89,52,94,49
20201,1111056000,평창동,HH,정체,103,56,94,49
20201,1114055000,명동,HH,정체,132,56,94,49
20201,1114060500,을지로동,HH,정체,147,65,94,49
20201,1117056000,원효로1동,HH,정체,106,53,94,49
20201,1117055500,청파동,HH,정체,99,50,94,49
20201,1121585000,구의1동,HL,상권축소,98,47,94,49
20201,1121574000,중곡1동,LL,다이나믹,94,48,94,49
20201,1123061000,답십리2동,HH,정체,114,54,94,49
20201,1123065000,장안1동,HL,상권축소,96,47,94,49
20201,1123054500,제기동,HH,정체,115,57,94,49
20201,1126054000,면목4동,LL,다이나믹,93,44,94,49
20201,1126068000,신내1동,LL,다이나믹,84,47,94,49
20201,1129072500,월곡2동,LH,상권확장,92,50,94,49
20201,1129077000,장위2동,HH,정체,115,54,94,49
20201,1130566000,인수동,LL,다이나믹,87,44,94,49
20201,1132066000,쌍문1동,LL,다이나믹,92,47,94,49
20201,1132067000,쌍문2동,LL,다이나믹,93,47,94,49
20201,1132068100,쌍문4동,LL,다이나믹,85,48,94,49
20201,1138058000,응암1동,HH,정체,99,50,94,49
20201,1138059000,응암2동,LL,다이나믹,80,47,94,49
20201,1138069000,진관동,LL,다이나믹,59,45,94,49
20201,1141069000,남가좌1동,HH,정체,104,58,94,49
20201,1141070000,남가좌2동,LL,다이나믹,90,48,94,49
20201,1141062000,홍제1동,HH,정체,107,50,94,49
20201,1141065500,홍제2동,HH,정체,103,55,94,49
20201,1144058500,도화동,LH,상권확장,93,51,94,49
20201,1144061000,염리동,LL,다이나믹,89,48,94,49
20201,1147052000,목2동,LL,다이나믹,90,49,94,49
20201,1147054000,목4동,LL,다이나믹,91,44,94,49
20201,1147055000,목5동,LL,다이나믹,87,48,94,49
20201,1147057000,신월2동,HH,정체,95,49,94,49
20201,1150060300,가양1동,LL,다이나믹,45,42,94,49
20201,1150060400,가양2동,LL,다이나믹,90,49,94,49
20201,1153073000,고척2동,HL,상권축소,98,47,94,49
20201,1153051000,신도림동,LL,다이나믹,84,46,94,49
20201,1153078000,오류2동,LL,다이나믹,78,47,94,49
20201,1154562000,독산2동,LL,다이나믹,93,46,94,49
20201,1154567000,시흥1동,HH,정체,96,50,94,49
20201,1156054000,여의동,HH,정체,107,50,94,49
20201,1159066000,대방동,HH,정체,95,50,94,49
20201,1159062000,사당1동,LL,다이나믹,90,47,94,49
20201,1159054000,상도2동,HH,정체,101,51,94,49
20201,1159055000,상도3동,HL,상권축소,95,45,94,49
20201,1165055000,반포본동,HH,정체,123,53,94,49
20201,1165061000,방배2동,LH,상권확장,87,52,94,49
20201,1165065200,양재2동,HL,상권축소,112,48,94,49
20201,1168056500,청담동,LL,다이나믹,87,49,94,49
20201,1171056200,방이2동,LL,다이나믹,86,47,94,49
20201,1171052000,풍납2동,HH,정체,103,51,94,49
20201,1174055000,고덕1동,LL,다이나믹,71,46,94,49
20201,1174066000,성내3동,HL,상권축소,97,45,94,49
20202,1111054000,삼청동,LH,상권확장,85,53,94,50
20202,1111070000,숭인1동,HH,정체,96,56,94,50
20202,1111063000,종로5?6가동,HH,정체,121,63,94,50
20202,1114063500,약수동,LH,상권확장,90,53,94,50
20202,1117070000,보광동,HH,정체,95,50,94,50
20202,1117069000,서빙고동,HH,정체,98,57,94,50
20202,1117066000,이태원2동,LL,다이나믹,71,45,94,50
20202,1120054000,마장동,HH,정체,110,58,94,50
20202,1120064500,옥수동,LL,다이나믹,81,47,94,50
20202,1120058000,응봉동,LL,다이나믹,90,48,94,50
20202,1121581000,광장동,LH,상권확장,84,51,94,50
20202,1121573000,군자동,LL,다이나믹,94,48,94,50
20202,1121583000,자양2동,LL,다이나믹,92,49,94,50
20202,1121575000,중곡2동,LL,다이나믹,93,46,94,50
20202,1123066000,장안2동,LL,다이나믹,92,46,94,50
20202,1126061000,중화2동,HL,상권축소,95,47,94,50
20202,1129055500,삼선동,HL,상권축소,95,49,94,50
20202,1129052500,성북동,HH,정체,94,54,94,50
20202,1129064000,정릉3동,HH,정체,97,53,94,50
20202,1130562500,수유2동,LL,다이나믹,89,48,94,50
20202,1130564500,우이동,LH,상권확장,93,50,94,50
20202,1132070000,방학2동,LL,다이나믹,90,45,94,50
20202,1135059500,공릉1동,LL,다이나믹,93,49,94,50
20202,1135060000,공릉2동,LL,다이나믹,81,48,94,50
20202,1135063000,상계1동,LL,다이나믹,83,46,94,50
20202,1135067000,상계5동,LL,다이나믹,89,46,94,50
20202,1135070000,상계8동,LH,상권확장,88,50,94,50
20202,1135056000,월계1동,LL,다이나믹,89,49,94,50
20202,1135061100,하계1동,LH,상권확장,87,50,94,50
20202,1138062500,역촌동,LL,다이나믹,86,46,94,50
20202,1141058500,신촌동,LL,다이나믹,94,49,94,50
20202,1141068500,홍은2동,LH,상권확장,92,52,94,50
20202,1144066000,서교동,LL,다이나믹,74,45,94,50
20202,1144059000,용강동,LL,다이나믹,93,49,94,50
20202,1147051000,목1동,LL,다이나믹,80,48,94,50
20202,1147061100,신월7동,HL,상권축소,96,45,94,50
20202,1147063000,신정2동,LL,다이나믹,92,47,94,50
20202,1147064000,신정3동,LH,상권확장,93,50,94,50
20202,1147065000,신정4동,LL,다이나믹,92,46,94,50
20202,1150060500,가양3동,LH,상권확장,85,52,94,50
20202,1150051000,염창동,LH,상권확장,92,52,94,50
20202,1150061500,우장산동,LL,다이나믹,81,47,94,50
20202,1153054000,구로3동,LL,다이나믹,76,45,94,50
20202,1154551000,가산동,LL,다이나믹,72,47,94,50
20202,1156070000,대림1동,HL,상권축소,106,47,94,50
20202,1156067000,신길5동,LL,다이나믹,92,49,94,50
20202,1159065100,사당5동,LL,다이나믹,88,49,94,50
20202,1162069500,신림동,LL,다이나믹,90,48,94,50
20202,1162062500,인헌동,LH,상권확장,91,50,94,50
20202,1162072500,조원동,HL,상권축소,100,45,94,50
20202,1165058000,반포3동,HH,정체,103,57,94,50
20202,1168061000,대치2동,HH,정체,95,50,94,50
20202,1168059000,삼성2동,LL,다이나믹,86,45,94,50
20202,1168074000,일원2동,HH,정체,98,50,94,50
20202,1171063100,가락1동,HH,정체,150,91,94,50
20202,1171053200,거여2동,HH,정체,97,51,94,50
20202,1171056100,방이1동,LL,다이나믹,88,47,94,50
20202,1174053000,명일1동,HL,상권축소,96,48,94,50
20202,1174064000,성내1동,HL,상권축소,97,47,94,50
20202,1174062000,천호3동,LL,다이나믹,94,47,94,50
20202,1174069000,둔촌1동,HH,정체,137,60,94,50
20202,1111060000,가회동,HH,정체,97,56,94,50
20202,1111058000,교남동,HH,정체,111,56,94,50
20202,1111064000,이화동,LH,상권확장,88,53,94,50
20202,1111065000,혜화동,HH,정체,97,51,94,50
20202,1114061500,신당동,LH,상권확장,83,61,94,50
20202,1114068000,중림동,HH,정체,103,54,94,50
20202,1114064500,청구동,LL,다이나믹,85,47,94,50
20202,1117065000,이태원1동,HH,정체,112,60,94,50
20202,1117051000,후암동,LH,상권확장,89,54,94,50
20202,1120067000,성수2가1동,LL,다이나믹,87,47,94,50
20202,1120069000,성수2가3동,LH,상권확장,78,51,94,50
20202,1120079000,용답동,HH,정체,120,54,94,50
20202,1120057000,행당2동,LL,다이나믹,80,49,94,50
20202,1121587000,구의3동,HH,정체,105,54,94,50
20202,1123060000,답십리1동,LH,상권확장,91,51,94,50
20202,1123071000,회기동,LL,다이나믹,88,46,94,50
20202,1126066000,망우3동,LL,다이나믹,88,44,94,50
20202,1129059000,돈암2동,LL,다이나믹,80,43,94,50
20202,1129071500,월곡1동,HL,상권축소,96,47,94,50
20202,1129062000,정릉1동,LH,상권확장,92,51,94,50
20202,1129065000,정릉4동,LH,상권확장,87,53,94,50
20202,1130561500,수유1동,HL,상권축소,99,48,94,50
20202,1132051400,창4동,LL,다이나믹,94,48,94,50
20202,1132051500,창5동,LL,다이나믹,88,47,94,50
20202,1135069500,상계6?7동,HL,상권축소,95,46,94,50
20202,1135061200,하계2동,LH,상권확장,92,51,94,50
20202,1138055100,갈현1동,LL,다이나믹,88,47,94,50
20202,1138060000,응암3동,HL,상권축소,98,50,94,50
20202,1141061500,연희동,LH,상권확장,90,50,94,50
20202,1144056500,공덕동,HH,정체,105,51,94,50
20202,1147068000,신정7동,LL,다이나믹,89,49,94,50
20202,1150056000,화곡3동,LL,다이나믹,82,47,94,50
20202,1153059500,가리봉동,HL,상권축소,99,45,94,50
20202,1153056000,구로5동,LL,다이나믹,85,47,94,50
20202,1154568000,시흥2동,LL,다이나믹,80,49,94,50
20202,1154570000,시흥4동,HL,상권축소,99,43,94,50
20202,1156055000,당산1동,HL,상권축소,97,49,94,50
20202,1156071000,대림2동,LL,다이나믹,85,43,94,50
20202,1159051000,노량진1동,HH,정체,108,59,94,50
20202,1162068500,신사동,LL,다이나믹,91,46,94,50
20202,1162060500,은천동,LL,다이나믹,90,47,94,50
20202,1162061500,중앙동,LL,다이나믹,91,47,94,50
20202,1162059500,청룡동,LL,다이나믹,89,47,94,50
20202,1162054500,청림동,LH,상권확장,77,50,94,50
20202,1165053000,서초3동,HH,정체,98,51,94,50
20202,1168058000,삼성1동,LH,상권확장,89,53,94,50
20202,1168073000,일원1동,HL,상권축소,105,48,94,50
20202,1171064100,문정1동,LL,다이나믹,91,47,94,50
20202,1171059000,송파2동,LL,다이나믹,90,45,94,50
20202,1171057000,오금동,HL,상권축소,96,49,94,50
20202,1171071000,잠실6동,LL,다이나믹,82,48,94,50
20202,1174052000,상일동,LL,다이나믹,83,48,94,50
20202,1174058000,암사2동,LL,다이나믹,93,48,94,50
20202,1174060000,천호1동,LL,다이나믹,86,46,94,50
20202,1111067000,창신1동,HH,정체,103,62,94,50
20202,1114059000,광희동,HH,정체,126,54,94,50
20202,1114052000,소공동,HH,정체,135,66,94,50
20202,1117064000,이촌2동,HH,정체,110,63,94,50
20202,1117062500,한강로동,HH,정체,113,56,94,50
20202,1120061500,금호2?3가동,HH,정체,99,53,94,50
20202,1120065000,성수1가1동,LH,상권확장,84,51,94,50
20202,1120053500,왕십리도선동,LL,다이나믹,76,49,94,50
20202,1123056000,전농1동,LH,상권확장,93,50,94,50
20202,1126052000,면목2동,HL,상권축소,95,45,94,50
20202,1126058000,상봉1동,LL,다이나믹,78,46,94,50
20202,1129068500,길음2동,LL,다이나믹,88,48,94,50
20202,1129060000,안암동,LH,상권확장,90,50,94,50
20202,1130553500,미아동,LL,다이나믹,90,46,94,50
20202,1130560300,번2동,HL,상권축소,95,49,94,50
20202,1130560800,번3동,LL,다이나믹,92,46,94,50
20202,1130563500,수유3동,LL,다이나믹,89,45,94,50
20202,1132069000,방학1동,LL,다이나믹,87,46,94,50
20202,1132071000,방학3동,LH,상권확장,88,50,94,50
20202,1132051200,창2동,LL,다이나믹,93,46,94,50
20202,1135064000,상계2동,LL,다이나믹,85,45,94,50
20202,1135062100,중계1동,LL,다이나믹,87,47,94,50
20202,1138052000,불광1동,LH,상권확장,93,52,94,50
20202,1138053000,불광2동,HH,정체,94,50,94,50
20202,1138065000,수색동,HH,정체,123,60,94,50
20202,1141066000,홍은1동,HH,정체,104,52,94,50
20202,1141064000,홍제3동,HH,정체,104,55,94,50
20202,1144065500,서강동,LL,다이나믹,75,43,94,50
20202,1144073000,성산2동,LH,상권확장,88,54,94,50
20202,1144063000,신수동,LH,상권확장,84,51,94,50
20202,1144055500,아현동,LH,상권확장,93,51,94,50
20202,1147056000,신월1동,LL,다이나믹,94,44,94,50
20202,1153072000,고척1동,HL,상권축소,99,49,94,50
20202,1156072000,대림3동,HL,상권축소,95,44,94,50
20202,1159053000,상도1동,LH,상권확장,93,52,94,50
20202,1162058500,낙성대동,LL,다이나믹,80,48,94,50
20202,1162052500,보라매동,LL,다이나믹,84,48,94,50
20202,1165062000,방배3동,HL,상권축소,116,49,94,50
20202,1165062100,방배4동,HH,정체,105,52,94,50
20202,1165059000,방배본동,HL,상권축소,101,48,94,50
20202,1168066000,개포1동,LH,상권확장,92,61,94,50
20202,1168069000,개포4동,HL,상권축소,105,48,94,50
20202,1168070000,세곡동,LL,다이나믹,56,44,94,50
20202,1168064000,역삼1동,LL,다이나믹,82,45,94,50
20202,1168065000,역삼2동,LL,다이나믹,84,45,94,50
20202,1171063200,가락2동,HL,상권축소,96,48,94,50
20202,1171060000,석촌동,LL,다이나믹,87,46,94,50
20202,1171072000,잠실7동,HH,정체,124,61,94,50
20202,1171065000,잠실본동,LL,다이나믹,93,47,94,50
20202,1174051500,강일동,LL,다이나믹,62,44,94,50
20202,1174068500,길동,LL,다이나믹,91,46,94,50
20202,1114057000,필동,HH,정체,125,55,94,50
20202,1114067000,황학동,HH,정체,107,63,94,50
20202,1117052000,용산2가동,LL,다이나믹,71,45,94,50
20202,1117063000,이촌1동,HH,정체,121,59,94,50
20202,1117058000,효창동,LH,상권확장,93,58,94,50
20202,1120055000,사근동,LH,상권확장,79,50,94,50
20202,1120066000,성수1가2동,LL,다이나믹,72,49,94,50
20202,1120072000,송정동,HL,상권축소,99,47,94,50
20202,1121578000,능동,LH,상권확장,88,51,94,50
20202,1121582000,자양1동,LL,다이나믹,91,47,94,50
20202,1121584000,자양3동,LL,다이나믹,83,49,94,50
20202,1121577000,중곡4동,LH,상권확장,94,50,94,50
20202,1123070500,청량리동,HH,정체,149,55,94,50
20202,1126057500,면목3?8동,LL,다이나믹,91,46,94,50
20202,1126055000,면목5동,LL,다이나믹,91,46,94,50
20202,1126057000,면목7동,HL,상권축소,100,45,94,50
20202,1129057500,동선동,LL,다이나믹,91,48,94,50
20202,1129081000,석관동,HH,정체,105,50,94,50
20202,1129076000,장위1동,HH,정체,98,50,94,50
20202,1129070500,종암동,HH,정체,95,51,94,50
20202,1130553400,삼양동,HL,상권축소,99,48,94,50
20202,1132052100,도봉1동,HL,상권축소,98,48,94,50
20202,1132051100,창1동,LL,다이나믹,88,48,94,50
20202,1135058000,월계3동,LL,다이나믹,86,49,94,50
20202,1138056000,구산동,LL,다이나믹,88,49,94,50
20202,1138051000,녹번동,LL,다이나믹,86,49,94,50
20202,1141071000,북가좌1동,LL,다이나믹,80,44,94,50
20202,1141072000,북가좌2동,LL,다이나믹,89,47,94,50
20202,1147053000,목3동,HL,상권축소,95,49,94,50
20202,1147061000,신월6동,LH,상권확장,92,54,94,50
20202,1147062000,신정1동,HL,상권축소,96,47,94,50
20202,1150053000,등촌2동,LL,다이나믹,94,46,94,50
20202,1150064000,방화2동,LH,상권확장,86,51,94,50
20202,1150055000,화곡2동,LL,다이나믹,89,47,94,50
20202,1150057000,화곡4동,LL,다이나믹,91,46,94,50
20202,1153074000,개봉1동,LH,상권확장,94,50,94,50
20202,1153079000,수궁동,LH,상권확장,90,51,94,50
20202,1154561000,독산1동,LH,상권확장,86,50,94,50
20202,1154563000,독산3동,HL,상권축소,105,45,94,50
20202,1156058500,도림동,LL,다이나믹,94,48,94,50
20202,1156062000,양평2동,HL,상권축소,96,49,94,50
20202,1156053500,영등포동,HH,정체,115,55,94,50
20202,1159052000,노량진2동,HH,정체,111,56,94,50
20202,1159065000,사당4동,LL,다이나믹,94,48,94,50
20202,1162073500,대학동,LL,다이나믹,89,45,94,50
20202,1162066500,서림동,LL,다이나믹,91,49,94,50
20202,1165057000,반포2동,HH,정체,104,60,94,50
20202,1171062000,가락본동,LL,다이나믹,90,45,94,50
20202,1171054000,마천1동,HL,상권축소,97,45,94,50
20202,1171055000,마천2동,HH,정체,103,50,94,50
20202,1171064200,문정2동,LL,다이나믹,60,38,94,50
20202,1171056600,오륜동,HH,정체,128,61,94,50
20202,1174056000,고덕2동,LH,상권확장,67,52,94,50
20202,1174065000,성내2동,LL,다이나믹,92,44,94,50
20202,1174057000,암사1동,LL,다이나믹,90,45,94,50
20202,1174059000,암사3동,LH,상권확장,76,53,94,50
20202,1111055000,부암동,LH,상권확장,94,53,94,50
20202,1117053000,남영동,HH,정체,99,54,94,50
20202,1117068500,한남동,LH,상권확장,84,50,94,50
20202,1120062000,금호4가동,LH,상권확장,94,53,94,50
20202,1123073000,휘경2동,LL,다이나믹,81,48,94,50
20202,1126062000,묵1동,LL,다이나믹,84,48,94,50
20202,1126063000,묵2동,LL,다이나믹,92,48,94,50
20202,1126059000,상봉2동,LL,다이나믹,92,49,94,50
20202,1126069000,신내2동,LL,다이나믹,88,48,94,50
20202,1129058000,돈암1동,LH,상권확장,85,52,94,50
20202,1129061000,보문동,HL,상권축소,95,48,94,50
20202,1129063000,정릉2동,HH,정체,98,51,94,50
20202,1130559500,번1동,LL,다이나믹,88,44,94,50
20202,1130557500,삼각산동,LL,다이나믹,81,46,94,50
20202,1132052200,도봉2동,LL,다이나믹,90,45,94,50
20202,1132068000,쌍문3동,LL,다이나믹,92,48,94,50
20202,1132051300,창3동,HL,상권축소,94,49,94,50
20202,1135062400,중계4동,LL,다이나믹,89,45,94,50
20202,1138055200,갈현2동,LL,다이나믹,84,48,94,50
20202,1138064000,증산동,HH,정체,106,50,94,50
20202,1141055500,북아현동,HH,정체,108,56,94,50
20202,1144070000,망원2동,LL,다이나믹,87,45,94,50
20202,1144074000,상암동,LL,다이나믹,61,41,94,50
20202,1150052000,등촌1동,LH,상권확장,81,50,94,50
20202,1150059300,화곡8동,LL,다이나믹,83,47,94,50
20202,1150059000,화곡본동,LL,다이나믹,94,49,94,50
20202,1153055000,구로4동,HL,상권축소,96,45,94,50
20202,1153080000,항동,LH,상권확장,41,56,94,50
20202,1156063000,신길1동,HH,정체,109,50,94,50
20202,1156061000,양평1동,LL,다이나믹,80,49,94,50
20202,1156051500,영등포본동,LH,상권확장,79,51,94,50
20202,1159056000,상도4동,LH,상권확장,89,50,94,50
20202,1159060500,흑석동,HH,정체,96,54,94,50
20202,1162063000,남현동,LH,상권확장,90,51,94,50
20202,1162064500,서원동,LH,상권확장,93,53,94,50
20202,1162056500,성현동,LL,다이나믹,84,45,94,50
20202,1162065500,신원동,LL,다이나믹,92,46,94,50
20202,1162057500,행운동,HH,정체,100,50,94,50
20202,1165056000,반포1동,LL,다이나믹,84,43,94,50
20202,1165060000,방배1동,LH,상권확장,92,50,94,50
20202,1165065100,양재1동,HH,정체,95,50,94,50
20202,1168067000,개포2동,HH,정체,96,51,94,50
20202,1168053100,논현2동,LL,다이나믹,85,46,94,50
20202,1168063000,대치4동,LL,다이나믹,78,45,94,50
20202,1168051000,신사동,LL,다이나믹,86,47,94,50
20202,1168054500,압구정동,LL,다이나믹,94,46,94,50
20202,1168072000,일원본동,LL,다이나믹,92,49,94,50
20202,1171061000,삼전동,LL,다이나믹,87,45,94,50
20202,1171069000,잠실4동,LL,다이나믹,84,47,94,50
20202,1171064600,장지동,LL,다이나믹,84,45,94,50
20202,1174070000,둔촌2동,HL,상권축소,96,47,94,50
20202,1111057000,무악동,HH,정체,99,62,94,50
20202,1111068000,창신2동,HH,정체,105,56,94,50
20202,1114065000,신당5동,LH,상권확장,85,50,94,50
20202,1114054000,회현동,HH,정체,138,65,94,50
20202,1117059000,용문동,HL,상권축소,102,50,94,50
20202,1117057000,원효로2동,HH,정체,116,51,94,50
20202,1120056000,행당1동,LH,상권확장,88,51,94,50
20202,1121586000,구의2동,LH,상권확장,91,52,94,50
20202,1121584700,자양4동,LL,다이나믹,90,48,94,50
20202,1121576000,중곡3동,LL,다이나믹,90,46,94,50
20202,1121571000,화양동,LL,다이나믹,82,48,94,50
20202,1123074000,이문1동,HH,정체,102,53,94,50
20202,1126065500,망우본동,HL,상권축소,97,47,94,50
20202,1130554500,송중동,LL,다이나믹,82,47,94,50
20202,1130555500,송천동,HL,상권축소,96,47,94,50
20202,1135072000,상계10동,LL,다이나믹,81,46,94,50
20202,1135071000,상계9동,HL,상권축소,98,48,94,50
20202,1135057000,월계2동,LH,상권확장,84,50,94,50
20202,1135062500,중계2?3동,LH,상권확장,85,50,94,50
20202,1138063100,신사1동,LL,다이나믹,93,47,94,50
20202,1141052000,천연동,HH,정체,105,52,94,50
20202,1144072000,성산1동,LL,다이나믹,84,48,94,50
20202,1147059000,신월4동,HL,상권축소,94,48,94,50
20202,1147060000,신월5동,LL,다이나믹,90,49,94,50
20202,1147067000,신정6동,LL,다이나믹,82,45,94,50
20202,1150053500,등촌3동,LL,다이나믹,77,48,94,50
20202,1150061100,발산1동,LL,다이나믹,73,50,94,50
20202,1150063000,방화1동,LL,다이나믹,84,45,94,50
20202,1150064100,방화3동,HL,상권축소,96,49,94,50
20202,1150059100,화곡6동,LL,다이나믹,84,44,94,50
20202,1153077000,오류1동,LH,상권확장,91,51,94,50
20202,1154571000,시흥5동,HL,상권축소,99,49,94,50
20202,1156056000,당산2동,LH,상권확장,91,50,94,50
20202,1156068000,신길6동,HL,상권축소,98,48,94,50
20202,1159068000,신대방2동,HL,상권축소,101,50,94,50
20202,1162077500,난곡동,HH,정체,99,51,94,50
20202,1162071500,난향동,LL,다이나믹,78,45,94,50
20202,1165066000,내곡동,HH,정체,100,61,94,50
20202,1165058100,반포4동,HH,정체,128,60,94,50
20202,1165051000,서초1동,HH,정체,105,52,94,50
20202,1165052000,서초2동,LL,다이나믹,86,46,94,50
20202,1165053100,서초4동,HL,상권축소,102,49,94,50
20202,1168052100,논현1동,LL,다이나믹,86,46,94,50
20202,1168065600,도곡2동,HL,상권축소,99,49,94,50
20202,1171053100,거여1동,LL,다이나믹,88,45,94,50
20202,1171068000,잠실3동,HH,정체,101,62,94,50
20202,1171051000,풍납1동,HL,상권축소,111,50,94,50
20202,1111071000,숭인2동,HL,상권축소,103,45,94,50
20202,1111069000,창신3동,LL,다이나믹,85,49,94,50
20202,1114062500,다산동,LH,상권확장,92,52,94,50
20202,1114066500,동화동,LH,상권확장,83,52,94,50
20202,1114058000,장충동,HH,정체,118,55,94,50
20202,1120059000,금호1가동,LH,상권확장,88,51,94,50
20202,1120052000,왕십리2동,LH,상권확장,89,50,94,50
20202,1123053600,용신동,HH,정체,102,50,94,50
20202,1123075000,이문2동,HH,정체,96,51,94,50
20202,1123057000,전농2동,HL,상권축소,104,48,94,50
20202,1123072000,휘경1동,HH,정체,96,50,94,50
20202,1126056500,면목본동,LL,다이나믹,92,45,94,50
20202,1126060000,중화1동,HL,상권축소,95,48,94,50
20202,1129066000,길음1동,HH,정체,97,56,94,50
20202,1129078000,장위3동,LH,상권확장,93,56,94,50
20202,1135066500,상계3?4동,HL,상권축소,102,49,94,50
20202,1135061900,중계본동,LL,다이나믹,85,45,94,50
20202,1138057000,대조동,LH,상권확장,92,50,94,50
20202,1138063200,신사2동,LL,다이나믹,88,46,94,50
20202,1141056500,충현동,HH,정체,106,54,94,50
20202,1144060000,대흥동,LH,상권확장,93,51,94,50
20202,1144069000,망원1동,LL,다이나믹,75,47,94,50
20202,1144071000,연남동,LL,다이나믹,55,42,94,50
20202,1144068000,합정동,LL,다이나믹,68,47,94,50
20202,1147058000,신월3동,HL,상권축소,108,47,94,50
20202,1150062000,공항동,LL,다이나믹,88,47,94,50
20202,1150054000,화곡1동,LL,다이나믹,90,46,94,50
20202,1153075000,개봉2동,LH,상권확장,94,52,94,50
20202,1153076000,개봉3동,HL,상권축소,108,48,94,50
20202,1153052000,구로1동,HL,상권축소,109,49,94,50
20202,1153053000,구로2동,HH,정체,118,53,94,50
20202,1154564000,독산4동,HL,상권축소,98,47,94,50
20202,1154569000,시흥3동,HH,정체,125,57,94,50
20202,1156060500,문래동,LH,상권확장,86,51,94,50
20202,1156065000,신길3동,HH,정체,112,54,94,50
20202,1156066000,신길4동,HL,상권축소,107,49,94,50
20202,1156069000,신길7동,LL,다이나믹,88,49,94,50
20202,1159063000,사당2동,HL,상권축소,98,49,94,50
20202,1159064000,사당3동,HL,상권축소,95,48,94,50
20202,1159067000,신대방1동,HL,상권축소,105,47,94,50
20202,1162076500,미성동,HH,정체,100,50,94,50
20202,1162074500,삼성동,HH,정체,104,50,94,50
20202,1165054000,잠원동,LL,다이나믹,91,48,94,50
20202,1168060000,대치1동,HH,정체,96,50,94,50
20202,1168065500,도곡1동,HL,상권축소,98,49,94,50
20202,1168075000,수서동,HH,정체,97,53,94,50
20202,1171058000,송파1동,LL,다이나믹,91,46,94,50
20202,1171064700,위례동,LL,다이나믹,40,27,94,50
20202,1171067000,잠실2동,LL,다이나믹,74,40,94,50
20202,1174054000,명일2동,HH,정체,96,53,94,50
20202,1174061000,천호2동,LH,상권확장,90,50,94,50
20202,1111053000,사직동,HH,정체,110,56,94,50
20202,1111061500,종로1?2?3?4가동,HH,정체,131,64,94,50
20202,1111051500,청운효자동,LH,상권확장,89,52,94,50
20202,1111056000,평창동,HH,정체,102,56,94,50
20202,1114055000,명동,HH,정체,134,56,94,50
20202,1114060500,을지로동,HH,정체,148,65,94,50
20202,1117056000,원효로1동,HH,정체,108,53,94,50
20202,1117055500,청파동,HH,정체,100,50,94,50
20202,1121585000,구의1동,HL,상권축소,98,47,94,50
20202,1121574000,중곡1동,LL,다이나믹,93,48,94,50
20202,1123061000,답십리2동,HH,정체,114,54,94,50
20202,1123065000,장안1동,HL,상권축소,97,47,94,50
20202,1123054500,제기동,HH,정체,114,58,94,50
20202,1126054000,면목4동,LL,다이나믹,92,45,94,50
20202,1126068000,신내1동,LL,다이나믹,84,47,94,50
20202,1129072500,월곡2동,LH,상권확장,92,50,94,50
20202,1129077000,장위2동,HH,정체,114,54,94,50
20202,1130566000,인수동,LL,다이나믹,87,44,94,50
20202,1132066000,쌍문1동,LL,다이나믹,93,47,94,50
20202,1132067000,쌍문2동,LL,다이나믹,93,47,94,50
20202,1132068100,쌍문4동,LL,다이나믹,85,49,94,50
20202,1138058000,응암1동,HH,정체,99,50,94,50
20202,1138059000,응암2동,LL,다이나믹,80,47,94,50
20202,1138069000,진관동,LL,다이나믹,59,45,94,50
20202,1141069000,남가좌1동,HH,정체,106,59,94,50
20202,1141070000,남가좌2동,LL,다이나믹,91,48,94,50
20202,1141062000,홍제1동,HH,정체,105,51,94,50
20202,1141065500,홍제2동,HH,정체,101,56,94,50
20202,1144058500,도화동,LH,상권확장,93,51,94,50
20202,1144061000,염리동,LL,다이나믹,88,48,94,50
20202,1147052000,목2동,LL,다이나믹,90,49,94,50
20202,1147054000,목4동,LL,다이나믹,92,44,94,50
20202,1147055000,목5동,LL,다이나믹,88,48,94,50
20202,1147057000,신월2동,HH,정체,95,50,94,50
20202,1150060300,가양1동,LL,다이나믹,46,41,94,50
20202,1150060400,가양2동,LL,다이나믹,92,49,94,50
20202,1153073000,고척2동,HL,상권축소,98,48,94,50
20202,1153051000,신도림동,LL,다이나믹,85,47,94,50
20202,1153078000,오류2동,LL,다이나믹,78,47,94,50
20202,1154562000,독산2동,LL,다이나믹,94,46,94,50
20202,1154567000,시흥1동,HH,정체,96,50,94,50
20202,1156054000,여의동,HH,정체,108,50,94,50
20202,1159066000,대방동,HH,정체,95,50,94,50
20202,1159062000,사당1동,LL,다이나믹,91,47,94,50
20202,1159054000,상도2동,HH,정체,102,52,94,50
20202,1159055000,상도3동,HL,상권축소,94,46,94,50
20202,1165055000,반포본동,HH,정체,125,54,94,50
20202,1165061000,방배2동,LH,상권확장,87,52,94,50
20202,1165065200,양재2동,HL,상권축소,113,48,94,50
20202,1168056500,청담동,LL,다이나믹,88,49,94,50
20202,1171056200,방이2동,LL,다이나믹,86,48,94,50
20202,1171052000,풍납2동,HH,정체,103,51,94,50
20202,1174055000,고덕1동,LL,다이나믹,71,46,94,50
20202,1174066000,성내3동,HL,상권축소,99,45,94,50
20203,1111054000,삼청동,LH,상권확장,87,53,95,50
20203,1111070000,숭인1동,HH,정체,95,56,95,50
20203,1111063000,종로5?6가동,HH,정체,121,64,95,50
20203,1114063500,약수동,LH,상권확장,91,53,95,50
20203,1117070000,보광동,LH,상권확장,94,50,95,50
20203,1117069000,서빙고동,HH,정체,98,57,95,50
20203,1117066000,이태원2동,LL,다이나믹,72,45,95,50
20203,1120054000,마장동,HH,정체,111,58,95,50
20203,1120064500,옥수동,LL,다이나믹,81,47,95,50
20203,1120058000,응봉동,LL,다이나믹,88,48,95,50
20203,1121581000,광장동,LH,상권확장,85,51,95,50
20203,1121573000,군자동,LL,다이나믹,93,48,95,50
20203,1121583000,자양2동,LL,다이나믹,94,49,95,50
20203,1121575000,중곡2동,LL,다이나믹,93,47,95,50
20203,1123066000,장안2동,LL,다이나믹,92,46,95,50
20203,1126061000,중화2동,HL,상권축소,95,47,95,50
20203,1129055500,삼선동,HL,상권축소,96,49,95,50
20203,1129052500,성북동,HH,정체,95,54,95,50
20203,1129064000,정릉3동,HH,정체,97,54,95,50
20203,1130562500,수유2동,LL,다이나믹,89,48,95,50
20203,1130564500,우이동,LH,상권확장,92,50,95,50
20203,1132070000,방학2동,LL,다이나믹,90,45,95,50
20203,1135059500,공릉1동,LL,다이나믹,93,49,95,50
20203,1135060000,공릉2동,LL,다이나믹,81,49,95,50
20203,1135063000,상계1동,LL,다이나믹,84,46,95,50
20203,1135067000,상계5동,LL,다이나믹,89,46,95,50
20203,1135070000,상계8동,LH,상권확장,87,50,95,50
20203,1135056000,월계1동,LL,다이나믹,90,49,95,50
20203,1135061100,하계1동,LH,상권확장,88,50,95,50
20203,1138062500,역촌동,LL,다이나믹,86,47,95,50
20203,1141058500,신촌동,HL,상권축소,95,49,95,50
20203,1141068500,홍은2동,LH,상권확장,92,52,95,50
20203,1144066000,서교동,LL,다이나믹,75,45,95,50
20203,1144059000,용강동,HL,상권축소,95,49,95,50
20203,1147051000,목1동,LL,다이나믹,81,48,95,50
20203,1147061100,신월7동,HL,상권축소,97,45,95,50
20203,1147063000,신정2동,LL,다이나믹,92,48,95,50
20203,1147064000,신정3동,LH,상권확장,94,50,95,50
20203,1147065000,신정4동,LL,다이나믹,93,46,95,50
20203,1150060500,가양3동,LH,상권확장,86,52,95,50
20203,1150051000,염창동,LH,상권확장,93,53,95,50
20203,1150061500,우장산동,LL,다이나믹,81,47,95,50
20203,1153054000,구로3동,LL,다이나믹,77,45,95,50
20203,1154551000,가산동,LL,다이나믹,72,47,95,50
20203,1156070000,대림1동,HL,상권축소,107,47,95,50
20203,1156067000,신길5동,LL,다이나믹,94,49,95,50
20203,1159065100,사당5동,LL,다이나믹,87,49,95,50
20203,1162069500,신림동,LL,다이나믹,90,48,95,50
20203,1162062500,인헌동,LL,다이나믹,91,50,95,50
20203,1162072500,조원동,HL,상권축소,101,45,95,50
20203,1165058000,반포3동,HH,정체,104,57,95,50
20203,1168061000,대치2동,HH,정체,96,50,95,50
20203,1168059000,삼성2동,LL,다이나믹,87,46,95,50
20203,1168074000,일원2동,HH,정체,98,50,95,50
20203,1171063100,가락1동,HH,정체,150,94,95,50
20203,1171053200,거여2동,HH,정체,98,51,95,50
20203,1171056100,방이1동,LL,다이나믹,88,47,95,50
20203,1174053000,명일1동,HL,상권축소,96,48,95,50
20203,1174064000,성내1동,HL,상권축소,98,47,95,50
20203,1174062000,천호3동,LL,다이나믹,94,47,95,50
20203,1174069000,둔촌1동,HH,정체,141,60,95,50
20203,1111060000,가회동,HH,정체,97,56,95,50
20203,1111058000,교남동,HH,정체,112,56,95,50
20203,1111064000,이화동,LH,상권확장,88,53,95,50
20203,1111065000,혜화동,HH,정체,99,51,95,50
20203,1114061500,신당동,LH,상권확장,84,61,95,50
20203,1114068000,중림동,HH,정체,104,54,95,50
20203,1114064500,청구동,LL,다이나믹,86,47,95,50
20203,1117065000,이태원1동,HH,정체,112,61,95,50
20203,1117051000,후암동,LH,상권확장,89,54,95,50
20203,1120067000,성수2가1동,LL,다이나믹,88,47,95,50
20203,1120069000,성수2가3동,LH,상권확장,78,52,95,50
20203,1120079000,용답동,HH,정체,120,54,95,50
20203,1120057000,행당2동,LL,다이나믹,80,49,95,50
20203,1121587000,구의3동,HH,정체,106,55,95,50
20203,1123060000,답십리1동,LH,상권확장,91,51,95,50
20203,1123071000,회기동,LL,다이나믹,89,47,95,50
20203,1126066000,망우3동,LL,다이나믹,89,45,95,50
20203,1129059000,돈암2동,LL,다이나믹,81,43,95,50
20203,1129071500,월곡1동,HL,상권축소,96,47,95,50
20203,1129062000,정릉1동,LH,상권확장,93,51,95,50
20203,1129065000,정릉4동,LH,상권확장,87,54,95,50
20203,1130561500,수유1동,HL,상권축소,100,48,95,50
20203,1132051400,창4동,LL,다이나믹,94,48,95,50
20203,1132051500,창5동,LL,다이나믹,90,47,95,50
20203,1135069500,상계6?7동,HL,상권축소,95,47,95,50
20203,1135061200,하계2동,LH,상권확장,92,51,95,50
20203,1138055100,갈현1동,LL,다이나믹,88,47,95,50
20203,1138060000,응암3동,HL,상권축소,100,50,95,50
20203,1141061500,연희동,LH,상권확장,90,50,95,50
20203,1144056500,공덕동,HH,정체,105,52,95,50
20203,1147068000,신정7동,LL,다이나믹,89,49,95,50
20203,1150056000,화곡3동,LL,다이나믹,83,47,95,50
20203,1153059500,가리봉동,HL,상권축소,100,45,95,50
20203,1153056000,구로5동,LL,다이나믹,83,47,95,50
20203,1154568000,시흥2동,LL,다이나믹,77,49,95,50
20203,1154570000,시흥4동,HL,상권축소,97,43,95,50
20203,1156055000,당산1동,HL,상권축소,98,49,95,50
20203,1156071000,대림2동,LL,다이나믹,85,43,95,50
20203,1159051000,노량진1동,HH,정체,109,59,95,50
20203,1162068500,신사동,LL,다이나믹,91,46,95,50
20203,1162060500,은천동,LL,다이나믹,89,47,95,50
20203,1162061500,중앙동,LL,다이나믹,91,48,95,50
20203,1162059500,청룡동,LL,다이나믹,88,47,95,50
20203,1162054500,청림동,LH,상권확장,75,50,95,50
20203,1165053000,서초3동,HH,정체,99,51,95,50
20203,1168058000,삼성1동,LH,상권확장,89,53,95,50
20203,1168073000,일원1동,HL,상권축소,107,48,95,50
20203,1171064100,문정1동,LL,다이나믹,92,48,95,50
20203,1171059000,송파2동,LL,다이나믹,91,45,95,50
20203,1171057000,오금동,HL,상권축소,96,49,95,50
20203,1171071000,잠실6동,LL,다이나믹,83,48,95,50
20203,1174052000,상일동,LL,다이나믹,80,48,95,50
20203,1174058000,암사2동,LL,다이나믹,92,48,95,50
20203,1174060000,천호1동,LL,다이나믹,86,46,95,50
20203,1111067000,창신1동,HH,정체,103,62,95,50
20203,1114059000,광희동,HH,정체,128,55,95,50
20203,1114052000,소공동,HH,정체,138,66,95,50
20203,1117064000,이촌2동,HH,정체,110,63,95,50
20203,1117062500,한강로동,HH,정체,113,56,95,50
20203,1120061500,금호2?3가동,HH,정체,99,54,95,50
20203,1120065000,성수1가1동,LH,상권확장,84,51,95,50
20203,1120053500,왕십리도선동,LL,다이나믹,76,49,95,50
20203,1123056000,전농1동,LH,상권확장,93,51,95,50
20203,1126052000,면목2동,HL,상권축소,96,46,95,50
20203,1126058000,상봉1동,LL,다이나믹,79,46,95,50
20203,1129068500,길음2동,LL,다이나믹,87,49,95,50
20203,1129060000,안암동,LH,상권확장,90,51,95,50
20203,1130553500,미아동,LL,다이나믹,90,46,95,50
20203,1130560300,번2동,HL,상권축소,95,49,95,50
20203,1130560800,번3동,LL,다이나믹,92,46,95,50
20203,1130563500,수유3동,LL,다이나믹,89,45,95,50
20203,1132069000,방학1동,LL,다이나믹,87,46,95,50
20203,1132071000,방학3동,LH,상권확장,87,50,95,50
20203,1132051200,창2동,LL,다이나믹,93,46,95,50
20203,1135064000,상계2동,LL,다이나믹,85,45,95,50
20203,1135062100,중계1동,LL,다이나믹,87,47,95,50
20203,1138052000,불광1동,LH,상권확장,92,52,95,50
20203,1138053000,불광2동,HH,정체,95,50,95,50
20203,1138065000,수색동,HH,정체,122,60,95,50
20203,1141066000,홍은1동,HH,정체,103,53,95,50
20203,1141064000,홍제3동,HH,정체,104,55,95,50
20203,1144065500,서강동,LL,다이나믹,75,44,95,50
20203,1144073000,성산2동,LH,상권확장,89,54,95,50
20203,1144063000,신수동,LH,상권확장,84,51,95,50
20203,1144055500,아현동,LH,상권확장,92,51,95,50
20203,1147056000,신월1동,LL,다이나믹,94,44,95,50
20203,1153072000,고척1동,HL,상권축소,100,50,95,50
20203,1156072000,대림3동,HL,상권축소,96,44,95,50
20203,1159053000,상도1동,LH,상권확장,94,52,95,50
20203,1162058500,낙성대동,LL,다이나믹,80,48,95,50
20203,1162052500,보라매동,LL,다이나믹,83,49,95,50
20203,1165062000,방배3동,HL,상권축소,117,50,95,50
20203,1165062100,방배4동,HH,정체,106,52,95,50
20203,1165059000,방배본동,HL,상권축소,101,48,95,50
20203,1168066000,개포1동,LH,상권확장,93,61,95,50
20203,1168069000,개포4동,HL,상권축소,106,48,95,50
20203,1168070000,세곡동,LL,다이나믹,57,45,95,50
20203,1168064000,역삼1동,LL,다이나믹,83,45,95,50
20203,1168065000,역삼2동,LL,다이나믹,84,45,95,50
20203,1171063200,가락2동,HL,상권축소,97,48,95,50
20203,1171060000,석촌동,LL,다이나믹,87,46,95,50
20203,1171072000,잠실7동,HH,정체,123,62,95,50
20203,1171065000,잠실본동,LL,다이나믹,94,47,95,50
20203,1174051500,강일동,LL,다이나믹,61,44,95,50
20203,1174068500,길동,LL,다이나믹,91,46,95,50
20203,1114057000,필동,HH,정체,126,55,95,50
20203,1114067000,황학동,HH,정체,107,63,95,50
20203,1117052000,용산2가동,LL,다이나믹,71,45,95,50
20203,1117063000,이촌1동,HH,정체,122,59,95,50
20203,1117058000,효창동,LH,상권확장,91,58,95,50
20203,1120055000,사근동,LH,상권확장,81,50,95,50
20203,1120066000,성수1가2동,LL,다이나믹,72,49,95,50
20203,1120072000,송정동,HL,상권축소,100,48,95,50
20203,1121578000,능동,LH,상권확장,88,52,95,50
20203,1121582000,자양1동,LL,다이나믹,92,48,95,50
20203,1121584000,자양3동,LL,다이나믹,83,50,95,50
20203,1121577000,중곡4동,LH,상권확장,93,50,95,50
20203,1123070500,청량리동,HH,정체,149,56,95,50
20203,1126057500,면목3?8동,LL,다이나믹,91,46,95,50
20203,1126055000,면목5동,LL,다이나믹,88,46,95,50
20203,1126057000,면목7동,HL,상권축소,101,46,95,50
20203,1129057500,동선동,LL,다이나믹,92,48,95,50
20203,1129081000,석관동,HH,정체,105,51,95,50
20203,1129076000,장위1동,HH,정체,97,50,95,50
20203,1129070500,종암동,HH,정체,96,51,95,50
20203,1130553400,삼양동,HL,상권축소,98,48,95,50
20203,1132052100,도봉1동,HL,상권축소,98,49,95,50
20203,1132051100,창1동,LL,다이나믹,89,48,95,50
20203,1135058000,월계3동,LH,상권확장,85,50,95,50
20203,1138056000,구산동,LL,다이나믹,88,49,95,50
20203,1138051000,녹번동,LL,다이나믹,85,49,95,50
20203,1141071000,북가좌1동,LL,다이나믹,80,44,95,50
20203,1141072000,북가좌2동,LL,다이나믹,89,47,95,50
20203,1147053000,목3동,HL,상권축소,96,50,95,50
20203,1147061000,신월6동,LH,상권확장,86,54,95,50
20203,1147062000,신정1동,HL,상권축소,97,47,95,50
20203,1150053000,등촌2동,HL,상권축소,95,46,95,50
20203,1150064000,방화2동,LH,상권확장,86,52,95,50
20203,1150055000,화곡2동,LL,다이나믹,89,47,95,50
20203,1150057000,화곡4동,LL,다이나믹,91,46,95,50
20203,1153074000,개봉1동,LH,상권확장,94,50,95,50
20203,1153079000,수궁동,LH,상권확장,89,51,95,50
20203,1154561000,독산1동,LH,상권확장,87,50,95,50
20203,1154563000,독산3동,HL,상권축소,106,45,95,50
20203,1156058500,도림동,LL,다이나믹,93,49,95,50
20203,1156062000,양평2동,HL,상권축소,96,49,95,50
20203,1156053500,영등포동,HH,정체,115,55,95,50
20203,1159052000,노량진2동,HH,정체,113,56,95,50
20203,1159065000,사당4동,LL,다이나믹,94,49,95,50
20203,1162073500,대학동,LL,다이나믹,90,45,95,50
20203,1162066500,서림동,LL,다이나믹,90,49,95,50
20203,1165057000,반포2동,HH,정체,104,60,95,50
20203,1171062000,가락본동,LL,다이나믹,91,45,95,50
20203,1171054000,마천1동,HL,상권축소,98,45,95,50
20203,1171055000,마천2동,HH,정체,103,50,95,50
20203,1171064200,문정2동,LL,다이나믹,61,38,95,50
20203,1171056600,오륜동,HH,정체,127,62,95,50
20203,1174056000,고덕2동,LH,상권확장,65,52,95,50
20203,1174065000,성내2동,LL,다이나믹,93,44,95,50
20203,1174057000,암사1동,LL,다이나믹,91,45,95,50
20203,1174059000,암사3동,LH,상권확장,77,53,95,50
20203,1111055000,부암동,LH,상권확장,94,53,95,50
20203,1117053000,남영동,HH,정체,101,54,95,50
20203,1117068500,한남동,LH,상권확장,84,51,95,50
20203,1120062000,금호4가동,LH,상권확장,93,53,95,50
20203,1123073000,휘경2동,LL,다이나믹,79,49,95,50
20203,1126062000,묵1동,LL,다이나믹,84,48,95,50
20203,1126063000,묵2동,LL,다이나믹,92,48,95,50
20203,1126059000,상봉2동,LL,다이나믹,92,49,95,50
20203,1126069000,신내2동,LL,다이나믹,88,48,95,50
20203,1129058000,돈암1동,LH,상권확장,85,52,95,50
20203,1129061000,보문동,HL,상권축소,96,48,95,50
20203,1129063000,정릉2동,HH,정체,96,52,95,50
20203,1130559500,번1동,LL,다이나믹,90,44,95,50
20203,1130557500,삼각산동,LL,다이나믹,81,46,95,50
20203,1132052200,도봉2동,LL,다이나믹,90,46,95,50
20203,1132068000,쌍문3동,LL,다이나믹,92,48,95,50
20203,1132051300,창3동,LL,다이나믹,95,49,95,50
20203,1135062400,중계4동,LL,다이나믹,89,45,95,50
20203,1138055200,갈현2동,LL,다이나믹,85,48,95,50
20203,1138064000,증산동,HH,정체,106,51,95,50
20203,1141055500,북아현동,HH,정체,109,56,95,50
20203,1144070000,망원2동,LL,다이나믹,87,45,95,50
20203,1144074000,상암동,LL,다이나믹,63,41,95,50
20203,1150052000,등촌1동,LH,상권확장,81,51,95,50
20203,1150059300,화곡8동,LL,다이나믹,84,47,95,50
20203,1150059000,화곡본동,LL,다이나믹,94,49,95,50
20203,1153055000,구로4동,HL,상권축소,96,46,95,50
20203,1153080000,항동,LH,상권확장,40,55,95,50
20203,1156063000,신길1동,HH,정체,109,51,95,50
20203,1156061000,양평1동,LL,다이나믹,80,50,95,50
20203,1156051500,영등포본동,LH,상권확장,79,52,95,50
20203,1159056000,상도4동,LH,상권확장,88,50,95,50
20203,1159060500,흑석동,HH,정체,97,54,95,50
20203,1162063000,남현동,LH,상권확장,91,51,95,50
20203,1162064500,서원동,LH,상권확장,92,53,95,50
20203,1162056500,성현동,LL,다이나믹,85,46,95,50
20203,1162065500,신원동,LL,다이나믹,94,46,95,50
20203,1162057500,행운동,HH,정체,99,50,95,50
20203,1165056000,반포1동,LL,다이나믹,84,43,95,50
20203,1165060000,방배1동,LH,상권확장,93,51,95,50
20203,1165065100,양재1동,HH,정체,95,50,95,50
20203,1168067000,개포2동,HH,정체,96,51,95,50
20203,1168053100,논현2동,LL,다이나믹,84,47,95,50
20203,1168063000,대치4동,LL,다이나믹,79,45,95,50
20203,1168051000,신사동,LL,다이나믹,87,47,95,50
20203,1168054500,압구정동,HL,상권축소,95,46,95,50
20203,1168072000,일원본동,LH,상권확장,92,50,95,50
20203,1171061000,삼전동,LL,다이나믹,87,45,95,50
20203,1171069000,잠실4동,LL,다이나믹,85,48,95,50
20203,1171064600,장지동,LL,다이나믹,85,45,95,50
20203,1174070000,둔촌2동,LL,다이나믹,94,47,95,50
20203,1111057000,무악동,HH,정체,98,62,95,50
20203,1111068000,창신2동,HH,정체,106,56,95,50
20203,1114065000,신당5동,LH,상권확장,85,50,95,50
20203,1114054000,회현동,HH,정체,139,65,95,50
20203,1117059000,용문동,HH,정체,102,50,95,50
20203,1117057000,원효로2동,HH,정체,117,51,95,50
20203,1120056000,행당1동,LH,상권확장,89,51,95,50
20203,1121586000,구의2동,LH,상권확장,92,52,95,50
20203,1121584700,자양4동,LL,다이나믹,92,49,95,50
20203,1121576000,중곡3동,LL,다이나믹,91,47,95,50
20203,1121571000,화양동,LL,다이나믹,83,48,95,50
20203,1123074000,이문1동,HH,정체,103,53,95,50
20203,1126065500,망우본동,HL,상권축소,97,48,95,50
20203,1130554500,송중동,LL,다이나믹,83,47,95,50
20203,1130555500,송천동,HL,상권축소,96,48,95,50
20203,1135072000,상계10동,LL,다이나믹,82,46,95,50
20203,1135071000,상계9동,HL,상권축소,97,49,95,50
20203,1135057000,월계2동,LL,다이나믹,85,50,95,50
20203,1135062500,중계2?3동,LH,상권확장,86,50,95,50
20203,1138063100,신사1동,LL,다이나믹,93,47,95,50
20203,1141052000,천연동,HH,정체,106,53,95,50
20203,1144072000,성산1동,LL,다이나믹,84,48,95,50
20203,1147059000,신월4동,LL,다이나믹,94,48,95,50
20203,1147060000,신월5동,LL,다이나믹,90,49,95,50
20203,1147067000,신정6동,LL,다이나믹,83,45,95,50
20203,1150053500,등촌3동,LL,다이나믹,78,48,95,50
20203,1150061100,발산1동,LL,다이나믹,72,50,95,50
20203,1150063000,방화1동,LL,다이나믹,85,45,95,50
20203,1150064100,방화3동,HL,상권축소,96,49,95,50
20203,1150059100,화곡6동,LL,다이나믹,85,44,95,50
20203,1153077000,오류1동,LH,상권확장,91,52,95,50
20203,1154571000,시흥5동,HL,상권축소,100,49,95,50
20203,1156056000,당산2동,LH,상권확장,91,50,95,50
20203,1156068000,신길6동,HL,상권축소,98,48,95,50
20203,1159068000,신대방2동,HL,상권축소,102,50,95,50
20203,1162077500,난곡동,HH,정체,100,51,95,50
20203,1162071500,난향동,LL,다이나믹,77,45,95,50
20203,1165066000,내곡동,HH,정체,100,61,95,50
20203,1165058100,반포4동,HH,정체,128,60,95,50
20203,1165051000,서초1동,HH,정체,106,52,95,50
20203,1165052000,서초2동,LL,다이나믹,87,46,95,50
20203,1165053100,서초4동,HL,상권축소,103,50,95,50
20203,1168052100,논현1동,LL,다이나믹,86,46,95,50
20203,1168065600,도곡2동,HL,상권축소,100,49,95,50
20203,1171053100,거여1동,LL,다이나믹,88,46,95,50
20203,1171068000,잠실3동,HH,정체,102,63,95,50
20203,1171051000,풍납1동,HL,상권축소,113,50,95,50
20203,1111071000,숭인2동,HL,상권축소,103,45,95,50
20203,1111069000,창신3동,LH,상권확장,84,50,95,50
20203,1114062500,다산동,LH,상권확장,92,52,95,50
20203,1114066500,동화동,LH,상권확장,84,52,95,50
20203,1114058000,장충동,HH,정체,118,56,95,50
20203,1120059000,금호1가동,LH,상권확장,87,52,95,50
20203,1120052000,왕십리2동,LH,상권확장,90,50,95,50
20203,1123053600,용신동,HH,정체,103,50,95,50
20203,1123075000,이문2동,LH,상권확장,94,51,95,50
20203,1123057000,전농2동,HL,상권축소,104,48,95,50
20203,1123072000,휘경1동,HH,정체,98,50,95,50
20203,1126056500,면목본동,LL,다이나믹,92,45,95,50
20203,1126060000,중화1동,HL,상권축소,95,49,95,50
20203,1129066000,길음1동,HH,정체,95,56,95,50
20203,1129078000,장위3동,LH,상권확장,92,56,95,50
20203,1135066500,상계3?4동,HL,상권축소,101,50,95,50
20203,1135061900,중계본동,LL,다이나믹,86,45,95,50
20203,1138057000,대조동,LH,상권확장,92,50,95,50
20203,1138063200,신사2동,LL,다이나믹,87,47,95,50
20203,1141056500,충현동,HH,정체,106,55,95,50
20203,1144060000,대흥동,LH,상권확장,93,51,95,50
20203,1144069000,망원1동,LL,다이나믹,74,47,95,50
20203,1144071000,연남동,LL,다이나믹,56,41,95,50
20203,1144068000,합정동,LL,다이나믹,69,47,95,50
20203,1147058000,신월3동,HL,상권축소,108,47,95,50
20203,1150062000,공항동,LL,다이나믹,89,48,95,50
20203,1150054000,화곡1동,LL,다이나믹,90,46,95,50
20203,1153075000,개봉2동,LH,상권확장,94,53,95,50
20203,1153076000,개봉3동,HL,상권축소,110,48,95,50
20203,1153052000,구로1동,HL,상권축소,110,50,95,50
20203,1153053000,구로2동,HH,정체,120,53,95,50
20203,1154564000,독산4동,HL,상권축소,98,48,95,50
20203,1154569000,시흥3동,HH,정체,126,57,95,50
20203,1156060500,문래동,LH,상권확장,86,51,95,50
20203,1156065000,신길3동,HH,정체,112,55,95,50
20203,1156066000,신길4동,HL,상권축소,105,49,95,50
20203,1156069000,신길7동,LL,다이나믹,89,49,95,50
20203,1159063000,사당2동,HL,상권축소,99,49,95,50
20203,1159064000,사당3동,LL,다이나믹,94,48,95,50
20203,1159067000,신대방1동,HL,상권축소,106,47,95,50
20203,1162076500,미성동,HH,정체,100,51,95,50
20203,1162074500,삼성동,HH,정체,104,51,95,50
20203,1165054000,잠원동,LL,다이나믹,91,48,95,50
20203,1168060000,대치1동,HL,상권축소,97,50,95,50
20203,1168065500,도곡1동,HL,상권축소,98,49,95,50
20203,1168075000,수서동,HH,정체,98,54,95,50
20203,1171058000,송파1동,LL,다이나믹,90,47,95,50
20203,1171064700,위례동,LL,다이나믹,40,27,95,50
20203,1171067000,잠실2동,LL,다이나믹,75,40,95,50
20203,1174054000,명일2동,HH,정체,97,53,95,50
20203,1174061000,천호2동,LH,상권확장,91,50,95,50
20203,1111053000,사직동,HH,정체,111,56,95,50
20203,1111061500,종로1?2?3?4가동,HH,정체,132,64,95,50
20203,1111051500,청운효자동,LH,상권확장,90,52,95,50
20203,1111056000,평창동,HH,정체,103,56,95,50
20203,1114055000,명동,HH,정체,136,56,95,50
20203,1114060500,을지로동,HH,정체,149,66,95,50
20203,1117056000,원효로1동,HH,정체,108,54,95,50
20203,1117055500,청파동,HH,정체,101,50,95,50
20203,1121585000,구의1동,HL,상권축소,99,48,95,50
20203,1121574000,중곡1동,LL,다이나믹,94,48,95,50
20203,1123061000,답십리2동,HH,정체,114,54,95,50
20203,1123065000,장안1동,HL,상권축소,97,47,95,50
20203,1123054500,제기동,HH,정체,114,58,95,50
20203,1126054000,면목4동,LL,다이나믹,92,45,95,50
20203,1126068000,신내1동,LL,다이나믹,84,47,95,50
20203,1129072500,월곡2동,LL,다이나믹,93,50,95,50
20203,1129077000,장위2동,HH,정체,114,54,95,50
20203,1130566000,인수동,LL,다이나믹,88,44,95,50
20203,1132066000,쌍문1동,LL,다이나믹,92,47,95,50
20203,1132067000,쌍문2동,LL,다이나믹,92,48,95,50
20203,1132068100,쌍문4동,LL,다이나믹,87,49,95,50
20203,1138058000,응암1동,HH,정체,98,50,95,50
20203,1138059000,응암2동,LL,다이나믹,78,47,95,50
20203,1138069000,진관동,LL,다이나믹,60,45,95,50
20203,1141069000,남가좌1동,HH,정체,106,59,95,50
20203,1141070000,남가좌2동,LL,다이나믹,91,48,95,50
20203,1141062000,홍제1동,HH,정체,106,51,95,50
20203,1141065500,홍제2동,HH,정체,101,56,95,50
20203,1144058500,도화동,LH,상권확장,94,51,95,50
20203,1144061000,염리동,LL,다이나믹,89,48,95,50
20203,1147052000,목2동,LL,다이나믹,89,49,95,50
20203,1147054000,목4동,LL,다이나믹,93,44,95,50
20203,1147055000,목5동,LL,다이나믹,89,48,95,50
20203,1147057000,신월2동,HH,정체,96,50,95,50
20203,1150060300,가양1동,LL,다이나믹,46,41,95,50
20203,1150060400,가양2동,LL,다이나믹,93,49,95,50
20203,1153073000,고척2동,HL,상권축소,99,48,95,50
20203,1153051000,신도림동,LL,다이나믹,85,47,95,50
20203,1153078000,오류2동,LL,다이나믹,80,47,95,50
20203,1154562000,독산2동,LL,다이나믹,94,46,95,50
20203,1154567000,시흥1동,HH,정체,98,50,95,50
20203,1156054000,여의동,HH,정체,109,50,95,50
20203,1159066000,대방동,HH,정체,96,50,95,50
20203,1159062000,사당1동,LL,다이나믹,92,47,95,50
20203,1159054000,상도2동,HH,정체,102,52,95,50
20203,1159055000,상도3동,LL,다이나믹,93,46,95,50
20203,1165055000,반포본동,HH,정체,127,54,95,50
20203,1165061000,방배2동,LH,상권확장,87,52,95,50
20203,1165065200,양재2동,HL,상권축소,114,49,95,50
20203,1168056500,청담동,LL,다이나믹,89,49,95,50
20203,1171056200,방이2동,LL,다이나믹,86,48,95,50
20203,1171052000,풍납2동,HH,정체,105,51,95,50
20203,1174055000,고덕1동,LL,다이나믹,70,47,95,50
20203,1174066000,성내3동,HL,상권축소,99,45,95,50
20204,1111054000,삼청동,LH,상권확장,89,53,96,50
20204,1111070000,숭인1동,HH,정체,97,57,96,50
20204,1111063000,종로5?6가동,HH,정체,123,64,96,50
20204,1114063500,약수동,LH,상권확장,93,53,96,50
20204,1117070000,보광동,LH,상권확장,94,50,96,50
20204,1117069000,서빙고동,HH,정체,98,58,96,50
20204,1117066000,이태원2동,LL,다이나믹,73,45,96,50
20204,1120054000,마장동,HH,정체,113,58,96,50
20204,1120064500,옥수동,LL,다이나믹,80,48,96,50
20204,1120058000,응봉동,LL,다이나믹,91,48,96,50
20204,1121581000,광장동,LH,상권확장,86,51,96,50
20204,1121573000,군자동,LL,다이나믹,94,48,96,50
20204,1121583000,자양2동,LL,다이나믹,95,49,96,50
20204,1121575000,중곡2동,LL,다이나믹,95,47,96,50
20204,1123066000,장안2동,LL,다이나믹,93,46,96,50
20204,1126061000,중화2동,HL,상권축소,96,48,96,50
20204,1129055500,삼선동,HL,상권축소,96,50,96,50
20204,1129052500,성북동,HH,정체,97,54,96,50
20204,1129064000,정릉3동,HH,정체,97,55,96,50
20204,1130562500,수유2동,LL,다이나믹,89,49,96,50
20204,1130564500,우이동,LH,상권확장,93,50,96,50
20204,1132070000,방학2동,LL,다이나믹,91,46,96,50
20204,1135059500,공릉1동,LL,다이나믹,93,50,96,50
20204,1135060000,공릉2동,LL,다이나믹,82,48,96,50
20204,1135063000,상계1동,LL,다이나믹,85,46,96,50
20204,1135067000,상계5동,LL,다이나믹,90,46,96,50
20204,1135070000,상계8동,LH,상권확장,88,51,96,50
20204,1135056000,월계1동,LL,다이나믹,91,50,96,50
20204,1135061100,하계1동,LH,상권확장,90,50,96,50
20204,1138062500,역촌동,LL,다이나믹,87,47,96,50
20204,1141058500,신촌동,HL,상권축소,96,49,96,50
20204,1141068500,홍은2동,LH,상권확장,93,52,96,50
20204,1144066000,서교동,LL,다이나믹,76,45,96,50
20204,1144059000,용강동,HL,상권축소,96,49,96,50
20204,1147051000,목1동,LL,다이나믹,82,48,96,50
20204,1147061100,신월7동,HL,상권축소,98,45,96,50
20204,1147063000,신정2동,LL,다이나믹,92,48,96,50
20204,1147064000,신정3동,LH,상권확장,95,50,96,50
20204,1147065000,신정4동,LL,다이나믹,93,46,96,50
20204,1150060500,가양3동,LH,상권확장,88,52,96,50
20204,1150051000,염창동,LH,상권확장,94,53,96,50
20204,1150061500,우장산동,LL,다이나믹,80,48,96,50
20204,1153054000,구로3동,LL,다이나믹,78,46,96,50
20204,1154551000,가산동,LL,다이나믹,73,47,96,50
20204,1156070000,대림1동,HL,상권축소,106,48,96,50
20204,1156067000,신길5동,LL,다이나믹,91,50,96,50
20204,1159065100,사당5동,LL,다이나믹,88,49,96,50
20204,1162069500,신림동,LL,다이나믹,91,48,96,50
20204,1162062500,인헌동,LH,상권확장,91,50,96,50
20204,1162072500,조원동,HL,상권축소,101,45,96,50
20204,1165058000,반포3동,HH,정체,105,58,96,50
20204,1168061000,대치2동,HH,정체,97,51,96,50
20204,1168059000,삼성2동,LL,다이나믹,88,46,96,50
20204,1168074000,일원2동,HH,정체,100,50,96,50
20204,1171063100,가락1동,HH,정체,152,95,96,50
20204,1171053200,거여2동,HH,정체,97,51,96,50
20204,1171056100,방이1동,LL,다이나믹,89,48,96,50
20204,1174053000,명일1동,HL,상권축소,96,49,96,50
20204,1174064000,성내1동,HL,상권축소,99,48,96,50
20204,1174062000,천호3동,LL,다이나믹,94,48,96,50
20204,1174069000,둔촌1동,HH,정체,145,60,96,50
20204,1111060000,가회동,HH,정체,97,57,96,50
20204,1111058000,교남동,HH,정체,111,56,96,50
20204,1111064000,이화동,LH,상권확장,88,54,96,50
20204,1111065000,혜화동,HH,정체,99,51,96,50
20204,1114061500,신당동,LH,상권확장,85,61,96,50
20204,1114068000,중림동,HH,정체,104,55,96,50
20204,1114064500,청구동,LL,다이나믹,88,47,96,50
20204,1117065000,이태원1동,HH,정체,115,61,96,50
20204,1117051000,후암동,LH,상권확장,90,54,96,50
20204,1120067000,성수2가1동,LL,다이나믹,88,48,96,50
20204,1120069000,성수2가3동,LH,상권확장,78,52,96,50
20204,1120079000,용답동,HH,정체,121,55,96,50
20204,1120057000,행당2동,LL,다이나믹,80,49,96,50
20204,1121587000,구의3동,HH,정체,106,55,96,50
20204,1123060000,답십리1동,LH,상권확장,91,51,96,50
20204,1123071000,회기동,LL,다이나믹,90,47,96,50
20204,1126066000,망우3동,LL,다이나믹,91,44,96,50
20204,1129059000,돈암2동,LL,다이나믹,81,43,96,50
20204,1129071500,월곡1동,HL,상권축소,96,48,96,50
20204,1129062000,정릉1동,LH,상권확장,94,51,96,50
20204,1129065000,정릉4동,LH,상권확장,88,54,96,50
20204,1130561500,수유1동,HL,상권축소,101,48,96,50
20204,1132051400,창4동,LL,다이나믹,94,48,96,50
20204,1132051500,창5동,LL,다이나믹,91,48,96,50
20204,1135069500,상계6?7동,HL,상권축소,97,47,96,50
20204,1135061200,하계2동,LH,상권확장,92,51,96,50
20204,1138055100,갈현1동,LL,다이나믹,89,47,96,50
20204,1138060000,응암3동,HL,상권축소,100,50,96,50
20204,1141061500,연희동,LH,상권확장,90,51,96,50
20204,1144056500,공덕동,HH,정체,107,52,96,50
20204,1147068000,신정7동,LL,다이나믹,90,50,96,50
20204,1150056000,화곡3동,LL,다이나믹,84,47,96,50
20204,1153059500,가리봉동,HL,상권축소,102,45,96,50
20204,1153056000,구로5동,LL,다이나믹,85,48,96,50
20204,1154568000,시흥2동,LL,다이나믹,78,49,96,50
20204,1154570000,시흥4동,HL,상권축소,98,43,96,50
20204,1156055000,당산1동,HL,상권축소,98,50,96,50
20204,1156071000,대림2동,LL,다이나믹,86,43,96,50
20204,1159051000,노량진1동,HH,정체,110,59,96,50
20204,1162068500,신사동,LL,다이나믹,91,46,96,50
20204,1162060500,은천동,LL,다이나믹,90,48,96,50
20204,1162061500,중앙동,LL,다이나믹,93,48,96,50
20204,1162059500,청룡동,LL,다이나믹,88,47,96,50
20204,1162054500,청림동,LL,다이나믹,77,50,96,50
20204,1165053000,서초3동,HH,정체,100,52,96,50
20204,1168058000,삼성1동,LH,상권확장,90,53,96,50
20204,1168073000,일원1동,HL,상권축소,109,48,96,50
20204,1171064100,문정1동,LL,다이나믹,93,48,96,50
20204,1171059000,송파2동,LL,다이나믹,92,45,96,50
20204,1171057000,오금동,HL,상권축소,97,50,96,50
20204,1171071000,잠실6동,LL,다이나믹,84,49,96,50
20204,1174052000,상일동,LL,다이나믹,81,48,96,50
20204,1174058000,암사2동,LL,다이나믹,94,48,96,50
20204,1174060000,천호1동,LL,다이나믹,88,46,96,50
20204,1111067000,창신1동,HH,정체,105,63,96,50
20204,1114059000,광희동,HH,정체,129,55,96,50
20204,1114052000,소공동,HH,정체,139,66,96,50
20204,1117064000,이촌2동,HH,정체,109,63,96,50
20204,1117062500,한강로동,HH,정체,114,56,96,50
20204,1120061500,금호2?3가동,HH,정체,99,54,96,50
20204,1120065000,성수1가1동,LH,상권확장,85,51,96,50
20204,1120053500,왕십리도선동,LL,다이나믹,77,50,96,50
20204,1123056000,전농1동,LH,상권확장,95,51,96,50
20204,1126052000,면목2동,HL,상권축소,97,46,96,50
20204,1126058000,상봉1동,LL,다이나믹,79,46,96,50
20204,1129068500,길음2동,LL,다이나믹,88,49,96,50
20204,1129060000,안암동,LH,상권확장,92,51,96,50
20204,1130553500,미아동,LL,다이나믹,90,46,96,50
20204,1130560300,번2동,HL,상권축소,96,49,96,50
20204,1130560800,번3동,LL,다이나믹,93,46,96,50
20204,1130563500,수유3동,LL,다이나믹,90,46,96,50
20204,1132069000,방학1동,LL,다이나믹,87,46,96,50
20204,1132071000,방학3동,LH,상권확장,89,51,96,50
20204,1132051200,창2동,LL,다이나믹,94,47,96,50
20204,1135064000,상계2동,LL,다이나믹,86,45,96,50
20204,1135062100,중계1동,LL,다이나믹,89,47,96,50
20204,1138052000,불광1동,LH,상권확장,93,52,96,50
20204,1138053000,불광2동,HH,정체,96,50,96,50
20204,1138065000,수색동,HH,정체,121,61,96,50
20204,1141066000,홍은1동,HH,정체,103,53,96,50
20204,1141064000,홍제3동,HH,정체,105,56,96,50
20204,1144065500,서강동,LL,다이나믹,76,44,96,50
20204,1144073000,성산2동,LH,상권확장,90,54,96,50
20204,1144063000,신수동,LH,상권확장,85,52,96,50
20204,1144055500,아현동,LH,상권확장,92,52,96,50
20204,1147056000,신월1동,LL,다이나믹,95,45,96,50
20204,1153072000,고척1동,HL,상권축소,101,50,96,50
20204,1156072000,대림3동,HL,상권축소,97,44,96,50
20204,1159053000,상도1동,LH,상권확장,95,52,96,50
20204,1162058500,낙성대동,LL,다이나믹,79,49,96,50
20204,1162052500,보라매동,LL,다이나믹,84,50,96,50
20204,1165062000,방배3동,HH,정체,117,50,96,50
20204,1165062100,방배4동,HH,정체,107,52,96,50
20204,1165059000,방배본동,HL,상권축소,103,48,96,50
20204,1168066000,개포1동,LH,상권확장,94,62,96,50
20204,1168069000,개포4동,HL,상권축소,107,49,96,50
20204,1168070000,세곡동,LL,다이나믹,58,44,96,50
20204,1168064000,역삼1동,LL,다이나믹,84,45,96,50
20204,1168065000,역삼2동,LL,다이나믹,85,45,96,50
20204,1171063200,가락2동,HL,상권축소,97,48,96,50
20204,1171060000,석촌동,LL,다이나믹,88,46,96,50
20204,1171072000,잠실7동,HH,정체,124,63,96,50
20204,1171065000,잠실본동,LL,다이나믹,94,47,96,50
20204,1174051500,강일동,LL,다이나믹,61,44,96,50
20204,1174068500,길동,LL,다이나믹,91,46,96,50
20204,1114057000,필동,HH,정체,128,55,96,50
20204,1114067000,황학동,HH,정체,109,63,96,50
20204,1117052000,용산2가동,LL,다이나믹,72,44,96,50
20204,1117063000,이촌1동,HH,정체,123,59,96,50
20204,1117058000,효창동,LH,상권확장,91,58,96,50
20204,1120055000,사근동,LH,상권확장,82,50,96,50
20204,1120066000,성수1가2동,LL,다이나믹,73,49,96,50
20204,1120072000,송정동,HL,상권축소,101,48,96,50
20204,1121578000,능동,LH,상권확장,89,51,96,50
20204,1121582000,자양1동,LL,다이나믹,93,48,96,50
20204,1121584000,자양3동,LL,다이나믹,84,50,96,50
20204,1121577000,중곡4동,LL,다이나믹,95,50,96,50
20204,1123070500,청량리동,HH,정체,150,56,96,50
20204,1126057500,면목3?8동,LL,다이나믹,91,46,96,50
20204,1126055000,면목5동,LL,다이나믹,86,46,96,50
20204,1126057000,면목7동,HL,상권축소,101,46,96,50
20204,1129057500,동선동,LL,다이나믹,93,48,96,50
20204,1129081000,석관동,HH,정체,106,51,96,50
20204,1129076000,장위1동,HH,정체,97,50,96,50
20204,1129070500,종암동,HH,정체,97,51,96,50
20204,1130553400,삼양동,HL,상권축소,98,48,96,50
20204,1132052100,도봉1동,HL,상권축소,98,49,96,50
20204,1132051100,창1동,LL,다이나믹,89,48,96,50
20204,1135058000,월계3동,LH,상권확장,87,51,96,50
20204,1138056000,구산동,LL,다이나믹,88,49,96,50
20204,1138051000,녹번동,LL,다이나믹,84,50,96,50
20204,1141071000,북가좌1동,LL,다이나믹,82,45,96,50
20204,1141072000,북가좌2동,LL,다이나믹,90,48,96,50
20204,1147053000,목3동,HL,상권축소,96,50,96,50
20204,1147061000,신월6동,LH,상권확장,83,55,96,50
20204,1147062000,신정1동,HL,상권축소,98,47,96,50
20204,1150053000,등촌2동,HL,상권축소,97,46,96,50
20204,1150064000,방화2동,LH,상권확장,86,52,96,50
20204,1150055000,화곡2동,LL,다이나믹,91,47,96,50
20204,1150057000,화곡4동,LL,다이나믹,91,47,96,50
20204,1153074000,개봉1동,LH,상권확장,95,50,96,50
20204,1153079000,수궁동,LH,상권확장,91,51,96,50
20204,1154561000,독산1동,LH,상권확장,88,51,96,50
20204,1154563000,독산3동,HL,상권축소,106,46,96,50
20204,1156058500,도림동,LL,다이나믹,94,49,96,50
20204,1156062000,양평2동,HL,상권축소,97,50,96,50
20204,1156053500,영등포동,HH,정체,116,56,96,50
20204,1159052000,노량진2동,HH,정체,115,56,96,50
20204,1159065000,사당4동,HL,상권축소,96,49,96,50
20204,1162073500,대학동,LL,다이나믹,91,45,96,50
20204,1162066500,서림동,LL,다이나믹,92,49,96,50
20204,1165057000,반포2동,HH,정체,106,61,96,50
20204,1171062000,가락본동,LL,다이나믹,92,45,96,50
20204,1171054000,마천1동,HL,상권축소,99,45,96,50
20204,1171055000,마천2동,HH,정체,104,51,96,50
20204,1171064200,문정2동,LL,다이나믹,63,38,96,50
20204,1171056600,오륜동,HH,정체,130,61,96,50
20204,1174056000,고덕2동,LH,상권확장,63,52,96,50
20204,1174065000,성내2동,LL,다이나믹,94,44,96,50
20204,1174057000,암사1동,LL,다이나믹,91,45,96,50
20204,1174059000,암사3동,LH,상권확장,79,53,96,50
20204,1111055000,부암동,LH,상권확장,95,53,96,50
20204,1117053000,남영동,HH,정체,102,54,96,50
20204,1117068500,한남동,LH,상권확장,85,51,96,50
20204,1120062000,금호4가동,LH,상권확장,93,53,96,50
20204,1123073000,휘경2동,LL,다이나믹,79,49,96,50
20204,1126062000,묵1동,LL,다이나믹,85,49,96,50
20204,1126063000,묵2동,LL,다이나믹,93,48,96,50
20204,1126059000,상봉2동,LL,다이나믹,93,49,96,50
20204,1126069000,신내2동,LL,다이나믹,90,48,96,50
20204,1129058000,돈암1동,LH,상권확장,87,51,96,50
20204,1129061000,보문동,HL,상권축소,96,49,96,50
20204,1129063000,정릉2동,HH,정체,96,52,96,50
20204,1130559500,번1동,LL,다이나믹,90,44,96,50
20204,1130557500,삼각산동,LL,다이나믹,82,46,96,50
20204,1132052200,도봉2동,LL,다이나믹,91,46,96,50
20204,1132068000,쌍문3동,LL,다이나믹,93,48,96,50
20204,1132051300,창3동,LL,다이나믹,95,50,96,50
20204,1135062400,중계4동,LL,다이나믹,90,46,96,50
20204,1138055200,갈현2동,LL,다이나믹,85,48,96,50
20204,1138064000,증산동,HH,정체,107,51,96,50
20204,1141055500,북아현동,HH,정체,111,56,96,50
20204,1144070000,망원2동,LL,다이나믹,87,46,96,50
20204,1144074000,상암동,LL,다이나믹,64,41,96,50
20204,1150052000,등촌1동,LH,상권확장,82,51,96,50
20204,1150059300,화곡8동,LL,다이나믹,84,48,96,50
20204,1150059000,화곡본동,LL,다이나믹,95,49,96,50
20204,1153055000,구로4동,HL,상권축소,97,46,96,50
20204,1153080000,항동,LH,상권확장,40,54,96,50
20204,1156063000,신길1동,HH,정체,109,51,96,50
20204,1156061000,양평1동,LH,상권확장,81,50,96,50
20204,1156051500,영등포본동,LH,상권확장,80,52,96,50
20204,1159056000,상도4동,LL,다이나믹,90,50,96,50
20204,1159060500,흑석동,HH,정체,98,54,96,50
20204,1162063000,남현동,LH,상권확장,91,52,96,50
20204,1162064500,서원동,LH,상권확장,93,54,96,50
20204,1162056500,성현동,LL,다이나믹,85,46,96,50
20204,1162065500,신원동,LL,다이나믹,93,46,96,50
20204,1162057500,행운동,HH,정체,99,51,96,50
20204,1165056000,반포1동,LL,다이나믹,85,44,96,50
20204,1165060000,방배1동,LH,상권확장,94,51,96,50
20204,1165065100,양재1동,HH,정체,96,50,96,50
20204,1168067000,개포2동,HH,정체,98,51,96,50
20204,1168053100,논현2동,LL,다이나믹,85,47,96,50
20204,1168063000,대치4동,LL,다이나믹,80,45,96,50
20204,1168051000,신사동,LL,다이나믹,89,47,96,50
20204,1168054500,압구정동,LL,다이나믹,95,46,96,50
20204,1168072000,일원본동,LH,상권확장,93,51,96,50
20204,1171061000,삼전동,LL,다이나믹,88,45,96,50
20204,1171069000,잠실4동,LL,다이나믹,86,48,96,50
20204,1171064600,장지동,LL,다이나믹,84,46,96,50
20204,1174070000,둔촌2동,LL,다이나믹,95,48,96,50
20204,1111057000,무악동,HH,정체,96,63,96,50
20204,1111068000,창신2동,HH,정체,104,57,96,50
20204,1114065000,신당5동,LH,상권확장,85,50,96,50
20204,1114054000,회현동,HH,정체,141,66,96,50
20204,1117059000,용문동,HH,정체,102,50,96,50
20204,1117057000,원효로2동,HH,정체,120,52,96,50
20204,1120056000,행당1동,LH,상권확장,91,52,96,50
20204,1121586000,구의2동,LH,상권확장,92,52,96,50
20204,1121584700,자양4동,LL,다이나믹,93,49,96,50
20204,1121576000,중곡3동,LL,다이나믹,90,47,96,50
20204,1121571000,화양동,LL,다이나믹,84,48,96,50
20204,1123074000,이문1동,HH,정체,104,53,96,50
20204,1126065500,망우본동,HL,상권축소,98,48,96,50
20204,1130554500,송중동,LL,다이나믹,84,47,96,50
20204,1130555500,송천동,HL,상권축소,98,48,96,50
20204,1135072000,상계10동,LL,다이나믹,82,47,96,50
20204,1135071000,상계9동,HL,상권축소,96,49,96,50
20204,1135057000,월계2동,LL,다이나믹,85,50,96,50
20204,1135062500,중계2?3동,LH,상권확장,86,51,96,50
20204,1138063100,신사1동,LL,다이나믹,94,48,96,50
20204,1141052000,천연동,HH,정체,106,53,96,50
20204,1144072000,성산1동,LL,다이나믹,87,49,96,50
20204,1147059000,신월4동,LL,다이나믹,95,48,96,50
20204,1147060000,신월5동,LL,다이나믹,92,50,96,50
20204,1147067000,신정6동,LL,다이나믹,83,45,96,50
20204,1150053500,등촌3동,LL,다이나믹,80,48,96,50
20204,1150061100,발산1동,LL,다이나믹,72,50,96,50
20204,1150063000,방화1동,LL,다이나믹,85,45,96,50
20204,1150064100,방화3동,HL,상권축소,98,50,96,50
20204,1150059100,화곡6동,LL,다이나믹,85,44,96,50
20204,1153077000,오류1동,LH,상권확장,91,52,96,50
20204,1154571000,시흥5동,HL,상권축소,100,50,96,50
20204,1156056000,당산2동,LH,상권확장,92,50,96,50
20204,1156068000,신길6동,HL,상권축소,99,48,96,50
20204,1159068000,신대방2동,HL,상권축소,103,50,96,50
20204,1162077500,난곡동,HH,정체,100,52,96,50
20204,1162071500,난향동,LL,다이나믹,77,45,96,50
20204,1165066000,내곡동,HH,정체,102,62,96,50
20204,1165058100,반포4동,HH,정체,130,61,96,50
20204,1165051000,서초1동,HH,정체,106,53,96,50
20204,1165052000,서초2동,LL,다이나믹,88,47,96,50
20204,1165053100,서초4동,HL,상권축소,105,50,96,50
20204,1168052100,논현1동,LL,다이나믹,87,46,96,50
20204,1168065600,도곡2동,HL,상권축소,101,50,96,50
20204,1171053100,거여1동,LL,다이나믹,90,46,96,50
20204,1171068000,잠실3동,HH,정체,103,63,96,50
20204,1171051000,풍납1동,HL,상권축소,114,50,96,50
20204,1111071000,숭인2동,HL,상권축소,104,46,96,50
20204,1111069000,창신3동,LH,상권확장,84,51,96,50
20204,1114062500,다산동,LH,상권확장,94,53,96,50
20204,1114066500,동화동,LH,상권확장,84,52,96,50
20204,1114058000,장충동,HH,정체,119,57,96,50
20204,1120059000,금호1가동,LH,상권확장,88,52,96,50
20204,1120052000,왕십리2동,LH,상권확장,91,50,96,50
20204,1123053600,용신동,HH,정체,103,50,96,50
20204,1123075000,이문2동,LH,상권확장,94,52,96,50
20204,1123057000,전농2동,HL,상권축소,104,49,96,50
20204,1123072000,휘경1동,HH,정체,99,50,96,50
20204,1126056500,면목본동,LL,다이나믹,93,46,96,50
20204,1126060000,중화1동,HL,상권축소,96,49,96,50
20204,1129066000,길음1동,LH,상권확장,95,56,96,50
20204,1129078000,장위3동,LH,상권확장,93,56,96,50
20204,1135066500,상계3?4동,HL,상권축소,101,50,96,50
20204,1135061900,중계본동,LL,다이나믹,87,46,96,50
20204,1138057000,대조동,LH,상권확장,94,50,96,50
20204,1138063200,신사2동,LL,다이나믹,87,47,96,50
20204,1141056500,충현동,HH,정체,107,55,96,50
20204,1144060000,대흥동,LH,상권확장,94,52,96,50
20204,1144069000,망원1동,LL,다이나믹,74,47,96,50
20204,1144071000,연남동,LL,다이나믹,56,42,96,50
20204,1144068000,합정동,LL,다이나믹,70,47,96,50
20204,1147058000,신월3동,HL,상권축소,109,47,96,50
20204,1150062000,공항동,LL,다이나믹,90,48,96,50
20204,1150054000,화곡1동,LL,다이나믹,91,46,96,50
20204,1153075000,개봉2동,HH,정체,96,53,96,50
20204,1153076000,개봉3동,HL,상권축소,110,48,96,50
20204,1153052000,구로1동,HL,상권축소,113,50,96,50
20204,1153053000,구로2동,HH,정체,122,53,96,50
20204,1154564000,독산4동,HL,상권축소,99,48,96,50
20204,1154569000,시흥3동,HH,정체,128,58,96,50
20204,1156060500,문래동,LH,상권확장,87,51,96,50
20204,1156065000,신길3동,HH,정체,112,55,96,50
20204,1156066000,신길4동,HL,상권축소,103,50,96,50
20204,1156069000,신길7동,LL,다이나믹,88,49,96,50
20204,1159063000,사당2동,HL,상권축소,101,49,96,50
20204,1159064000,사당3동,LL,다이나믹,94,48,96,50
20204,1159067000,신대방1동,HL,상권축소,107,47,96,50
20204,1162076500,미성동,HH,정체,102,51,96,50
20204,1162074500,삼성동,HH,정체,104,52,96,50
20204,1165054000,잠원동,LL,다이나믹,93,49,96,50
20204,1168060000,대치1동,HH,정체,98,50,96,50
20204,1168065500,도곡1동,HL,상권축소,99,50,96,50
20204,1168075000,수서동,HH,정체,99,54,96,50
20204,1171058000,송파1동,LL,다이나믹,91,47,96,50
20204,1171064700,위례동,LL,다이나믹,41,27,96,50
20204,1171067000,잠실2동,LL,다이나믹,77,41,96,50
20204,1174054000,명일2동,HH,정체,97,53,96,50
20204,1174061000,천호2동,LH,상권확장,91,50,96,50
20204,1111053000,사직동,HH,정체,113,57,96,50
20204,1111061500,종로1?2?3?4가동,HH,정체,133,64,96,50
20204,1111051500,청운효자동,LH,상권확장,90,53,96,50
20204,1111056000,평창동,HH,정체,104,56,96,50
20204,1114055000,명동,HH,정체,138,56,96,50
20204,1114060500,을지로동,HH,정체,150,66,96,50
20204,1117056000,원효로1동,HH,정체,110,54,96,50
20204,1117055500,청파동,HH,정체,102,50,96,50
20204,1121585000,구의1동,HL,상권축소,99,48,96,50
20204,1121574000,중곡1동,LL,다이나믹,94,49,96,50
20204,1123061000,답십리2동,HH,정체,115,55,96,50
20204,1123065000,장안1동,HL,상권축소,98,48,96,50
20204,1123054500,제기동,HH,정체,115,59,96,50
20204,1126054000,면목4동,LL,다이나믹,92,46,96,50
20204,1126068000,신내1동,LL,다이나믹,84,47,96,50
20204,1129072500,월곡2동,LL,다이나믹,93,50,96,50
20204,1129077000,장위2동,HH,정체,114,55,96,50
20204,1130566000,인수동,LL,다이나믹,89,44,96,50
20204,1132066000,쌍문1동,LL,다이나믹,93,48,96,50
20204,1132067000,쌍문2동,LL,다이나믹,93,47,96,50
20204,1132068100,쌍문4동,LL,다이나믹,88,48,96,50
20204,1138058000,응암1동,HH,정체,98,50,96,50
20204,1138059000,응암2동,LL,다이나믹,78,47,96,50
20204,1138069000,진관동,LL,다이나믹,62,45,96,50
20204,1141069000,남가좌1동,HH,정체,106,60,96,50
20204,1141070000,남가좌2동,LL,다이나믹,91,48,96,50
20204,1141062000,홍제1동,HH,정체,107,52,96,50
20204,1141065500,홍제2동,HH,정체,102,56,96,50
20204,1144058500,도화동,LH,상권확장,95,51,96,50
20204,1144061000,염리동,LL,다이나믹,89,48,96,50
20204,1147052000,목2동,LL,다이나믹,90,50,96,50
20204,1147054000,목4동,LL,다이나믹,93,44,96,50
20204,1147055000,목5동,LL,다이나믹,89,49,96,50
20204,1147057000,신월2동,HH,정체,96,50,96,50
20204,1150060300,가양1동,LL,다이나믹,47,41,96,50
20204,1150060400,가양2동,LL,다이나믹,94,50,96,50
20204,1153073000,고척2동,HL,상권축소,99,48,96,50
20204,1153051000,신도림동,LL,다이나믹,86,47,96,50
20204,1153078000,오류2동,LL,다이나믹,81,47,96,50
20204,1154562000,독산2동,LL,다이나믹,95,46,96,50
20204,1154567000,시흥1동,HH,정체,99,50,96,50
20204,1156054000,여의동,HH,정체,110,51,96,50
20204,1159066000,대방동,HH,정체,96,51,96,50
20204,1159062000,사당1동,LL,다이나믹,93,48,96,50
20204,1159054000,상도2동,HH,정체,102,53,96,50
20204,1159055000,상도3동,LL,다이나믹,94,46,96,50
20204,1165055000,반포본동,HH,정체,128,55,96,50
20204,1165061000,방배2동,LH,상권확장,88,52,96,50
20204,1165065200,양재2동,HL,상권축소,115,49,96,50
20204,1168056500,청담동,LL,다이나믹,90,49,96,50
20204,1171056200,방이2동,LL,다이나믹,87,48,96,50
20204,1171052000,풍납2동,HH,정체,106,52,96,50
20204,1174055000,고덕1동,LL,다이나믹,70,47,96,50
20204,1174066000,성내3동,HL,상권축소,100,45,96,50
20211,1147061100,신월7동,HL,상권축소,99,45,96,50
20211,1171056100,방이1동,LL,다이나믹,89,48,96,50
20211,1150051000,염창동,LH,상권확장,94,53,96,50
20211,1111054000,삼청동,LH,상권확장,91,53,96,50
20211,1153054000,구로3동,LL,다이나믹,80,45,96,50
20211,1165058000,반포3동,HH,정체,107,57,96,50
20211,1154551000,가산동,LL,다이나믹,74,47,96,50
20211,1141058500,신촌동,HL,상권축소,97,49,96,50
20211,1120054000,마장동,HH,정체,114,59,96,50
20211,1162069500,신림동,LL,다이나믹,92,48,96,50
20211,1123066000,장안2동,LL,다이나믹,94,47,96,50
20211,1120064500,옥수동,LL,다이나믹,79,47,96,50
20211,1117066000,이태원2동,LL,다이나믹,73,46,96,50
20211,1144066000,서교동,LL,다이나믹,77,45,96,50
20211,1135056000,월계1동,LL,다이나믹,91,50,96,50
20211,1121575000,중곡2동,LL,다이나믹,95,47,96,50
20211,1111070000,숭인1동,LH,상권확장,96,57,96,50
20211,1147065000,신정4동,LL,다이나믹,94,46,96,50
20211,1138062500,역촌동,LL,다이나믹,87,47,96,50
20211,1126061000,중화2동,HL,상권축소,97,48,96,50
20211,1129052500,성북동,HH,정체,98,54,96,50
20211,1111063000,종로5?6가동,HH,정체,124,64,96,50
20211,1168059000,삼성2동,LL,다이나믹,89,46,96,50
20211,1174053000,명일1동,HL,상권축소,97,48,96,50
20211,1132070000,방학2동,LL,다이나믹,92,46,96,50
20211,1130562500,수유2동,LL,다이나믹,88,49,96,50
20211,1129055500,삼선동,HL,상권축소,98,50,96,50
20211,1135063000,상계1동,LL,다이나믹,86,46,96,50
20211,1141068500,홍은2동,LH,상권확장,93,52,96,50
20211,1174062000,천호3동,LL,다이나믹,95,48,96,50
20211,1168061000,대치2동,HH,정체,97,51,96,50
20211,1147064000,신정3동,LH,상권확장,93,51,96,50
20211,1130564500,우이동,LH,상권확장,92,50,96,50
20211,1135059500,공릉1동,LL,다이나믹,94,50,96,50
20211,1114063500,약수동,LH,상권확장,93,53,96,50
20211,1135060000,공릉2동,LL,다이나믹,81,48,96,50
20211,1117070000,보광동,LL,다이나믹,96,50,96,50
20211,1168074000,일원2동,HL,상권축소,100,50,96,50
20211,1174064000,성내1동,HL,상권축소,100,48,96,50
20211,1144059000,용강동,HL,상권축소,97,49,96,50
20211,1171053200,거여2동,HH,정체,97,51,96,50
20211,1121581000,광장동,LH,상권확장,86,51,96,50
20211,1121573000,군자동,LL,다이나믹,93,49,96,50
20211,1135061100,하계1동,LH,상권확장,90,50,96,50
20211,1159065100,사당5동,LL,다이나믹,85,49,96,50
20211,1129064000,정릉3동,LH,상권확장,93,55,96,50
20211,1147063000,신정2동,LL,다이나믹,92,48,96,50
20211,1162072500,조원동,HL,상권축소,101,45,96,50
20211,1147051000,목1동,LL,다이나믹,83,48,96,50
20211,1162062500,인헌동,LH,상권확장,92,50,96,50
20211,1120058000,응봉동,LL,다이나믹,88,49,96,50
20211,1121583000,자양2동,LL,다이나믹,94,49,96,50
20211,1156067000,신길5동,LL,다이나믹,92,50,96,50
20211,1117069000,서빙고동,LH,상권확장,95,58,96,50
20211,1156070000,대림1동,HL,상권축소,106,48,96,50
20211,1171063100,가락1동,HH,정체,152,96,96,50
20211,1150060500,가양3동,LH,상권확장,87,53,96,50
20211,1150061500,우장산동,LL,다이나믹,80,48,96,50
20211,1135067000,상계5동,LL,다이나믹,89,46,96,50
20211,1135070000,상계8동,LH,상권확장,86,50,96,50
20211,1174069000,둔촌1동,HH,정체,144,61,96,50
20211,1114061500,신당동,LH,상권확장,87,61,96,50
20211,1120079000,용답동,HH,정체,122,55,96,50
20211,1129065000,정릉4동,LH,상권확장,87,54,96,50
20211,1156055000,당산1동,HL,상권축소,99,49,96,50
20211,1162059500,청룡동,LL,다이나믹,89,47,96,50
20211,1114064500,청구동,LL,다이나믹,89,47,96,50
20211,1165053000,서초3동,HH,정체,100,52,96,50
20211,1123060000,답십리1동,LH,상권확장,90,51,96,50
20211,1153056000,구로5동,LL,다이나믹,86,48,96,50
20211,1171071000,잠실6동,LL,다이나믹,85,48,96,50
20211,1159051000,노량진1동,HH,정체,111,59,96,50
20211,1138060000,응암3동,HL,상권축소,101,50,96,50
20211,1135061200,하계2동,LH,상권확장,88,52,96,50
20211,1174052000,상일동,LL,다이나믹,77,49,96,50
20211,1111065000,혜화동,HH,정체,101,51,96,50
20211,1117065000,이태원1동,HH,정체,118,61,96,50
20211,1120069000,성수2가3동,LH,상권확장,79,52,96,50
20211,1111064000,이화동,LH,상권확장,88,54,96,50
20211,1168058000,삼성1동,LH,상권확장,91,53,96,50
20211,1162068500,신사동,LL,다이나믹,91,46,96,50
20211,1111058000,교남동,HH,정체,111,56,96,50
20211,1162061500,중앙동,LL,다이나믹,94,48,96,50
20211,1138055100,갈현1동,LL,다이나믹,89,48,96,50
20211,1121587000,구의3동,HH,정체,107,55,96,50
20211,1123071000,회기동,LL,다이나믹,89,47,96,50
20211,1117051000,후암동,LH,상권확장,91,54,96,50
20211,1111060000,가회동,HH,정체,97,57,96,50
20211,1171064100,문정1동,LL,다이나믹,93,48,96,50
20211,1144056500,공덕동,HH,정체,107,52,96,50
20211,1132051500,창5동,LL,다이나믹,91,48,96,50
20211,1156071000,대림2동,LL,다이나믹,86,43,96,50
20211,1132051400,창4동,LL,다이나믹,95,48,96,50
20211,1154570000,시흥4동,HL,상권축소,98,44,96,50
20211,1120067000,성수2가1동,LL,다이나믹,89,48,96,50
20211,1171059000,송파2동,LL,다이나믹,93,45,96,50
20211,1153059500,가리봉동,HL,상권축소,103,45,96,50
20211,1129062000,정릉1동,LH,상권확장,92,51,96,50
20211,1154568000,시흥2동,LH,상권확장,75,50,96,50
20211,1162060500,은천동,LL,다이나믹,89,48,96,50
20211,1174060000,천호1동,LL,다이나믹,87,46,96,50
20211,1130561500,수유1동,HL,상권축소,100,48,96,50
20211,1129071500,월곡1동,LL,다이나믹,95,48,96,50
20211,1162054500,청림동,LL,다이나믹,77,50,96,50
20211,1168073000,일원1동,HL,상권축소,110,48,96,50
20211,1135069500,상계6?7동,LL,다이나믹,95,47,96,50
20211,1114068000,중림동,HH,정체,105,55,96,50
20211,1141061500,연희동,LH,상권확장,91,51,96,50
20211,1150056000,화곡3동,LL,다이나믹,84,47,96,50
20211,1147068000,신정7동,LL,다이나믹,90,50,96,50
20211,1171057000,오금동,HL,상권축소,97,50,96,50
20211,1126066000,망우3동,LL,다이나믹,90,45,96,50
20211,1129059000,돈암2동,LL,다이나믹,78,44,96,50
20211,1120057000,행당2동,LL,다이나믹,79,49,96,50
20211,1174058000,암사2동,LL,다이나믹,94,49,96,50
20211,1156072000,대림3동,HL,상권축소,97,44,96,50
20211,1168065000,역삼2동,LL,다이나믹,84,45,96,50
20211,1168064000,역삼1동,LL,다이나믹,85,45,96,50
20211,1141066000,홍은1동,HH,정체,100,54,96,50
20211,1117062500,한강로동,HH,정체,114,56,96,50
20211,1144055500,아현동,LH,상권확장,92,52,96,50
20211,1132069000,방학1동,LL,다이나믹,89,46,96,50
20211,1117064000,이촌2동,HH,정체,108,62,96,50
20211,1168070000,세곡동,LL,다이나믹,59,44,96,50
20211,1114059000,광희동,HH,정체,132,55,96,50
20211,1174068500,길동,LL,다이나믹,91,46,96,50
20211,1153072000,고척1동,HH,정체,101,50,96,50
20211,1171065000,잠실본동,LL,다이나믹,95,47,96,50
20211,1135064000,상계2동,LL,다이나믹,86,45,96,50
20211,1144065500,서강동,LL,다이나믹,77,44,96,50
20211,1174051500,강일동,LL,다이나믹,59,44,96,50
20211,1130553500,미아동,LL,다이나믹,90,46,96,50
20211,1130563500,수유3동,LL,다이나믹,91,46,96,50
20211,1132051200,창2동,LL,다이나믹,93,46,96,50
20211,1138052000,불광1동,LH,상권확장,93,52,96,50
20211,1165059000,방배본동,HL,상권축소,105,48,96,50
20211,1135062100,중계1동,LL,다이나믹,88,47,96,50
20211,1159053000,상도1동,LH,상권확장,92,52,96,50
20211,1114052000,소공동,HH,정체,132,67,96,50
20211,1144073000,성산2동,LH,상권확장,91,54,96,50
20211,1126052000,면목2동,HL,상권축소,97,46,96,50
20211,1123056000,전농1동,LH,상권확장,95,51,96,50
20211,1171060000,석촌동,LL,다이나믹,88,46,96,50
20211,1129060000,안암동,LH,상권확장,92,51,96,50
20211,1171063200,가락2동,HL,상권축소,96,48,96,50
20211,1144063000,신수동,LH,상권확장,85,51,96,50
20211,1129068500,길음2동,LL,다이나믹,88,49,96,50
20211,1138053000,불광2동,HH,정체,96,50,96,50
20211,1120061500,금호2?3가동,HH,정체,99,53,96,50
20211,1126058000,상봉1동,LL,다이나믹,80,46,96,50
20211,1162058500,낙성대동,LL,다이나믹,80,49,96,50
20211,1147056000,신월1동,HL,상권축소,96,45,96,50
20211,1132071000,방학3동,LH,상권확장,88,50,96,50
20211,1168069000,개포4동,HL,상권축소,108,49,96,50
20211,1165062000,방배3동,HH,정체,118,50,96,50
20211,1141064000,홍제3동,HH,정체,106,56,96,50
20211,1138065000,수색동,HH,정체,121,61,96,50
20211,1171072000,잠실7동,HH,정체,120,63,96,50
20211,1120065000,성수1가1동,LH,상권확장,85,51,96,50
20211,1162052500,보라매동,LL,다이나믹,84,49,96,50
20211,1120053500,왕십리도선동,LL,다이나믹,77,49,96,50
20211,1111067000,창신1동,HH,정체,106,62,96,50
20211,1165062100,방배4동,HH,정체,108,52,96,50
20211,1130560800,번3동,LL,다이나믹,92,46,96,50
20211,1130560300,번2동,LL,다이나믹,95,49,96,50
20211,1168066000,개포1동,LH,상권확장,96,62,96,50
20211,1171062000,가락본동,LL,다이나믹,92,45,96,50
20211,1121578000,능동,LH,상권확장,89,51,96,50
20211,1114057000,필동,HH,정체,128,56,96,50
20211,1114067000,황학동,HH,정체,110,63,96,50
20211,1171064200,문정2동,LL,다이나믹,64,37,96,50
20211,1171056600,오륜동,HH,정체,126,62,96,50
20211,1141072000,북가좌2동,LL,다이나믹,91,48,96,50
20211,1156053500,영등포동,HH,정체,117,56,96,50
20211,1129076000,장위1동,LH,상권확장,96,50,96,50
20211,1129070500,종암동,HH,정체,97,51,96,50
20211,1141071000,북가좌1동,LL,다이나믹,81,45,96,50
20211,1132052100,도봉1동,HL,상권축소,99,49,96,50
20211,1174059000,암사3동,LH,상권확장,77,53,96,50
20211,1150055000,화곡2동,LL,다이나믹,91,47,96,50
20211,1129057500,동선동,LL,다이나믹,93,48,96,50
20211,1126057000,면목7동,HL,상권축소,100,47,96,50
20211,1153079000,수궁동,LH,상권확장,90,51,96,50
20211,1121577000,중곡4동,HL,상권축소,96,50,96,50
20211,1126057500,면목3?8동,LL,다이나믹,92,46,96,50
20211,1123070500,청량리동,HH,정체,151,56,96,50
20211,1120066000,성수1가2동,LL,다이나믹,73,49,96,50
20211,1150057000,화곡4동,LL,다이나믹,91,47,96,50
20211,1171054000,마천1동,HL,상권축소,100,45,96,50
20211,1138056000,구산동,LL,다이나믹,86,50,96,50
20211,1135058000,월계3동,LH,상권확장,85,50,96,50
20211,1147062000,신정1동,HL,상권축소,98,47,96,50
20211,1153074000,개봉1동,LH,상권확장,95,51,96,50
20211,1121584000,자양3동,LL,다이나믹,84,50,96,50
20211,1138051000,녹번동,LL,다이나믹,83,50,96,50
20211,1159052000,노량진2동,HH,정체,116,56,96,50
20211,1174057000,암사1동,LL,다이나믹,92,45,96,50
20211,1162073500,대학동,LL,다이나믹,91,45,96,50
20211,1117063000,이촌1동,HH,정체,122,59,96,50
20211,1150064000,방화2동,LH,상권확장,88,52,96,50
20211,1174065000,성내2동,LL,다이나믹,94,44,96,50
20211,1121582000,자양1동,LL,다이나믹,94,48,96,50
20211,1174056000,고덕2동,LH,상권확장,65,50,96,50
20211,1132051100,창1동,LL,다이나믹,88,49,96,50
20211,1150053000,등촌2동,HL,상권축소,97,46,96,50
20211,1130553400,삼양동,HL,상권축소,99,48,96,50
20211,1117052000,용산2가동,LL,다이나믹,74,44,96,50
20211,1156062000,양평2동,HL,상권축소,97,50,96,50
20211,1171055000,마천2동,HH,정체,105,50,96,50
20211,1147053000,목3동,HL,상권축소,96,50,96,50
20211,1129081000,석관동,HH,정체,105,51,96,50
20211,1154561000,독산1동,LH,상권확장,88,51,96,50
20211,1120055000,사근동,LH,상권확장,85,50,96,50
20211,1156058500,도림동,LL,다이나믹,95,48,96,50
20211,1126055000,면목5동,LL,다이나믹,84,46,96,50
20211,1159065000,사당4동,LL,다이나믹,95,49,96,50
20211,1162066500,서림동,LL,다이나믹,91,49,96,50
20211,1120072000,송정동,HL,상권축소,101,48,96,50
20211,1154563000,독산3동,HL,상권축소,106,46,96,50
20211,1147061000,신월6동,LH,상권확장,79,55,96,50
20211,1117058000,효창동,LH,상권확장,92,58,96,50
20211,1165057000,반포2동,HH,정체,102,61,96,50
20211,1162063000,남현동,LH,상권확장,91,52,96,50
20211,1168051000,신사동,LL,다이나믹,90,47,96,50
20211,1126062000,묵1동,LL,다이나믹,85,49,96,50
20211,1138055200,갈현2동,LL,다이나믹,84,48,96,50
20211,1144074000,상암동,LL,다이나믹,65,41,96,50
20211,1168054500,압구정동,HL,상권축소,96,47,96,50
20211,1168063000,대치4동,LL,다이나믹,80,45,96,50
20211,1165060000,방배1동,LH,상권확장,96,51,96,50
20211,1159060500,흑석동,HH,정체,97,54,96,50
20211,1156061000,양평1동,LH,상권확장,82,50,96,50
20211,1171069000,잠실4동,LL,다이나믹,86,48,96,50
20211,1129063000,정릉2동,LH,상권확장,95,53,96,50
20211,1141055500,북아현동,HH,정체,113,56,96,50
20211,1156051500,영등포본동,LH,상권확장,82,52,96,50
20211,1135062400,중계4동,LL,다이나믹,89,46,96,50
20211,1129058000,돈암1동,LH,상권확장,82,52,96,50
20211,1123073000,휘경2동,LL,다이나믹,79,49,96,50
20211,1130557500,삼각산동,LL,다이나믹,80,46,96,50
20211,1162065500,신원동,LL,다이나믹,94,46,96,50
20211,1168067000,개포2동,HH,정체,97,51,96,50
20211,1126069000,신내2동,LL,다이나믹,91,48,96,50
20211,1129061000,보문동,LL,다이나믹,96,50,96,50
20211,1117068500,한남동,LH,상권확장,86,51,96,50
20211,1171061000,삼전동,LL,다이나믹,88,45,96,50
20211,1165056000,반포1동,LL,다이나믹,88,43,96,50
20211,1132052200,도봉2동,LL,다이나믹,92,46,96,50
20211,1162056500,성현동,LL,다이나믹,82,46,96,50
20211,1130559500,번1동,LL,다이나믹,91,44,96,50
20211,1126059000,상봉2동,LL,다이나믹,93,49,96,50
20211,1150059300,화곡8동,LL,다이나믹,84,48,96,50
20211,1168053100,논현2동,LL,다이나믹,85,47,96,50
20211,1174070000,둔촌2동,HL,상권축소,96,48,96,50
20211,1150059000,화곡본동,LL,다이나믹,96,49,96,50
20211,1162064500,서원동,LH,상권확장,94,53,96,50
20211,1111055000,부암동,LH,상권확장,95,53,96,50
20211,1150052000,등촌1동,LH,상권확장,83,50,96,50
20211,1162057500,행운동,HH,정체,100,50,96,50
20211,1165065100,양재1동,LH,상권확장,96,51,96,50
20211,1168072000,일원본동,LH,상권확장,93,51,96,50
20211,1159056000,상도4동,LH,상권확장,89,50,96,50
20211,1120062000,금호4가동,LH,상권확장,93,54,96,50
20211,1126063000,묵2동,LL,다이나믹,94,48,96,50
20211,1153055000,구로4동,HL,상권축소,99,45,96,50
20211,1156063000,신길1동,HH,정체,109,51,96,50
20211,1171064600,장지동,LL,다이나믹,83,46,96,50
20211,1144070000,망원2동,LL,다이나믹,88,46,96,50
20211,1132068000,쌍문3동,LL,다이나믹,93,49,96,50
20211,1138064000,증산동,HH,정체,108,51,96,50
20211,1132051300,창3동,HL,상권축소,96,49,96,50
20211,1117053000,남영동,HH,정체,103,54,96,50
20211,1153080000,항동,LH,상권확장,38,51,96,50
20211,1171053100,거여1동,LL,다이나믹,91,46,96,50
20211,1150059100,화곡6동,LL,다이나믹,86,44,96,50
20211,1165051000,서초1동,HH,정체,107,53,96,50
20211,1114054000,회현동,HH,정체,143,66,96,50
20211,1121586000,구의2동,LH,상권확장,91,52,96,50
20211,1168065600,도곡2동,HL,상권축소,101,50,96,50
20211,1121584700,자양4동,LL,다이나믹,95,49,96,50
20211,1144072000,성산1동,LL,다이나믹,88,48,96,50
20211,1168052100,논현1동,LL,다이나믹,88,46,96,50
20211,1150061100,발산1동,LL,다이나믹,70,50,96,50
20211,1154571000,시흥5동,HL,상권축소,100,50,96,50
20211,1141052000,천연동,HH,정체,106,53,96,50
20211,1147067000,신정6동,LL,다이나믹,83,45,96,50
20211,1150063000,방화1동,LL,다이나믹,86,45,96,50
20211,1121576000,중곡3동,LL,다이나믹,89,47,96,50
20211,1153077000,오류1동,LH,상권확장,92,52,96,50
20211,1156068000,신길6동,HL,상권축소,99,49,96,50
20211,1138063100,신사1동,LL,다이나믹,94,48,96,50
20211,1150053500,등촌3동,LL,다이나믹,80,48,96,50
20211,1135062500,중계2?3동,LH,상권확장,86,51,96,50
20211,1162077500,난곡동,HH,정체,99,51,96,50
20211,1156056000,당산2동,LL,다이나믹,92,50,96,50
20211,1126065500,망우본동,HL,상권축소,99,48,96,50
20211,1165066000,내곡동,HH,정체,101,62,96,50
20211,1114065000,신당5동,LH,상권확장,87,50,96,50
20211,1130554500,송중동,LL,다이나믹,84,47,96,50
20211,1111068000,창신2동,HH,정체,105,56,96,50
20211,1120056000,행당1동,LH,상권확장,92,52,96,50
20211,1135057000,월계2동,LL,다이나믹,83,50,96,50
20211,1121571000,화양동,LL,다이나믹,84,48,96,50
20211,1171051000,풍납1동,HL,상권축소,115,50,96,50
20211,1130555500,송천동,HL,상권축소,97,48,96,50
20211,1147060000,신월5동,LL,다이나믹,92,49,96,50
20211,1135071000,상계9동,LL,다이나믹,95,49,96,50
20211,1165058100,반포4동,HH,정체,131,61,96,50
20211,1123074000,이문1동,HH,정체,103,54,96,50
20211,1165053100,서초4동,HL,상권축소,106,50,96,50
20211,1171068000,잠실3동,HH,정체,104,63,96,50
20211,1117059000,용문동,HH,정체,102,50,96,50
20211,1165052000,서초2동,LL,다이나믹,88,46,96,50
20211,1159068000,신대방2동,HL,상권축소,103,50,96,50
20211,1162071500,난향동,LL,다이나믹,76,45,96,50
20211,1150064100,방화3동,HL,상권축소,98,50,96,50
20211,1147059000,신월4동,LL,다이나믹,95,48,96,50
20211,1117057000,원효로2동,HH,정체,119,52,96,50
20211,1135072000,상계10동,LL,다이나믹,78,47,96,50
20211,1111057000,무악동,HH,정체,97,62,96,50
20211,1129078000,장위3동,LH,상권확장,93,56,96,50
20211,1144060000,대흥동,LH,상권확장,95,52,96,50
20211,1123053600,용신동,HH,정체,103,51,96,50
20211,1126056500,면목본동,LL,다이나믹,93,46,96,50
20211,1159063000,사당2동,HL,상권축소,101,49,96,50
20211,1138063200,신사2동,LL,다이나믹,86,47,96,50
20211,1156066000,신길4동,HL,상권축소,101,50,96,50
20211,1168060000,대치1동,HH,정체,99,50,96,50
20211,1171067000,잠실2동,LL,다이나믹,78,41,96,50
20211,1174061000,천호2동,LL,다이나믹,93,50,96,50
20211,1153053000,구로2동,HH,정체,123,54,96,50
20211,1120052000,왕십리2동,LL,다이나믹,90,50,96,50
20211,1144068000,합정동,LL,다이나믹,71,47,96,50
20211,1156065000,신길3동,HH,정체,114,55,96,50
20211,1144071000,연남동,LL,다이나믹,56,41,96,50
20211,1174054000,명일2동,LH,상권확장,96,54,96,50
20211,1150054000,화곡1동,LL,다이나믹,92,47,96,50
20211,1138057000,대조동,LH,상권확장,94,50,96,50
20211,1153075000,개봉2동,LH,상권확장,95,53,96,50
20211,1123057000,전농2동,HL,상권축소,102,49,96,50
20211,1156060500,문래동,LH,상권확장,88,51,96,50
20211,1168065500,도곡1동,HL,상권축소,98,50,96,50
20211,1154569000,시흥3동,HH,정체,129,58,96,50
20211,1114062500,다산동,LH,상권확장,94,53,96,50
20211,1129066000,길음1동,LH,상권확장,94,56,96,50
20211,1171064700,위례동,LL,다이나믹,40,27,96,50
20211,1165054000,잠원동,LL,다이나믹,94,49,96,50
20211,1147058000,신월3동,HL,상권축소,110,48,96,50
20211,1126060000,중화1동,LL,다이나믹,95,49,96,50
20211,1135061900,중계본동,LL,다이나믹,87,46,96,50
20211,1162076500,미성동,HH,정체,101,51,96,50
20211,1162074500,삼성동,HH,정체,102,52,96,50
20211,1123075000,이문2동,LH,상권확장,92,51,96,50
20211,1171058000,송파1동,LL,다이나믹,91,47,96,50
20211,1111071000,숭인2동,HL,상권축소,106,45,96,50
20211,1123072000,휘경1동,HH,정체,100,50,96,50
20211,1150062000,공항동,LL,다이나믹,90,48,96,50
20211,1159064000,사당3동,LL,다이나믹,93,48,96,50
20211,1111069000,창신3동,LL,다이나믹,87,50,96,50
20211,1168075000,수서동,HH,정체,101,54,96,50
20211,1135066500,상계3?4동,HL,상권축소,99,50,96,50
20211,1156069000,신길7동,LL,다이나믹,87,49,96,50
20211,1144069000,망원1동,LL,다이나믹,74,47,96,50
20211,1153076000,개봉3동,HL,상권축소,110,48,96,50
20211,1159067000,신대방1동,HL,상권축소,108,47,96,50
20211,1141056500,충현동,HH,정체,109,55,96,50
20211,1114058000,장충동,HH,정체,122,57,96,50
20211,1153052000,구로1동,HL,상권축소,107,50,96,50
20211,1154564000,독산4동,HL,상권축소,100,47,96,50
20211,1120059000,금호1가동,LH,상권확장,87,52,96,50
20211,1114066500,동화동,LH,상권확장,86,52,96,50
20211,1123061000,답십리2동,HH,정체,116,55,96,50
20211,1114055000,명동,HH,정체,140,56,96,50
20211,1132066000,쌍문1동,LL,다이나믹,91,48,96,50
20211,1174055000,고덕1동,LL,다이나믹,71,47,96,50
20211,1156054000,여의동,HH,정체,109,51,96,50
20211,1123065000,장안1동,HL,상권축소,99,48,96,50
20211,1123054500,제기동,HH,정체,116,59,96,50
20211,1138069000,진관동,LL,다이나믹,61,44,96,50
20211,1159054000,상도2동,HH,정체,103,53,96,50
20211,1168056500,청담동,LL,다이나믹,91,49,96,50
20211,1141062000,홍제1동,HH,정체,106,52,96,50
20211,1111053000,사직동,HH,정체,114,57,96,50
20211,1117056000,원효로1동,HH,정체,110,54,96,50
20211,1129072500,월곡2동,LL,다이나믹,94,50,96,50
20211,1171056200,방이2동,LL,다이나믹,88,48,96,50
20211,1147052000,목2동,LL,다이나믹,90,50,96,50
20211,1150060300,가양1동,LL,다이나믹,48,40,96,50
20211,1165065200,양재2동,HL,상권축소,117,49,96,50
20211,1144061000,염리동,LL,다이나믹,89,48,96,50
20211,1153078000,오류2동,LL,다이나믹,80,47,96,50
20211,1141065500,홍제2동,HH,정체,102,56,96,50
20211,1117055500,청파동,HH,정체,103,50,96,50
20211,1121585000,구의1동,HL,상권축소,100,48,96,50
20211,1111061500,종로1?2?3?4가동,HH,정체,135,64,96,50
20211,1159062000,사당1동,LL,다이나믹,93,48,96,50
20211,1132067000,쌍문2동,LL,다이나믹,93,47,96,50
20211,1141070000,남가좌2동,LL,다이나믹,90,48,96,50
20211,1141069000,남가좌1동,HH,정체,105,60,96,50
20211,1126054000,면목4동,LL,다이나믹,90,46,96,50
20211,1153051000,신도림동,LL,다이나믹,86,47,96,50
20211,1154567000,시흥1동,HH,정체,99,50,96,50
20211,1147057000,신월2동,LH,상권확장,95,51,96,50
20211,1144058500,도화동,LH,상권확장,96,51,96,50
20211,1138059000,응암2동,LL,다이나믹,77,47,96,50
20211,1147055000,목5동,LL,다이나믹,89,49,96,50
20211,1114060500,을지로동,HH,정체,151,67,96,50
20211,1111051500,청운효자동,LH,상권확장,90,53,96,50
20211,1111056000,평창동,HH,정체,104,56,96,50
20211,1129077000,장위2동,HH,정체,113,55,96,50
20211,1138058000,응암1동,HH,정체,97,50,96,50
20211,1165061000,방배2동,LH,상권확장,90,52,96,50
20211,1153073000,고척2동,HL,상권축소,99,48,96,50
20211,1174066000,성내3동,HL,상권축소,100,45,96,50
20211,1121574000,중곡1동,LL,다이나믹,95,49,96,50
20211,1147054000,목4동,LL,다이나믹,94,44,96,50
20211,1126068000,신내1동,LL,다이나믹,84,47,96,50
20211,1171052000,풍납2동,HH,정체,107,52,96,50
20211,1159055000,상도3동,LL,다이나믹,92,46,96,50
20211,1154562000,독산2동,LL,다이나믹,94,47,96,50
20211,1165055000,반포본동,HH,정체,131,55,96,50
20211,1150060400,가양2동,LL,다이나믹,95,50,96,50
20211,1130566000,인수동,LL,다이나믹,88,44,96,50
20211,1132068100,쌍문4동,LL,다이나믹,88,48,96,50
20211,1159066000,대방동,HH,정체,96,51,96,50
20212,1117070000,보광동,LH,상권확장,95,51,96,50
20212,1117066000,이태원2동,LL,다이나믹,72,46,96,50
20212,1111054000,삼청동,LH,상권확장,91,54,96,50
20212,1153054000,구로3동,LL,다이나믹,80,45,96,50
20212,1117069000,서빙고동,HH,정체,96,58,96,50
20212,1120058000,응봉동,LL,다이나믹,85,49,96,50
20212,1129052500,성북동,HH,정체,97,55,96,50
20212,1174062000,천호3동,LL,다이나믹,95,48,96,50
20212,1144059000,용강동,HL,상권축소,97,49,96,50
20212,1144066000,서교동,LL,다이나믹,77,46,96,50
20212,1171056100,방이1동,LL,다이나믹,90,48,96,50
20212,1130564500,우이동,LL,다이나믹,93,50,96,50
20212,1141058500,신촌동,HL,상권축소,96,49,96,50
20212,1165058000,반포3동,HH,정체,107,58,96,50
20212,1111063000,종로5?6가동,HH,정체,124,65,96,50
20212,1123066000,장안2동,LL,다이나믹,94,47,96,50
20212,1120054000,마장동,HH,정체,115,59,96,50
20212,1121575000,중곡2동,HL,상권축소,96,47,96,50
20212,1147065000,신정4동,LL,다이나믹,93,46,96,50
20212,1138062500,역촌동,LL,다이나믹,86,47,96,50
20212,1126061000,중화2동,HL,상권축소,96,48,96,50
20212,1135056000,월계1동,LL,다이나믹,91,50,96,50
20212,1150060500,가양3동,LH,상권확장,85,54,96,50
20212,1154551000,가산동,LL,다이나믹,75,47,96,50
20212,1168059000,삼성2동,LL,다이나믹,89,46,96,50
20212,1129064000,정릉3동,LH,상권확장,94,55,96,50
20212,1168061000,대치2동,HH,정체,97,51,96,50
20212,1174064000,성내1동,HL,상권축소,98,48,96,50
20212,1162069500,신림동,LL,다이나믹,91,48,96,50
20212,1129055500,삼선동,HH,정체,97,50,96,50
20212,1135059500,공릉1동,LL,다이나믹,93,50,96,50
20212,1114063500,약수동,LH,상권확장,93,54,96,50
20212,1111070000,숭인1동,LH,상권확장,94,57,96,50
20212,1135061100,하계1동,LH,상권확장,88,50,96,50
20212,1141068500,홍은2동,LH,상권확장,92,52,96,50
20212,1156070000,대림1동,HL,상권축소,104,48,96,50
20212,1147064000,신정3동,LH,상권확장,91,51,96,50
20212,1147051000,목1동,LL,다이나믹,84,48,96,50
20212,1147063000,신정2동,LL,다이나믹,91,48,96,50
20212,1162072500,조원동,HL,상권축소,101,45,96,50
20212,1150061500,우장산동,LL,다이나믹,81,48,96,50
20212,1150051000,염창동,LH,상권확장,93,53,96,50
20212,1135063000,상계1동,LL,다이나믹,86,46,96,50
20212,1135060000,공릉2동,LL,다이나믹,81,49,96,50
20212,1156067000,신길5동,LL,다이나믹,88,50,96,50
20212,1121581000,광장동,LH,상권확장,85,51,96,50
20212,1130562500,수유2동,LL,다이나믹,87,49,96,50
20212,1174053000,명일1동,HL,상권축소,97,49,96,50
20212,1132070000,방학2동,LL,다이나믹,91,46,96,50
20212,1135067000,상계5동,LL,다이나믹,88,46,96,50
20212,1162062500,인헌동,LH,상권확장,92,51,96,50
20212,1159065100,사당5동,LL,다이나믹,85,50,96,50
20212,1121583000,자양2동,LL,다이나믹,94,49,96,50
20212,1120064500,옥수동,LL,다이나믹,77,48,96,50
20212,1168074000,일원2동,HL,상권축소,100,50,96,50
20212,1147061100,신월7동,HL,상권축소,99,45,96,50
20212,1171053200,거여2동,LH,상권확장,95,52,96,50
20212,1121573000,군자동,LL,다이나믹,91,49,96,50
20212,1171063100,가락1동,HH,정체,152,98,96,50
20212,1135070000,상계8동,LL,다이나믹,85,50,96,50
20212,1174069000,둔촌1동,HH,정체,144,61,96,50
20212,1159051000,노량진1동,HH,정체,112,60,96,50
20212,1114061500,신당동,LH,상권확장,89,61,96,50
20212,1117065000,이태원1동,HH,정체,119,61,96,50
20212,1114064500,청구동,LL,다이나믹,87,47,96,50
20212,1117051000,후암동,LH,상권확장,93,54,96,50
20212,1165053000,서초3동,HH,정체,100,52,96,50
20212,1120069000,성수2가3동,LH,상권확장,79,52,96,50
20212,1162068500,신사동,LL,다이나믹,88,47,96,50
20212,1144056500,공덕동,HH,정체,106,53,96,50
20212,1132051500,창5동,LL,다이나믹,92,48,96,50
20212,1138055100,갈현1동,LL,다이나믹,89,48,96,50
20212,1111058000,교남동,HH,정체,111,56,96,50
20212,1111060000,가회동,HH,정체,98,57,96,50
20212,1114068000,중림동,HH,정체,105,55,96,50
20212,1153056000,구로5동,LL,다이나믹,87,48,96,50
20212,1111065000,혜화동,HH,정체,101,51,96,50
20212,1171071000,잠실6동,LL,다이나믹,86,49,96,50
20212,1120079000,용답동,HH,정체,122,56,96,50
20212,1111064000,이화동,LH,상권확장,89,55,96,50
20212,1153059500,가리봉동,HL,상권축소,103,45,96,50
20212,1138060000,응암3동,HL,상권축소,100,50,96,50
20212,1121587000,구의3동,HH,정체,106,56,96,50
20212,1174052000,상일동,LL,다이나믹,75,49,96,50
20212,1120067000,성수2가1동,LL,다이나믹,88,48,96,50
20212,1162059500,청룡동,LL,다이나믹,89,47,96,50
20212,1168058000,삼성1동,LH,상권확장,91,54,96,50
20212,1156055000,당산1동,HL,상권축소,100,50,96,50
20212,1171059000,송파2동,LL,다이나믹,94,45,96,50
20212,1141061500,연희동,LH,상권확장,90,51,96,50
20212,1135069500,상계6?7동,LL,다이나믹,94,47,96,50
20212,1171064100,문정1동,LL,다이나믹,93,48,96,50
20212,1123060000,답십리1동,LH,상권확장,90,52,96,50
20212,1126066000,망우3동,LL,다이나믹,88,45,96,50
20212,1129059000,돈암2동,LL,다이나믹,78,44,96,50
20212,1174060000,천호1동,LL,다이나믹,85,47,96,50
20212,1162061500,중앙동,LL,다이나믹,94,48,96,50
20212,1171057000,오금동,HL,상권축소,96,50,96,50
20212,1129062000,정릉1동,LH,상권확장,91,51,96,50
20212,1168073000,일원1동,HL,상권축소,110,49,96,50
20212,1154568000,시흥2동,LL,다이나믹,73,50,96,50
20212,1130561500,수유1동,HL,상권축소,100,49,96,50
20212,1135061200,하계2동,LH,상권확장,85,53,96,50
20212,1123071000,회기동,LL,다이나믹,90,47,96,50
20212,1129065000,정릉4동,LH,상권확장,86,55,96,50
20212,1156071000,대림2동,LL,다이나믹,86,43,96,50
20212,1154570000,시흥4동,HL,상권축소,97,44,96,50
20212,1129071500,월곡1동,LL,다이나믹,95,48,96,50
20212,1162054500,청림동,LL,다이나믹,75,50,96,50
20212,1174058000,암사2동,LL,다이나믹,93,49,96,50
20212,1147068000,신정7동,LL,다이나믹,90,50,96,50
20212,1132051400,창4동,LL,다이나믹,94,49,96,50
20212,1150056000,화곡3동,LL,다이나믹,84,47,96,50
20212,1162060500,은천동,LL,다이나믹,87,48,96,50
20212,1120057000,행당2동,LL,다이나믹,76,49,96,50
20212,1117062500,한강로동,HH,정체,115,56,96,50
20212,1114059000,광희동,HH,정체,134,56,96,50
20212,1168064000,역삼1동,LL,다이나믹,86,45,96,50
20212,1129068500,길음2동,LL,다이나믹,87,49,96,50
20212,1130563500,수유3동,LL,다이나믹,91,46,96,50
20212,1165062000,방배3동,HH,정체,118,50,96,50
20212,1144063000,신수동,LH,상권확장,85,51,96,50
20212,1168065000,역삼2동,LL,다이나믹,84,45,96,50
20212,1156072000,대림3동,HL,상권축소,98,44,96,50
20212,1126052000,면목2동,HL,상권축소,97,46,96,50
20212,1144055500,아현동,LH,상권확장,92,52,96,50
20212,1165059000,방배본동,HL,상권축소,105,48,96,50
20212,1168069000,개포4동,HL,상권축소,108,49,96,50
20212,1135064000,상계2동,LL,다이나믹,86,46,96,50
20212,1144073000,성산2동,LH,상권확장,91,54,96,50
20212,1144065500,서강동,LL,다이나믹,76,44,96,50
20212,1132071000,방학3동,LH,상권확장,85,51,96,50
20212,1147056000,신월1동,LL,다이나믹,96,45,96,50
20212,1171063200,가락2동,HL,상권축소,96,49,96,50
20212,1162052500,보라매동,LL,다이나믹,85,49,96,50
20212,1141064000,홍제3동,HH,정체,106,57,96,50
20212,1138053000,불광2동,LH,상권확장,95,51,96,50
20212,1168070000,세곡동,LL,다이나믹,60,44,96,50
20212,1114052000,소공동,HH,정체,134,67,96,50
20212,1129060000,안암동,LH,상권확장,92,51,96,50
20212,1132069000,방학1동,LL,다이나믹,88,47,96,50
20212,1174068500,길동,LL,다이나믹,91,46,96,50
20212,1171065000,잠실본동,LL,다이나믹,95,48,96,50
20212,1171060000,석촌동,LL,다이나믹,88,46,96,50
20212,1126058000,상봉1동,LL,다이나믹,80,46,96,50
20212,1153072000,고척1동,HH,정체,102,50,96,50
20212,1135062100,중계1동,LL,다이나믹,88,47,96,50
20212,1141066000,홍은1동,HH,정체,97,54,96,50
20212,1138065000,수색동,HH,정체,121,61,96,50
20212,1130560800,번3동,LL,다이나믹,91,46,96,50
20212,1165062100,방배4동,HH,정체,108,53,96,50
20212,1120061500,금호2?3가동,HH,정체,98,54,96,50
20212,1130560300,번2동,LL,다이나믹,92,49,96,50
20212,1162058500,낙성대동,LL,다이나믹,81,49,96,50
20212,1123056000,전농1동,LH,상권확장,95,51,96,50
20212,1130553500,미아동,LL,다이나믹,90,46,96,50
20212,1138052000,불광1동,LH,상권확장,93,53,96,50
20212,1111067000,창신1동,HH,정체,106,63,96,50
20212,1159053000,상도1동,LH,상권확장,92,53,96,50
20212,1120065000,성수1가1동,LH,상권확장,84,51,96,50
20212,1120053500,왕십리도선동,LL,다이나믹,77,49,96,50
20212,1174051500,강일동,LL,다이나믹,56,44,96,50
20212,1168066000,개포1동,HH,정체,97,62,96,50
20212,1117064000,이촌2동,HH,정체,105,63,96,50
20212,1171072000,잠실7동,HH,정체,120,63,96,50
20212,1132051200,창2동,LL,다이나믹,91,47,96,50
20212,1117058000,효창동,LH,상권확장,91,58,96,50
20212,1159052000,노량진2동,HH,정체,116,57,96,50
20212,1114057000,필동,HH,정체,129,56,96,50
20212,1117063000,이촌1동,HH,정체,121,59,96,50
20212,1129057500,동선동,LL,다이나믹,93,48,96,50
20212,1154561000,독산1동,LH,상권확장,87,51,96,50
20212,1132051100,창1동,LL,다이나믹,88,49,96,50
20212,1141071000,북가좌1동,LL,다이나믹,79,45,96,50
20212,1120072000,송정동,HL,상권축소,99,48,96,50
20212,1147062000,신정1동,HL,상권축소,98,47,96,50
20212,1162066500,서림동,LL,다이나믹,90,50,96,50
20212,1126057500,면목3?8동,LL,다이나믹,91,47,96,50
20212,1121577000,중곡4동,HH,정체,96,50,96,50
20212,1154563000,독산3동,HL,상권축소,106,46,96,50
20212,1117052000,용산2가동,LL,다이나믹,76,44,96,50
20212,1138051000,녹번동,LL,다이나믹,82,50,96,50
20212,1156062000,양평2동,HL,상권축소,97,50,96,50
20212,1174065000,성내2동,LL,다이나믹,94,44,96,50
20212,1156053500,영등포동,HH,정체,117,56,96,50
20212,1121584000,자양3동,LH,상권확장,83,51,96,50
20212,1129070500,종암동,HH,정체,96,51,96,50
20212,1171062000,가락본동,LL,다이나믹,92,45,96,50
20212,1150055000,화곡2동,LL,다이나믹,89,47,96,50
20212,1121578000,능동,LH,상권확장,86,52,96,50
20212,1138056000,구산동,LL,다이나믹,85,50,96,50
20212,1141072000,북가좌2동,LL,다이나믹,90,48,96,50
20212,1153074000,개봉1동,LH,상권확장,94,51,96,50
20212,1171064200,문정2동,LL,다이나믹,65,38,96,50
20212,1147061000,신월6동,LH,상권확장,77,55,96,50
20212,1147053000,목3동,HL,상권축소,96,50,96,50
20212,1150053000,등촌2동,HL,상권축소,96,46,96,50
20212,1174057000,암사1동,LL,다이나믹,91,45,96,50
20212,1156058500,도림동,LL,다이나믹,94,49,96,50
20212,1174059000,암사3동,LH,상권확장,74,53,96,50
20212,1153079000,수궁동,LH,상권확장,89,51,96,50
20212,1174056000,고덕2동,LH,상권확장,63,51,96,50
20212,1114067000,황학동,HH,정체,109,63,96,50
20212,1150064000,방화2동,LH,상권확장,88,52,96,50
20212,1150057000,화곡4동,LL,다이나믹,92,47,96,50
20212,1162073500,대학동,LL,다이나믹,91,45,96,50
20212,1129081000,석관동,HH,정체,104,52,96,50
20212,1120066000,성수1가2동,LL,다이나믹,73,50,96,50
20212,1159065000,사당4동,HL,상권축소,96,49,96,50
20212,1129076000,장위1동,LH,상권확장,93,51,96,50
20212,1171056600,오륜동,HH,정체,125,62,96,50
20212,1126055000,면목5동,LL,다이나믹,81,47,96,50
20212,1126057000,면목7동,HL,상권축소,99,47,96,50
20212,1132052100,도봉1동,HL,상권축소,100,49,96,50
20212,1121582000,자양1동,LL,다이나믹,95,48,96,50
20212,1171054000,마천1동,HL,상권축소,99,45,96,50
20212,1135058000,월계3동,LH,상권확장,82,52,96,50
20212,1123070500,청량리동,HH,정체,151,57,96,50
20212,1171055000,마천2동,HH,정체,105,51,96,50
20212,1130553400,삼양동,HL,상권축소,98,49,96,50
20212,1165057000,반포2동,HH,정체,102,61,96,50
20212,1120055000,사근동,LH,상권확장,87,50,96,50
20212,1117068500,한남동,LH,상권확장,86,51,96,50
20212,1150052000,등촌1동,LH,상권확장,81,51,96,50
20212,1153055000,구로4동,HL,상권축소,99,46,96,50
20212,1168051000,신사동,LL,다이나믹,90,47,96,50
20212,1168054500,압구정동,LL,다이나믹,96,47,96,50
20212,1126059000,상봉2동,LL,다이나믹,92,49,96,50
20212,1144070000,망원2동,LL,다이나믹,86,46,96,50
20212,1141055500,북아현동,HH,정체,112,56,96,50
20212,1144074000,상암동,LL,다이나믹,65,42,96,50
20212,1168063000,대치4동,LL,다이나믹,81,46,96,50
20212,1156061000,양평1동,LH,상권확장,81,51,96,50
20212,1165060000,방배1동,HH,정체,97,51,96,50
20212,1123073000,휘경2동,LL,다이나믹,78,49,96,50
20212,1150059000,화곡본동,LL,다이나믹,95,49,96,50
20212,1168053100,논현2동,LL,다이나믹,84,47,96,50
20212,1171069000,잠실4동,LL,다이나믹,86,48,96,50
20212,1156063000,신길1동,HH,정체,109,51,96,50
20212,1165065100,양재1동,LH,상권확장,95,51,96,50
20212,1117053000,남영동,HH,정체,103,55,96,50
20212,1138055200,갈현2동,LL,다이나믹,84,48,96,50
20212,1132051300,창3동,HL,상권축소,96,50,96,50
20212,1165056000,반포1동,LL,다이나믹,87,44,96,50
20212,1120062000,금호4가동,LH,상권확장,93,54,96,50
20212,1156051500,영등포본동,LH,상권확장,84,52,96,50
20212,1126062000,묵1동,LL,다이나믹,83,49,96,50
20212,1159056000,상도4동,LL,다이나믹,88,50,96,50
20212,1162063000,남현동,LH,상권확장,91,52,96,50
20212,1111055000,부암동,LH,상권확장,95,53,96,50
20212,1171064600,장지동,LL,다이나믹,82,47,96,50
20212,1138064000,증산동,HH,정체,107,51,96,50
20212,1162057500,행운동,HH,정체,101,51,96,50
20212,1130557500,삼각산동,LL,다이나믹,80,46,96,50
20212,1162065500,신원동,LL,다이나믹,94,46,96,50
20212,1130559500,번1동,LL,다이나믹,89,45,96,50
20212,1135062400,중계4동,LL,다이나믹,89,46,96,50
20212,1162064500,서원동,LH,상권확장,93,54,96,50
20212,1126069000,신내2동,LL,다이나믹,91,48,96,50
20212,1159060500,흑석동,HH,정체,97,54,96,50
20212,1168072000,일원본동,LH,상권확장,94,51,96,50
20212,1174070000,둔촌2동,LL,다이나믹,95,48,96,50
20212,1171061000,삼전동,LL,다이나믹,87,45,96,50
20212,1150059300,화곡8동,LL,다이나믹,84,48,96,50
20212,1129063000,정릉2동,HH,정체,96,53,96,50
20212,1132052200,도봉2동,LL,다이나믹,92,46,96,50
20212,1129061000,보문동,LL,다이나믹,94,50,96,50
20212,1126063000,묵2동,LL,다이나믹,93,48,96,50
20212,1132068000,쌍문3동,LL,다이나믹,93,49,96,50
20212,1153080000,항동,LL,다이나믹,38,50,96,50
20212,1162056500,성현동,LL,다이나믹,81,47,96,50
20212,1129058000,돈암1동,LH,상권확장,80,52,96,50
20212,1168067000,개포2동,HH,정체,96,51,96,50
20212,1117059000,용문동,HH,정체,103,51,96,50
20212,1117057000,원효로2동,HH,정체,121,52,96,50
20212,1165051000,서초1동,HH,정체,108,53,96,50
20212,1114054000,회현동,HH,정체,143,67,96,50
20212,1138063100,신사1동,LL,다이나믹,92,48,96,50
20212,1165053100,서초4동,HL,상권축소,106,50,96,50
20212,1171053100,거여1동,LL,다이나믹,90,46,96,50
20212,1153077000,오류1동,LH,상권확장,92,52,96,50
20212,1168052100,논현1동,LL,다이나믹,89,46,96,50
20212,1144072000,성산1동,LL,다이나믹,89,49,96,50
20212,1147060000,신월5동,LL,다이나믹,91,50,96,50
20212,1147067000,신정6동,LL,다이나믹,83,45,96,50
20212,1121571000,화양동,LL,다이나믹,85,48,96,50
20212,1150064100,방화3동,HL,상권축소,98,50,96,50
20212,1150059100,화곡6동,LL,다이나믹,84,45,96,50
20212,1165058100,반포4동,HH,정체,132,61,96,50
20212,1159068000,신대방2동,HH,정체,101,50,96,50
20212,1130554500,송중동,LL,다이나믹,84,47,96,50
20212,1156056000,당산2동,LH,상권확장,92,50,96,50
20212,1168065600,도곡2동,HL,상권축소,101,50,96,50
20212,1130555500,송천동,HL,상권축소,98,48,96,50
20212,1114065000,신당5동,LL,다이나믹,87,50,96,50
20212,1123074000,이문1동,HH,정체,102,54,96,50
20212,1135062500,중계2?3동,LH,상권확장,85,51,96,50
20212,1147059000,신월4동,LL,다이나믹,95,48,96,50
20212,1171068000,잠실3동,HH,정체,106,63,96,50
20212,1121584700,자양4동,HL,상권축소,96,49,96,50
20212,1150053500,등촌3동,LL,다이나믹,81,49,96,50
20212,1141052000,천연동,HH,정체,105,54,96,50
20212,1150063000,방화1동,LL,다이나믹,85,46,96,50
20212,1126065500,망우본동,HL,상권축소,98,48,96,50
20212,1135057000,월계2동,LL,다이나믹,81,50,96,50
20212,1156068000,신길6동,HL,상권축소,98,49,96,50
20212,1121586000,구의2동,LH,상권확장,90,53,96,50
20212,1120056000,행당1동,LH,상권확장,92,52,96,50
20212,1162071500,난향동,LL,다이나믹,73,46,96,50
20212,1165066000,내곡동,HH,정체,101,62,96,50
20212,1150061100,발산1동,LL,다이나믹,69,50,96,50
20212,1165052000,서초2동,LL,다이나믹,88,47,96,50
20212,1111068000,창신2동,HH,정체,104,56,96,50
20212,1171051000,풍납1동,HL,상권축소,114,50,96,50
20212,1162077500,난곡동,HH,정체,97,52,96,50
20212,1154571000,시흥5동,HL,상권축소,101,50,96,50
20212,1121576000,중곡3동,LL,다이나믹,89,47,96,50
20212,1135071000,상계9동,LL,다이나믹,93,49,96,50
20212,1111057000,무악동,HH,정체,97,63,96,50
20212,1135072000,상계10동,LL,다이나믹,76,47,96,50
20212,1153052000,구로1동,HL,상권축소,106,50,96,50
20212,1135066500,상계3?4동,HL,상권축소,98,50,96,50
20212,1144068000,합정동,LL,다이나믹,71,47,96,50
20212,1114062500,다산동,LH,상권확장,94,53,96,50
20212,1123053600,용신동,HH,정체,103,51,96,50
20212,1156065000,신길3동,HH,정체,115,55,96,50
20212,1144071000,연남동,LL,다이나믹,56,41,96,50
20212,1129078000,장위3동,LH,상권확장,92,57,96,50
20212,1150054000,화곡1동,LL,다이나믹,91,47,96,50
20212,1168075000,수서동,HH,정체,101,54,96,50
20212,1126056500,면목본동,LL,다이나믹,93,46,96,50
20212,1144060000,대흥동,LH,상권확장,95,52,96,50
20212,1144069000,망원1동,LL,다이나믹,73,47,96,50
20212,1171064700,위례동,LL,다이나믹,40,27,96,50
20212,1174054000,명일2동,LH,상권확장,95,54,96,50
20212,1153076000,개봉3동,HL,상권축소,109,49,96,50
20212,1141056500,충현동,HH,정체,108,55,96,50
20212,1171067000,잠실2동,LL,다이나믹,78,41,96,50
20212,1114058000,장충동,HH,정체,122,57,96,50
20212,1156060500,문래동,LH,상권확장,89,51,96,50
20212,1174061000,천호2동,LL,다이나믹,93,50,96,50
20212,1159063000,사당2동,HL,상권축소,100,49,96,50
20212,1150062000,공항동,LL,다이나믹,89,48,96,50
20212,1111071000,숭인2동,HL,상권축소,106,46,96,50
20212,1147058000,신월3동,HL,상권축소,110,48,96,50
20212,1165054000,잠원동,LL,다이나믹,93,49,96,50
20212,1168065500,도곡1동,HL,상권축소,96,50,96,50
20212,1159067000,신대방1동,HL,상권축소,107,47,96,50
20212,1171058000,송파1동,LL,다이나믹,91,47,96,50
20212,1129066000,길음1동,LH,상권확장,94,56,96,50
20212,1138057000,대조동,LL,다이나믹,94,50,96,50
20212,1156066000,신길4동,HL,상권축소,100,50,96,50
20212,1154569000,시흥3동,HH,정체,130,58,96,50
20212,1153075000,개봉2동,LH,상권확장,94,53,96,50
20212,1138063200,신사2동,LL,다이나믹,85,48,96,50
20212,1168060000,대치1동,HH,정체,101,51,96,50
20212,1123072000,휘경1동,HH,정체,98,51,96,50
20212,1159064000,사당3동,LL,다이나믹,92,49,96,50
20212,1135061900,중계본동,LL,다이나믹,86,46,96,50
20212,1156069000,신길7동,LL,다이나믹,87,49,96,50
20212,1153053000,구로2동,HH,정체,125,54,96,50
20212,1123057000,전농2동,HL,상권축소,99,50,96,50
20212,1114066500,동화동,LH,상권확장,86,52,96,50
20212,1120052000,왕십리2동,LH,상권확장,88,50,96,50
20212,1162076500,미성동,HH,정체,102,51,96,50
20212,1120059000,금호1가동,LH,상권확장,83,52,96,50
20212,1111069000,창신3동,LL,다이나믹,84,50,96,50
20212,1162074500,삼성동,HH,정체,103,53,96,50
20212,1123075000,이문2동,LH,상권확장,92,51,96,50
20212,1154564000,독산4동,HL,상권축소,100,47,96,50
20212,1126060000,중화1동,LL,다이나믹,94,50,96,50
20212,1117056000,원효로1동,HH,정체,112,54,96,50
20212,1117055500,청파동,HH,정체,104,51,96,50
20212,1165065200,양재2동,HL,상권축소,118,49,96,50
20212,1111056000,평창동,HH,정체,104,57,96,50
20212,1156054000,여의동,HH,정체,110,51,96,50
20212,1147054000,목4동,LL,다이나믹,94,44,96,50
20212,1144058500,도화동,HH,정체,96,51,96,50
20212,1171056200,방이2동,LL,다이나믹,88,48,96,50
20212,1141062000,홍제1동,HH,정체,105,53,96,50
20212,1114060500,을지로동,HH,정체,152,67,96,50
20212,1150060300,가양1동,LL,다이나믹,48,40,96,50
20212,1114055000,명동,HH,정체,141,57,96,50
20212,1153078000,오류2동,LL,다이나믹,80,47,96,50
20212,1132066000,쌍문1동,LL,다이나믹,90,48,96,50
20212,1132067000,쌍문2동,LL,다이나믹,94,48,96,50
20212,1126054000,면목4동,LL,다이나믹,88,46,96,50
20212,1147057000,신월2동,LH,상권확장,95,51,96,50
20212,1111051500,청운효자동,LH,상권확장,89,53,96,50
20212,1123054500,제기동,HH,정체,116,59,96,50
20212,1121585000,구의1동,HL,상권축소,100,48,96,50
20212,1153073000,고척2동,HL,상권축소,100,49,96,50
20212,1144061000,염리동,LL,다이나믹,86,48,96,50
20212,1153051000,신도림동,LL,다이나믹,87,47,96,50
20212,1138069000,진관동,LL,다이나믹,60,45,96,50
20212,1141069000,남가좌1동,HH,정체,104,60,96,50
20212,1159062000,사당1동,LL,다이나믹,92,48,96,50
20212,1165055000,반포본동,HH,정체,134,56,96,50
20212,1141065500,홍제2동,HH,정체,99,57,96,50
20212,1111061500,종로1?2?3?4가동,HH,정체,136,65,96,50
20212,1126068000,신내1동,LL,다이나믹,83,48,96,50
20212,1168056500,청담동,LL,다이나믹,91,49,96,50
20212,1150060400,가양2동,LL,다이나믹,93,50,96,50
20212,1141070000,남가좌2동,LL,다이나믹,89,49,96,50
20212,1111053000,사직동,HH,정체,114,57,96,50
20212,1165061000,방배2동,LH,상권확장,90,53,96,50
20212,1121574000,중곡1동,LL,다이나믹,95,49,96,50
20212,1123065000,장안1동,HL,상권축소,99,48,96,50
20212,1147055000,목5동,LL,다이나믹,89,49,96,50
20212,1147052000,목2동,LL,다이나믹,88,50,96,50
20212,1138059000,응암2동,LL,다이나믹,74,47,96,50
20212,1138058000,응암1동,HH,정체,96,50,96,50
20212,1123061000,답십리2동,HH,정체,116,55,96,50
20212,1159054000,상도2동,HH,정체,102,53,96,50
20212,1174066000,성내3동,HL,상권축소,100,46,96,50
20212,1154567000,시흥1동,HH,정체,99,51,96,50
20212,1154562000,독산2동,LL,다이나믹,94,47,96,50
20212,1174055000,고덕1동,LL,다이나믹,69,48,96,50
20212,1129072500,월곡2동,LL,다이나믹,93,50,96,50
20212,1130566000,인수동,LL,다이나믹,88,44,96,50
20212,1159055000,상도3동,LL,다이나믹,89,47,96,50
20212,1129077000,장위2동,HH,정체,114,55,96,50
20212,1171052000,풍납2동,HH,정체,108,52,96,50
20212,1159066000,대방동,HH,정체,97,51,96,50
20212,1132068100,쌍문4동,LL,다이나믹,86,49,96,50
20213,1130562500,수유2동,LL,다이나믹,86,49,96,51
20213,1154551000,가산동,LL,다이나믹,75,47,96,51
20213,1144066000,서교동,LL,다이나믹,77,46,96,51
20213,1121581000,광장동,LH,상권확장,85,51,96,51
20213,1168059000,삼성2동,LL,다이나믹,90,46,96,51
20213,1162072500,조원동,HL,상권축소,102,46,96,51
20213,1138062500,역촌동,LL,다이나믹,86,47,96,51
20213,1130564500,우이동,LL,다이나믹,92,50,96,51
20213,1174053000,명일1동,HL,상권축소,96,49,96,51
20213,1162069500,신림동,LL,다이나믹,91,48,96,51
20213,1144059000,용강동,HL,상권축소,97,50,96,51
20213,1168074000,일원2동,HL,상권축소,101,50,96,51
20213,1123066000,장안2동,LL,다이나믹,95,47,96,51
20213,1153054000,구로3동,LL,다이나믹,80,45,96,51
20213,1126061000,중화2동,HL,상권축소,96,48,96,51
20213,1135059500,공릉1동,LL,다이나믹,94,50,96,51
20213,1121575000,중곡2동,HL,상권축소,97,47,96,51
20213,1129052500,성북동,HH,정체,96,55,96,51
20213,1120064500,옥수동,LL,다이나믹,75,48,96,51
20213,1147065000,신정4동,LL,다이나믹,93,47,96,51
20213,1135060000,공릉2동,LL,다이나믹,80,49,96,51
20213,1141068500,홍은2동,LH,상권확장,91,53,96,51
20213,1111070000,숭인1동,LH,상권확장,94,58,96,51
20213,1111063000,종로5?6가동,HH,정체,125,65,96,51
20213,1120054000,마장동,HH,정체,116,59,96,51
20213,1114063500,약수동,LH,상권확장,92,55,96,51
20213,1147051000,목1동,LL,다이나믹,84,48,96,51
20213,1150061500,우장산동,LL,다이나믹,81,48,96,51
20213,1171056100,방이1동,LL,다이나믹,90,48,96,51
20213,1147064000,신정3동,LH,상권확장,89,51,96,51
20213,1117069000,서빙고동,LH,상권확장,93,59,96,51
20213,1121583000,자양2동,LL,다이나믹,94,49,96,51
20213,1165058000,반포3동,HH,정체,108,58,96,51
20213,1121573000,군자동,LL,다이나믹,89,49,96,51
20213,1135061100,하계1동,LH,상권확장,87,51,96,51
20213,1168061000,대치2동,HH,정체,97,51,96,51
20213,1135056000,월계1동,LL,다이나믹,92,50,96,51
20213,1135067000,상계5동,LL,다이나믹,89,46,96,51
20213,1120058000,응봉동,LL,다이나믹,81,50,96,51
20213,1117066000,이태원2동,LL,다이나믹,73,46,96,51
20213,1150051000,염창동,LH,상권확장,93,54,96,51
20213,1129055500,삼선동,HH,정체,98,51,96,51
20213,1132070000,방학2동,LL,다이나믹,92,46,96,51
20213,1147061100,신월7동,HL,상권축소,98,45,96,51
20213,1150060500,가양3동,LH,상권확장,85,54,96,51
20213,1141058500,신촌동,HL,상권축소,96,49,96,51
20213,1129064000,정릉3동,LH,상권확장,94,56,96,51
20213,1135063000,상계1동,LL,다이나믹,85,47,96,51
20213,1171053200,거여2동,LH,상권확장,93,52,96,51
20213,1159065100,사당5동,LL,다이나믹,85,50,96,51
20213,1174064000,성내1동,HL,상권축소,97,48,96,51
20213,1162062500,인헌동,LH,상권확장,92,51,96,51
20213,1156067000,신길5동,LL,다이나믹,89,50,96,51
20213,1174062000,천호3동,LL,다이나믹,94,48,96,51
20213,1147063000,신정2동,LL,다이나믹,92,49,96,51
20213,1156070000,대림1동,HL,상권축소,105,48,96,51
20213,1135070000,상계8동,LH,상권확장,83,51,96,51
20213,1111054000,삼청동,LH,상권확장,92,53,96,51
20213,1117070000,보광동,HL,상권축소,97,51,96,51
20213,1171063100,가락1동,HH,정체,152,99,96,51
20213,1174069000,둔촌1동,HH,정체,145,61,96,51
20213,1117065000,이태원1동,HH,정체,120,61,96,51
20213,1114061500,신당동,LH,상권확장,89,61,96,51
20213,1120069000,성수2가3동,LH,상권확장,79,52,96,51
20213,1162059500,청룡동,LL,다이나믹,90,47,96,51
20213,1120079000,용답동,HH,정체,124,56,96,51
20213,1162054500,청림동,LL,다이나믹,76,50,96,51
20213,1153056000,구로5동,LL,다이나믹,88,48,96,51
20213,1129062000,정릉1동,LH,상권확장,91,51,96,51
20213,1162060500,은천동,LL,다이나믹,87,48,96,51
20213,1174052000,상일동,LL,다이나믹,72,49,96,51
20213,1165053000,서초3동,HH,정체,100,52,96,51
20213,1111064000,이화동,LH,상권확장,91,55,96,51
20213,1123071000,회기동,LL,다이나믹,89,47,96,51
20213,1156071000,대림2동,LL,다이나믹,85,44,96,51
20213,1141061500,연희동,LH,상권확장,91,51,96,51
20213,1123060000,답십리1동,LH,상권확장,88,52,96,51
20213,1171064100,문정1동,LL,다이나믹,93,48,96,51
20213,1171071000,잠실6동,LL,다이나믹,85,49,96,51
20213,1114068000,중림동,HH,정체,105,55,96,51
20213,1138060000,응암3동,HL,상권축소,101,50,96,51
20213,1153059500,가리봉동,HL,상권축소,102,46,96,51
20213,1132051400,창4동,LL,다이나믹,94,48,96,51
20213,1129065000,정릉4동,LH,상권확장,85,55,96,51
20213,1144056500,공덕동,HH,정체,105,53,96,51
20213,1162068500,신사동,LL,다이나믹,89,47,96,51
20213,1126066000,망우3동,LL,다이나믹,89,45,96,51
20213,1156055000,당산1동,HL,상권축소,100,50,96,51
20213,1111060000,가회동,HH,정체,98,57,96,51
20213,1120067000,성수2가1동,LL,다이나믹,88,49,96,51
20213,1159051000,노량진1동,HH,정체,113,60,96,51
20213,1132051500,창5동,LL,다이나믹,92,48,96,51
20213,1171059000,송파2동,LL,다이나믹,94,45,96,51
20213,1171057000,오금동,HL,상권축소,97,50,96,51
20213,1138055100,갈현1동,LL,다이나믹,89,48,96,51
20213,1111065000,혜화동,HH,정체,102,51,96,51
20213,1135069500,상계6?7동,LL,다이나믹,94,48,96,51
20213,1168058000,삼성1동,LH,상권확장,91,54,96,51
20213,1168073000,일원1동,HL,상권축소,110,49,96,51
20213,1117051000,후암동,LH,상권확장,93,54,96,51
20213,1162061500,중앙동,LL,다이나믹,94,48,96,51
20213,1147068000,신정7동,LL,다이나믹,89,50,96,51
20213,1174060000,천호1동,LL,다이나믹,86,47,96,51
20213,1111058000,교남동,HH,정체,112,56,96,51
20213,1154570000,시흥4동,HL,상권축소,96,45,96,51
20213,1121587000,구의3동,HH,정체,107,56,96,51
20213,1114064500,청구동,LL,다이나믹,87,47,96,51
20213,1154568000,시흥2동,LL,다이나믹,71,50,96,51
20213,1130561500,수유1동,HL,상권축소,100,49,96,51
20213,1129059000,돈암2동,LL,다이나믹,76,44,96,51
20213,1129071500,월곡1동,LL,다이나믹,94,48,96,51
20213,1150056000,화곡3동,LL,다이나믹,85,47,96,51
20213,1120057000,행당2동,LL,다이나믹,75,50,96,51
20213,1174058000,암사2동,LL,다이나믹,94,49,96,51
20213,1135061200,하계2동,LH,상권확장,83,52,96,51
20213,1156072000,대림3동,HL,상권축소,100,44,96,51
20213,1171060000,석촌동,LL,다이나믹,88,46,96,51
20213,1168070000,세곡동,LL,다이나믹,61,44,96,51
20213,1168069000,개포4동,HL,상권축소,108,49,96,51
20213,1144073000,성산2동,LH,상권확장,92,54,96,51
20213,1168064000,역삼1동,LL,다이나믹,86,46,96,51
20213,1168065000,역삼2동,LL,다이나믹,85,45,96,51
20213,1135064000,상계2동,LL,다이나믹,86,46,96,51
20213,1130560300,번2동,LL,다이나믹,90,50,96,51
20213,1117062500,한강로동,HH,정체,115,57,96,51
20213,1111067000,창신1동,HH,정체,107,64,96,51
20213,1132071000,방학3동,LH,상권확장,86,51,96,51
20213,1165062100,방배4동,HH,정체,108,53,96,51
20213,1138052000,불광1동,LH,상권확장,93,53,96,51
20213,1135062100,중계1동,LL,다이나믹,87,48,96,51
20213,1132069000,방학1동,LL,다이나믹,88,47,96,51
20213,1174068500,길동,LL,다이나믹,91,46,96,51
20213,1120053500,왕십리도선동,LL,다이나믹,77,50,96,51
20213,1120065000,성수1가1동,LH,상권확장,83,51,96,51
20213,1153072000,고척1동,HH,정체,101,51,96,51
20213,1114059000,광희동,HH,정체,134,56,96,51
20213,1129060000,안암동,LH,상권확장,90,52,96,51
20213,1130563500,수유3동,LL,다이나믹,93,46,96,51
20213,1144065500,서강동,LL,다이나믹,75,44,96,51
20213,1171063200,가락2동,HL,상권축소,96,49,96,51
20213,1130553500,미아동,LL,다이나믹,89,47,96,51
20213,1144055500,아현동,LH,상권확장,93,52,96,51
20213,1126058000,상봉1동,LL,다이나믹,81,47,96,51
20213,1126052000,면목2동,HL,상권축소,97,46,96,51
20213,1165062000,방배3동,HH,정체,118,51,96,51
20213,1147056000,신월1동,LL,다이나믹,95,45,96,51
20213,1171065000,잠실본동,LL,다이나믹,96,48,96,51
20213,1159053000,상도1동,LH,상권확장,92,53,96,51
20213,1171072000,잠실7동,HH,정체,122,63,96,51
20213,1129068500,길음2동,LL,다이나믹,87,49,96,51
20213,1144063000,신수동,LH,상권확장,83,51,96,51
20213,1138053000,불광2동,LH,상권확장,95,51,96,51
20213,1141064000,홍제3동,HH,정체,106,57,96,51
20213,1165059000,방배본동,HL,상권축소,106,49,96,51
20213,1162058500,낙성대동,LL,다이나믹,80,49,96,51
20213,1123056000,전농1동,LH,상권확장,95,51,96,51
20213,1174051500,강일동,LL,다이나믹,54,44,96,51
20213,1141066000,홍은1동,HH,정체,96,55,96,51
20213,1130560800,번3동,LL,다이나믹,90,46,96,51
20213,1120061500,금호2?3가동,HH,정체,97,54,96,51
20213,1114052000,소공동,HH,정체,134,67,96,51
20213,1162052500,보라매동,LL,다이나믹,84,50,96,51
20213,1117064000,이촌2동,HH,정체,106,63,96,51
20213,1132051200,창2동,LL,다이나믹,91,47,96,51
20213,1138065000,수색동,HH,정체,121,61,96,51
20213,1168066000,개포1동,HH,정체,100,62,96,51
20213,1129081000,석관동,HH,정체,103,52,96,51
20213,1171064200,문정2동,LL,다이나믹,65,38,96,51
20213,1120066000,성수1가2동,LL,다이나믹,73,50,96,51
20213,1156053500,영등포동,HH,정체,117,56,96,51
20213,1153074000,개봉1동,LH,상권확장,94,51,96,51
20213,1150057000,화곡4동,LL,다이나믹,92,47,96,51
20213,1150064000,방화2동,LH,상권확장,89,52,96,51
20213,1174065000,성내2동,LL,다이나믹,95,44,96,51
20213,1147053000,목3동,HL,상권축소,96,50,96,51
20213,1121584000,자양3동,LH,상권확장,84,51,96,51
20213,1156062000,양평2동,HL,상권축소,97,50,96,51
20213,1171054000,마천1동,HL,상권축소,99,46,96,51
20213,1129057500,동선동,LL,다이나믹,94,49,96,51
20213,1147062000,신정1동,HL,상권축소,98,47,96,51
20213,1171055000,마천2동,HH,정체,106,51,96,51
20213,1120072000,송정동,HL,상권축소,97,49,96,51
20213,1150055000,화곡2동,LL,다이나믹,88,48,96,51
20213,1174057000,암사1동,LL,다이나믹,92,45,96,51
20213,1171062000,가락본동,LL,다이나믹,92,46,96,51
20213,1126057000,면목7동,HL,상권축소,98,47,96,51
20213,1129070500,종암동,LH,상권확장,94,52,96,51
20213,1132052100,도봉1동,HL,상권축소,101,50,96,51
20213,1141072000,북가좌2동,LL,다이나믹,90,48,96,51
20213,1114057000,필동,HH,정체,130,56,96,51
20213,1126057500,면목3?8동,LL,다이나믹,90,47,96,51
20213,1117052000,용산2가동,LL,다이나믹,76,44,96,51
20213,1141071000,북가좌1동,LL,다이나믹,80,45,96,51
20213,1174056000,고덕2동,LH,상권확장,62,51,96,51
20213,1162073500,대학동,LL,다이나믹,92,46,96,51
20213,1121578000,능동,LH,상권확장,87,51,96,51
20213,1138051000,녹번동,LL,다이나믹,81,50,96,51
20213,1121577000,중곡4동,HH,정체,96,51,96,51
20213,1156058500,도림동,LL,다이나믹,94,49,96,51
20213,1130553400,삼양동,HL,상권축소,97,49,96,51
20213,1129076000,장위1동,LH,상권확장,92,51,96,51
20213,1123070500,청량리동,HH,정체,152,57,96,51
20213,1154563000,독산3동,HL,상권축소,106,47,96,51
20213,1150053000,등촌2동,LL,다이나믹,95,47,96,51
20213,1138056000,구산동,LL,다이나믹,85,50,96,51
20213,1121582000,자양1동,LL,다이나믹,95,49,96,51
20213,1132051100,창1동,LL,다이나믹,87,49,96,51
20213,1114067000,황학동,HH,정체,109,63,96,51
20213,1126055000,면목5동,LL,다이나믹,80,47,96,51
20213,1147061000,신월6동,LH,상권확장,76,55,96,51
20213,1154561000,독산1동,LH,상권확장,86,51,96,51
20213,1171056600,오륜동,HH,정체,124,63,96,51
20213,1135058000,월계3동,LH,상권확장,81,52,96,51
20213,1159052000,노량진2동,HH,정체,117,58,96,51
20213,1174059000,암사3동,LH,상권확장,72,53,96,51
20213,1162066500,서림동,LL,다이나믹,89,50,96,51
20213,1153079000,수궁동,LH,상권확장,89,52,96,51
20213,1117063000,이촌1동,HH,정체,120,60,96,51
20213,1159065000,사당4동,HL,상권축소,97,50,96,51
20213,1120055000,사근동,LH,상권확장,87,51,96,51
20213,1117058000,효창동,LH,상권확장,92,59,96,51
20213,1165057000,반포2동,HH,정체,103,62,96,51
20213,1168063000,대치4동,LL,다이나믹,81,46,96,51
20213,1162057500,행운동,HH,정체,101,51,96,51
20213,1165060000,방배1동,HH,정체,98,51,96,51
20213,1168053100,논현2동,LL,다이나믹,85,47,96,51
20213,1126059000,상봉2동,LL,다이나믹,91,49,96,51
20213,1150059000,화곡본동,LL,다이나믹,94,50,96,51
20213,1138055200,갈현2동,LL,다이나믹,84,49,96,51
20213,1120062000,금호4가동,LH,상권확장,94,53,96,51
20213,1144074000,상암동,LL,다이나믹,66,42,96,51
20213,1165065100,양재1동,LH,상권확장,95,51,96,51
20213,1162063000,남현동,LH,상권확장,91,52,96,51
20213,1144070000,망원2동,LL,다이나믹,86,46,96,51
20213,1132068000,쌍문3동,LL,다이나믹,94,49,96,51
20213,1156051500,영등포본동,LH,상권확장,86,52,96,51
20213,1168051000,신사동,LL,다이나믹,91,48,96,51
20213,1171061000,삼전동,LL,다이나믹,87,45,96,51
20213,1130559500,번1동,LL,다이나믹,89,45,96,51
20213,1153055000,구로4동,HL,상권축소,100,46,96,51
20213,1150059300,화곡8동,LL,다이나믹,85,48,96,51
20213,1156061000,양평1동,LH,상권확장,81,51,96,51
20213,1171064600,장지동,LL,다이나믹,84,47,96,51
20213,1171069000,잠실4동,LL,다이나믹,86,48,96,51
20213,1150052000,등촌1동,LH,상권확장,82,51,96,51
20213,1141055500,북아현동,HH,정체,113,56,96,51
20213,1132052200,도봉2동,LL,다이나믹,92,46,96,51
20213,1165056000,반포1동,LL,다이나믹,87,44,96,51
20213,1126063000,묵2동,LL,다이나믹,93,48,96,51
20213,1174070000,둔촌2동,HL,상권축소,96,49,96,51
20213,1126069000,신내2동,LL,다이나믹,91,49,96,51
20213,1156063000,신길1동,HH,정체,110,51,96,51
20213,1135062400,중계4동,LL,다이나믹,89,46,96,51
20213,1138064000,증산동,HH,정체,107,52,96,51
20213,1123073000,휘경2동,LL,다이나믹,76,49,96,51
20213,1168054500,압구정동,HL,상권축소,96,47,96,51
20213,1130557500,삼각산동,LL,다이나믹,79,46,96,51
20213,1159060500,흑석동,HH,정체,97,54,96,51
20213,1162064500,서원동,LH,상권확장,92,54,96,51
20213,1126062000,묵1동,LL,다이나믹,84,49,96,51
20213,1117068500,한남동,LH,상권확장,87,51,96,51
20213,1129063000,정릉2동,HH,정체,96,53,96,51
20213,1162056500,성현동,LL,다이나믹,82,47,96,51
20213,1132051300,창3동,LL,다이나믹,95,50,96,51
20213,1117053000,남영동,HH,정체,103,55,96,51
20213,1129061000,보문동,LL,다이나믹,94,50,96,51
20213,1162065500,신원동,LL,다이나믹,94,46,96,51
20213,1159056000,상도4동,LL,다이나믹,88,50,96,51
20213,1168067000,개포2동,LH,상권확장,95,51,96,51
20213,1168072000,일원본동,LH,상권확장,92,52,96,51
20213,1111055000,부암동,LH,상권확장,94,54,96,51
20213,1129058000,돈암1동,LH,상권확장,78,52,96,51
20213,1153080000,항동,LL,다이나믹,35,48,96,51
20213,1165053100,서초4동,HL,상권축소,106,50,96,51
20213,1141052000,천연동,HH,정체,106,54,96,51
20213,1126065500,망우본동,HL,상권축소,98,49,96,51
20213,1153077000,오류1동,LH,상권확장,92,52,96,51
20213,1150059100,화곡6동,LL,다이나믹,84,45,96,51
20213,1130554500,송중동,LL,다이나믹,83,48,96,51
20213,1150064100,방화3동,HL,상권축소,97,50,96,51
20213,1165051000,서초1동,HH,정체,108,53,96,51
20213,1130555500,송천동,HL,상권축소,98,48,96,51
20213,1121576000,중곡3동,LL,다이나믹,90,47,96,51
20213,1168052100,논현1동,LL,다이나믹,89,46,96,51
20213,1150053500,등촌3동,LL,다이나믹,81,49,96,51
20213,1114054000,회현동,HH,정체,144,67,96,51
20213,1162077500,난곡동,HH,정체,96,52,96,51
20213,1147067000,신정6동,LL,다이나믹,83,45,96,51
20213,1121571000,화양동,LL,다이나믹,85,48,96,51
20213,1154571000,시흥5동,HL,상권축소,101,51,96,51
20213,1121586000,구의2동,LH,상권확장,88,53,96,51
20213,1156056000,당산2동,LL,다이나믹,90,51,96,51
20213,1165058100,반포4동,HH,정체,132,61,96,51
20213,1111068000,창신2동,HH,정체,105,56,96,51
20213,1171053100,거여1동,LL,다이나믹,91,47,96,51
20213,1159068000,신대방2동,HH,정체,102,51,96,51
20213,1147060000,신월5동,LL,다이나믹,91,50,96,51
20213,1150063000,방화1동,LL,다이나믹,85,46,96,51
20213,1138063100,신사1동,LL,다이나믹,91,48,96,51
20213,1165066000,내곡동,HH,정체,101,62,96,51
20213,1121584700,자양4동,HL,상권축소,97,49,96,51
20213,1150061100,발산1동,LL,다이나믹,68,50,96,51
20213,1165052000,서초2동,LL,다이나믹,86,47,96,51
20213,1123074000,이문1동,HH,정체,102,54,96,51
20213,1147059000,신월4동,LL,다이나믹,95,49,96,51
20213,1135057000,월계2동,LH,상권확장,80,51,96,51
20213,1135062500,중계2?3동,LH,상권확장,85,51,96,51
20213,1168065600,도곡2동,HL,상권축소,100,50,96,51
20213,1156068000,신길6동,HL,상권축소,98,49,96,51
20213,1144072000,성산1동,LL,다이나믹,90,49,96,51
20213,1120056000,행당1동,LH,상권확장,93,52,96,51
20213,1114065000,신당5동,LH,상권확장,87,51,96,51
20213,1117057000,원효로2동,HH,정체,122,52,96,51
20213,1162071500,난향동,LL,다이나믹,72,47,96,51
20213,1135071000,상계9동,LL,다이나믹,93,49,96,51
20213,1117059000,용문동,HL,상권축소,103,51,96,51
20213,1171051000,풍납1동,HH,정체,115,51,96,51
20213,1171068000,잠실3동,HH,정체,105,63,96,51
20213,1135072000,상계10동,LL,다이나믹,76,47,96,51
20213,1111057000,무악동,HH,정체,97,63,96,51
20213,1144069000,망원1동,LL,다이나믹,71,47,96,51
20213,1150054000,화곡1동,LL,다이나믹,91,47,96,51
20213,1123072000,휘경1동,HH,정체,97,51,96,51
20213,1135061900,중계본동,LL,다이나믹,86,46,96,51
20213,1156060500,문래동,LH,상권확장,89,51,96,51
20213,1126056500,면목본동,LL,다이나믹,93,46,96,51
20213,1165054000,잠원동,LL,다이나믹,94,49,96,51
20213,1138057000,대조동,LL,다이나믹,95,50,96,51
20213,1129066000,길음1동,LH,상권확장,93,56,96,51
20213,1156065000,신길3동,HH,정체,114,56,96,51
20213,1123053600,용신동,HH,정체,103,51,96,51
20213,1123057000,전농2동,HL,상권축소,98,50,96,51
20213,1150062000,공항동,LL,다이나믹,88,48,96,51
20213,1159067000,신대방1동,HL,상권축소,107,48,96,51
20213,1154569000,시흥3동,HH,정체,131,59,96,51
20213,1171058000,송파1동,LL,다이나믹,92,47,96,51
20213,1171064700,위례동,LL,다이나믹,42,27,96,51
20213,1111069000,창신3동,LL,다이나믹,84,50,96,51
20213,1174054000,명일2동,LH,상권확장,94,54,96,51
20213,1153053000,구로2동,HH,정체,126,54,96,51
20213,1141056500,충현동,HH,정체,110,55,96,51
20213,1156066000,신길4동,HL,상권축소,100,50,96,51
20213,1171067000,잠실2동,LL,다이나믹,80,41,96,51
20213,1138063200,신사2동,LL,다이나믹,83,49,96,51
20213,1153075000,개봉2동,LH,상권확장,94,53,96,51
20213,1114058000,장충동,HH,정체,121,58,96,51
20213,1120052000,왕십리2동,LH,상권확장,85,51,96,51
20213,1174061000,천호2동,LL,다이나믹,94,50,96,51
20213,1159063000,사당2동,HL,상권축소,100,49,96,51
20213,1129078000,장위3동,LH,상권확장,92,57,96,51
20213,1153076000,개봉3동,HL,상권축소,108,49,96,51
20213,1154564000,독산4동,HL,상권축소,100,47,96,51
20213,1153052000,구로1동,HL,상권축소,103,50,96,51
20213,1123075000,이문2동,LH,상권확장,89,51,96,51
20213,1144060000,대흥동,HH,정체,96,52,96,51
20213,1144071000,연남동,LL,다이나믹,56,42,96,51
20213,1162076500,미성동,HH,정체,101,51,96,51
20213,1111071000,숭인2동,HL,상권축소,106,46,96,51
20213,1147058000,신월3동,HL,상권축소,111,48,96,51
20213,1168065500,도곡1동,HL,상권축소,97,51,96,51
20213,1168060000,대치1동,HH,정체,102,51,96,51
20213,1159064000,사당3동,LL,다이나믹,92,49,96,51
20213,1114062500,다산동,LH,상권확장,94,53,96,51
20213,1144068000,합정동,LL,다이나믹,71,47,96,51
20213,1156069000,신길7동,LL,다이나믹,87,49,96,51
20213,1126060000,중화1동,LL,다이나믹,94,50,96,51
20213,1135066500,상계3?4동,HL,상권축소,97,50,96,51
20213,1168075000,수서동,HH,정체,101,54,96,51
20213,1120059000,금호1가동,LH,상권확장,83,52,96,51
20213,1162074500,삼성동,HH,정체,103,53,96,51
20213,1114066500,동화동,LH,상권확장,87,52,96,51
20213,1156054000,여의동,HH,정체,110,51,96,51
20213,1123065000,장안1동,HL,상권축소,98,48,96,51
20213,1117055500,청파동,HH,정체,104,51,96,51
20213,1121585000,구의1동,HL,상권축소,101,49,96,51
20213,1123054500,제기동,HH,정체,117,60,96,51
20213,1154567000,시흥1동,HH,정체,98,51,96,51
20213,1153078000,오류2동,LL,다이나믹,79,47,96,51
20213,1114055000,명동,HH,정체,143,57,96,51
20213,1138069000,진관동,LL,다이나믹,60,45,96,51
20213,1114060500,을지로동,HH,정체,151,68,96,51
20213,1150060300,가양1동,LL,다이나믹,49,40,96,51
20213,1126068000,신내1동,LL,다이나믹,81,48,96,51
20213,1159062000,사당1동,LL,다이나믹,92,49,96,51
20213,1117056000,원효로1동,HH,정체,113,55,96,51
20213,1111053000,사직동,HH,정체,115,57,96,51
20213,1129072500,월곡2동,LL,다이나믹,93,50,96,51
20213,1159055000,상도3동,LL,다이나믹,89,47,96,51
20213,1111061500,종로1?2?3?4가동,HH,정체,137,65,96,51
20213,1141070000,남가좌2동,LL,다이나믹,88,49,96,51
20213,1126054000,면목4동,LL,다이나믹,86,46,96,51
20213,1168056500,청담동,LL,다이나믹,91,50,96,51
20213,1174066000,성내3동,HL,상권축소,99,46,96,51
20213,1132066000,쌍문1동,LL,다이나믹,87,48,96,51
20213,1165061000,방배2동,LH,상권확장,90,53,96,51
20213,1141062000,홍제1동,HH,정체,104,53,96,51
20213,1153051000,신도림동,LL,다이나믹,86,47,96,51
20213,1138059000,응암2동,LL,다이나믹,72,47,96,51
20213,1147055000,목5동,LL,다이나믹,90,49,96,51
20213,1159054000,상도2동,HH,정체,101,54,96,51
20213,1123061000,답십리2동,HH,정체,116,55,96,51
20213,1171056200,방이2동,LL,다이나믹,88,48,96,51
20213,1174055000,고덕1동,LL,다이나믹,70,48,96,51
20213,1141069000,남가좌1동,HH,정체,104,60,96,51
20213,1165065200,양재2동,HL,상권축소,119,49,96,51
20213,1111056000,평창동,HH,정체,103,57,96,51
20213,1141065500,홍제2동,HH,정체,98,56,96,51
20213,1144061000,염리동,LL,다이나믹,86,48,96,51
20213,1150060400,가양2동,LH,상권확장,92,51,96,51
20213,1153073000,고척2동,HL,상권축소,99,49,96,51
20213,1171052000,풍납2동,HH,정체,109,52,96,51
20213,1138058000,응암1동,LL,다이나믹,95,51,96,51
20213,1111051500,청운효자동,LH,상권확장,89,54,96,51
20213,1130566000,인수동,LL,다이나믹,89,45,96,51
20213,1129077000,장위2동,HH,정체,114,55,96,51
20213,1147054000,목4동,LL,다이나믹,94,44,96,51
20213,1132068100,쌍문4동,LL,다이나믹,86,49,96,51
20213,1132067000,쌍문2동,LL,다이나믹,94,48,96,51
20213,1159066000,대방동,HH,정체,98,51,96,51
20213,1147057000,신월2동,LH,상권확장,94,51,96,51
20213,1147052000,목2동,LL,다이나믹,88,50,96,51
20213,1144058500,도화동,HH,정체,96,51,96,51
20213,1154562000,독산2동,LL,다이나믹,94,47,96,51
20213,1121574000,중곡1동,LL,다이나믹,95,49,96,51
20213,1165055000,반포본동,HH,정체,134,58,96,51
20214,1121575000,중곡2동,HL,상권축소,96,47,95,51
20214,1144066000,서교동,LL,다이나믹,76,46,95,51
20214,1154551000,가산동,LL,다이나믹,75,47,95,51
20214,1141058500,신촌동,LL,다이나믹,94,50,95,51
20214,1117066000,이태원2동,LL,다이나믹,73,46,95,51
20214,1147065000,신정4동,LL,다이나믹,92,47,95,51
20214,1123066000,장안2동,LL,다이나믹,94,47,95,51
20214,1162069500,신림동,LL,다이나믹,88,48,95,51
20214,1135060000,공릉2동,LL,다이나믹,79,49,95,51
20214,1168059000,삼성2동,LL,다이나믹,88,46,95,51
20214,1120058000,응봉동,LL,다이나믹,82,49,95,51
20214,1135059500,공릉1동,LL,다이나믹,93,50,95,51
20214,1147051000,목1동,LL,다이나믹,84,48,95,51
20214,1130564500,우이동,LL,다이나믹,90,51,95,51
20214,1121581000,광장동,LH,상권확장,85,51,95,51
20214,1174064000,성내1동,HL,상권축소,97,48,95,51
20214,1126061000,중화2동,LL,다이나믹,95,48,95,51
20214,1150061500,우장산동,LL,다이나믹,80,48,95,51
20214,1168061000,대치2동,HH,정체,96,51,95,51
20214,1171056100,방이1동,LL,다이나믹,90,48,95,51
20214,1153054000,구로3동,LL,다이나믹,79,46,95,51
20214,1174062000,천호3동,LL,다이나믹,92,48,95,51
20214,1135056000,월계1동,LL,다이나믹,91,50,95,51
20214,1156070000,대림1동,HL,상권축소,104,48,95,51
20214,1114063500,약수동,LH,상권확장,91,54,95,51
20214,1144059000,용강동,HL,상권축소,96,50,95,51
20214,1120054000,마장동,HH,정체,115,60,95,51
20214,1111063000,종로5?6가동,HH,정체,126,65,95,51
20214,1135070000,상계8동,LL,다이나믹,82,51,95,51
20214,1162062500,인헌동,LH,상권확장,89,51,95,51
20214,1150060500,가양3동,LH,상권확장,83,54,95,51
20214,1171063100,가락1동,HH,정체,152,99,95,51
20214,1129064000,정릉3동,LH,상권확장,94,56,95,51
20214,1121583000,자양2동,LL,다이나믹,93,49,95,51
20214,1117070000,보광동,LL,다이나믹,95,51,95,51
20214,1147061100,신월7동,HL,상권축소,97,45,95,51
20214,1135063000,상계1동,LL,다이나믹,85,47,95,51
20214,1120064500,옥수동,LL,다이나믹,75,48,95,51
20214,1150051000,염창동,LH,상권확장,91,54,95,51
20214,1117069000,서빙고동,LH,상권확장,92,58,95,51
20214,1132070000,방학2동,LL,다이나믹,93,46,95,51
20214,1162072500,조원동,HL,상권축소,101,46,95,51
20214,1165058000,반포3동,HH,정체,109,58,95,51
20214,1141068500,홍은2동,LH,상권확장,90,53,95,51
20214,1138062500,역촌동,LL,다이나믹,84,48,95,51
20214,1171053200,거여2동,LH,상권확장,92,52,95,51
20214,1159065100,사당5동,LL,다이나믹,83,50,95,51
20214,1135067000,상계5동,LL,다이나믹,88,46,95,51
20214,1111070000,숭인1동,LH,상권확장,94,58,95,51
20214,1129052500,성북동,HH,정체,96,55,95,51
20214,1174053000,명일1동,LL,다이나믹,94,49,95,51
20214,1129055500,삼선동,HL,상권축소,97,51,95,51
20214,1130562500,수유2동,LL,다이나믹,86,50,95,51
20214,1121573000,군자동,LL,다이나믹,86,49,95,51
20214,1111054000,삼청동,LH,상권확장,92,54,95,51
20214,1156067000,신길5동,LL,다이나믹,88,50,95,51
20214,1147064000,신정3동,LH,상권확장,87,51,95,51
20214,1135061100,하계1동,LL,다이나믹,87,51,95,51
20214,1147063000,신정2동,LL,다이나믹,91,49,95,51
20214,1168074000,일원2동,HL,상권축소,99,50,95,51
20214,1174069000,둔촌1동,HH,정체,148,61,95,51
20214,1114061500,신당동,LH,상권확장,91,62,95,51
20214,1165053000,서초3동,HH,정체,100,52,95,51
20214,1162068500,신사동,LL,다이나믹,87,47,95,51
20214,1162059500,청룡동,LL,다이나믹,88,47,95,51
20214,1171064100,문정1동,LL,다이나믹,92,49,95,51
20214,1111058000,교남동,HH,정체,111,56,95,51
20214,1171071000,잠실6동,LL,다이나믹,86,49,95,51
20214,1153059500,가리봉동,HL,상권축소,100,46,95,51
20214,1123071000,회기동,LL,다이나믹,89,47,95,51
20214,1114068000,중림동,HH,정체,104,56,95,51
20214,1150056000,화곡3동,LL,다이나믹,84,47,95,51
20214,1156071000,대림2동,LL,다이나믹,84,44,95,51
20214,1144056500,공덕동,HH,정체,106,53,95,51
20214,1141061500,연희동,LH,상권확장,90,52,95,51
20214,1114064500,청구동,LL,다이나믹,85,48,95,51
20214,1135069500,상계6?7동,LL,다이나믹,93,48,95,51
20214,1132051400,창4동,LL,다이나믹,93,49,95,51
20214,1120069000,성수2가3동,LH,상권확장,79,52,95,51
20214,1153056000,구로5동,LL,다이나믹,86,48,95,51
20214,1111065000,혜화동,HH,정체,101,52,95,51
20214,1168058000,삼성1동,LH,상권확장,90,54,95,51
20214,1171057000,오금동,HL,상권축소,96,51,95,51
20214,1159051000,노량진1동,HH,정체,112,60,95,51
20214,1174060000,천호1동,LL,다이나믹,85,47,95,51
20214,1129071500,월곡1동,LL,다이나믹,91,49,95,51
20214,1117051000,후암동,LH,상권확장,91,54,95,51
20214,1135061200,하계2동,LH,상권확장,79,52,95,51
20214,1171059000,송파2동,LL,다이나믹,92,45,95,51
20214,1174052000,상일동,LL,다이나믹,70,49,95,51
20214,1123060000,답십리1동,LH,상권확장,87,52,95,51
20214,1120079000,용답동,HH,정체,123,56,95,51
20214,1154568000,시흥2동,LL,다이나믹,70,50,95,51
20214,1162054500,청림동,LL,다이나믹,75,49,95,51
20214,1138055100,갈현1동,LL,다이나믹,89,48,95,51
20214,1156055000,당산1동,HL,상권축소,97,50,95,51
20214,1111064000,이화동,LH,상권확장,92,55,95,51
20214,1117065000,이태원1동,HH,정체,120,61,95,51
20214,1138060000,응암3동,HL,상권축소,100,50,95,51
20214,1120057000,행당2동,LL,다이나믹,75,50,95,51
20214,1168073000,일원1동,HL,상권축소,108,49,95,51
20214,1126066000,망우3동,LL,다이나믹,89,45,95,51
20214,1120067000,성수2가1동,LL,다이나믹,86,49,95,51
20214,1130561500,수유1동,HL,상권축소,98,49,95,51
20214,1162060500,은천동,LL,다이나믹,87,48,95,51
20214,1129065000,정릉4동,LH,상권확장,85,55,95,51
20214,1154570000,시흥4동,LL,다이나믹,95,44,95,51
20214,1121587000,구의3동,HH,정체,108,56,95,51
20214,1162061500,중앙동,LL,다이나믹,94,48,95,51
20214,1111060000,가회동,HH,정체,98,57,95,51
20214,1129062000,정릉1동,LH,상권확장,91,51,95,51
20214,1129059000,돈암2동,LL,다이나믹,75,44,95,51
20214,1132051500,창5동,LL,다이나믹,91,48,95,51
20214,1174058000,암사2동,LL,다이나믹,92,49,95,51
20214,1147068000,신정7동,LL,다이나믹,88,50,95,51
20214,1114052000,소공동,HH,정체,135,68,95,51
20214,1171065000,잠실본동,HL,상권축소,95,48,95,51
20214,1162058500,낙성대동,LL,다이나믹,79,50,95,51
20214,1168064000,역삼1동,LL,다이나믹,86,46,95,51
20214,1114059000,광희동,HH,정체,136,56,95,51
20214,1144055500,아현동,LH,상권확장,91,53,95,51
20214,1168070000,세곡동,LL,다이나믹,61,43,95,51
20214,1138053000,불광2동,LH,상권확장,94,51,95,51
20214,1126052000,면목2동,HL,상권축소,96,47,95,51
20214,1174068500,길동,LL,다이나믹,91,47,95,51
20214,1168065000,역삼2동,LL,다이나믹,83,46,95,51
20214,1168069000,개포4동,HL,상권축소,107,49,95,51
20214,1144065500,서강동,LL,다이나믹,74,44,95,51
20214,1117062500,한강로동,HH,정체,115,57,95,51
20214,1123056000,전농1동,LH,상권확장,94,51,95,51
20214,1120061500,금호2?3가동,HH,정체,96,54,95,51
20214,1129068500,길음2동,LL,다이나믹,85,50,95,51
20214,1117064000,이촌2동,HH,정체,102,63,95,51
20214,1174051500,강일동,LL,다이나믹,53,44,95,51
20214,1156072000,대림3동,HL,상권축소,99,45,95,51
20214,1159053000,상도1동,LH,상권확장,91,53,95,51
20214,1120065000,성수1가1동,LH,상권확장,81,52,95,51
20214,1130560300,번2동,LH,상권확장,87,51,95,51
20214,1171060000,석촌동,LL,다이나믹,87,47,95,51
20214,1126058000,상봉1동,LL,다이나믹,79,47,95,51
20214,1132071000,방학3동,LH,상권확장,81,51,95,51
20214,1141064000,홍제3동,HH,정체,104,57,95,51
20214,1153072000,고척1동,HH,정체,101,51,95,51
20214,1132069000,방학1동,LL,다이나믹,88,47,95,51
20214,1147056000,신월1동,LL,다이나믹,94,46,95,51
20214,1165062000,방배3동,HH,정체,116,52,95,51
20214,1144073000,성산2동,LH,상권확장,90,55,95,51
20214,1138052000,불광1동,LH,상권확장,91,53,95,51
20214,1135062100,중계1동,LL,다이나믹,86,49,95,51
20214,1111067000,창신1동,HH,정체,108,64,95,51
20214,1130563500,수유3동,LL,다이나믹,92,46,95,51
20214,1135064000,상계2동,LL,다이나믹,86,46,95,51
20214,1144063000,신수동,LH,상권확장,81,52,95,51
20214,1120053500,왕십리도선동,LL,다이나믹,76,50,95,51
20214,1162052500,보라매동,LL,다이나믹,82,50,95,51
20214,1165059000,방배본동,HL,상권축소,106,49,95,51
20214,1138065000,수색동,HH,정체,118,61,95,51
20214,1132051200,창2동,LL,다이나믹,89,48,95,51
20214,1141066000,홍은1동,LH,상권확장,94,55,95,51
20214,1130553500,미아동,LL,다이나믹,86,47,95,51
20214,1129060000,안암동,LH,상권확장,91,52,95,51
20214,1130560800,번3동,LL,다이나믹,91,47,95,51
20214,1171063200,가락2동,HL,상권축소,95,49,95,51
20214,1165062100,방배4동,HH,정체,108,53,95,51
20214,1171072000,잠실7동,HH,정체,117,62,95,51
20214,1168066000,개포1동,HH,정체,98,62,95,51
20214,1156053500,영등포동,HH,정체,118,57,95,51
20214,1171064200,문정2동,LL,다이나믹,65,38,95,51
20214,1120072000,송정동,HL,상권축소,96,49,95,51
20214,1174057000,암사1동,LL,다이나믹,90,46,95,51
20214,1120066000,성수1가2동,LL,다이나믹,72,50,95,51
20214,1129081000,석관동,HH,정체,102,52,95,51
20214,1121577000,중곡4동,HH,정체,96,51,95,51
20214,1171062000,가락본동,LL,다이나믹,91,46,95,51
20214,1150064000,방화2동,LH,상권확장,89,52,95,51
20214,1150055000,화곡2동,LL,다이나믹,88,48,95,51
20214,1129070500,종암동,LH,상권확장,94,52,95,51
20214,1171055000,마천2동,HH,정체,105,52,95,51
20214,1154561000,독산1동,LH,상권확장,85,51,95,51
20214,1171054000,마천1동,HL,상권축소,99,46,95,51
20214,1174065000,성내2동,LL,다이나믹,94,45,95,51
20214,1126057500,면목3?8동,LL,다이나믹,89,47,95,51
20214,1126057000,면목7동,HL,상권축소,97,48,95,51
20214,1174059000,암사3동,LH,상권확장,69,53,95,51
20214,1123070500,청량리동,HH,정체,151,57,95,51
20214,1132051100,창1동,LL,다이나믹,87,49,95,51
20214,1121584000,자양3동,LL,다이나믹,84,51,95,51
20214,1121582000,자양1동,LL,다이나믹,94,49,95,51
20214,1156062000,양평2동,HL,상권축소,97,51,95,51
20214,1117052000,용산2가동,LL,다이나믹,75,44,95,51
20214,1147062000,신정1동,HL,상권축소,98,47,95,51
20214,1141072000,북가좌2동,LL,다이나믹,89,48,95,51
20214,1114067000,황학동,HH,정체,108,64,95,51
20214,1153074000,개봉1동,LH,상권확장,93,52,95,51
20214,1150057000,화곡4동,LL,다이나믹,91,47,95,51
20214,1162073500,대학동,LL,다이나믹,92,46,95,51
20214,1129076000,장위1동,LH,상권확장,90,51,95,51
20214,1138051000,녹번동,LL,다이나믹,80,50,95,51
20214,1114057000,필동,HH,정체,128,57,95,51
20214,1174056000,고덕2동,LL,다이나믹,61,50,95,51
20214,1171056600,오륜동,HH,정체,124,63,95,51
20214,1147053000,목3동,LL,다이나믹,94,51,95,51
20214,1121578000,능동,LH,상권확장,86,52,95,51
20214,1129057500,동선동,LL,다이나믹,93,49,95,51
20214,1153079000,수궁동,LH,상권확장,88,52,95,51
20214,1117063000,이촌1동,HH,정체,120,60,95,51
20214,1138056000,구산동,LL,다이나믹,83,50,95,51
20214,1132052100,도봉1동,HL,상권축소,100,50,95,51
20214,1159065000,사당4동,HL,상권축소,95,50,95,51
20214,1156058500,도림동,LL,다이나믹,90,50,95,51
20214,1117058000,효창동,LH,상권확장,90,58,95,51
20214,1141071000,북가좌1동,LL,다이나믹,79,45,95,51
20214,1147061000,신월6동,LH,상권확장,73,56,95,51
20214,1154563000,독산3동,HL,상권축소,105,47,95,51
20214,1120055000,사근동,LH,상권확장,87,51,95,51
20214,1135058000,월계3동,LH,상권확장,79,52,95,51
20214,1150053000,등촌2동,LL,다이나믹,93,47,95,51
20214,1126055000,면목5동,LL,다이나믹,78,47,95,51
20214,1130553400,삼양동,HL,상권축소,96,49,95,51
20214,1162066500,서림동,LL,다이나믹,88,50,95,51
20214,1159052000,노량진2동,HH,정체,117,58,95,51
20214,1165057000,반포2동,HH,정체,103,62,95,51
20214,1168051000,신사동,LL,다이나믹,90,48,95,51
20214,1130557500,삼각산동,LL,다이나믹,78,46,95,51
20214,1156063000,신길1동,HH,정체,110,51,95,51
20214,1126062000,묵1동,LL,다이나믹,83,49,95,51
20214,1162065500,신원동,LL,다이나믹,92,46,95,51
20214,1129061000,보문동,LL,다이나믹,92,51,95,51
20214,1162057500,행운동,HH,정체,97,51,95,51
20214,1165060000,방배1동,HH,정체,97,51,95,51
20214,1159060500,흑석동,HH,정체,96,55,95,51
20214,1126059000,상봉2동,LL,다이나믹,88,50,95,51
20214,1141055500,북아현동,HH,정체,111,56,95,51
20214,1156051500,영등포본동,LH,상권확장,85,53,95,51
20214,1144074000,상암동,LL,다이나믹,66,42,95,51
20214,1117068500,한남동,LH,상권확장,87,51,95,51
20214,1168063000,대치4동,LL,다이나믹,81,46,95,51
20214,1174070000,둔촌2동,LL,다이나믹,95,49,95,51
20214,1168053100,논현2동,LL,다이나믹,84,47,95,51
20214,1168054500,압구정동,HL,상권축소,96,47,95,51
20214,1171064600,장지동,LL,다이나믹,82,47,95,51
20214,1135062400,중계4동,LL,다이나믹,88,46,95,51
20214,1171061000,삼전동,LL,다이나믹,85,46,95,51
20214,1129063000,정릉2동,LH,상권확장,94,53,95,51
20214,1123073000,휘경2동,LL,다이나믹,74,49,95,51
20214,1153055000,구로4동,HL,상권축소,99,46,95,51
20214,1162063000,남현동,LH,상권확장,90,53,95,51
20214,1156061000,양평1동,LH,상권확장,80,52,95,51
20214,1126063000,묵2동,LL,다이나믹,90,49,95,51
20214,1159056000,상도4동,LL,다이나믹,86,50,95,51
20214,1150059000,화곡본동,LL,다이나믹,93,50,95,51
20214,1138055200,갈현2동,LL,다이나믹,83,49,95,51
20214,1165056000,반포1동,LL,다이나믹,85,44,95,51
20214,1171069000,잠실4동,LL,다이나믹,87,48,95,51
20214,1165065100,양재1동,LH,상권확장,94,51,95,51
20214,1150059300,화곡8동,LL,다이나믹,85,48,95,51
20214,1132051300,창3동,HL,상권축소,95,51,95,51
20214,1162056500,성현동,LL,다이나믹,80,47,95,51
20214,1132052200,도봉2동,LL,다이나믹,92,47,95,51
20214,1130559500,번1동,LL,다이나믹,89,45,95,51
20214,1150052000,등촌1동,LH,상권확장,80,51,95,51
20214,1162064500,서원동,LH,상권확장,89,54,95,51
20214,1126069000,신내2동,LL,다이나믹,91,49,95,51
20214,1111055000,부암동,LH,상권확장,94,54,95,51
20214,1144070000,망원2동,LL,다이나믹,85,46,95,51
20214,1129058000,돈암1동,LH,상권확장,76,53,95,51
20214,1120062000,금호4가동,LH,상권확장,94,53,95,51
20214,1138064000,증산동,HH,정체,106,52,95,51
20214,1132068000,쌍문3동,LL,다이나믹,92,49,95,51
20214,1168067000,개포2동,LH,상권확장,91,52,95,51
20214,1168072000,일원본동,LH,상권확장,92,52,95,51
20214,1117053000,남영동,HH,정체,100,55,95,51
20214,1153080000,항동,LL,다이나믹,33,47,95,51
20214,1168052100,논현1동,LL,다이나믹,89,46,95,51
20214,1150053500,등촌3동,LL,다이나믹,80,49,95,51
20214,1150064100,방화3동,LL,다이나믹,94,50,95,51
20214,1138063100,신사1동,LL,다이나믹,89,49,95,51
20214,1150063000,방화1동,LL,다이나믹,84,46,95,51
20214,1114054000,회현동,HH,정체,146,68,95,51
20214,1121571000,화양동,LL,다이나믹,82,49,95,51
20214,1150061100,발산1동,LL,다이나믹,67,50,95,51
20214,1165053100,서초4동,HH,정체,106,51,95,51
20214,1165052000,서초2동,LL,다이나믹,84,47,95,51
20214,1150059100,화곡6동,LL,다이나믹,82,45,95,51
20214,1114065000,신당5동,LL,다이나믹,86,51,95,51
20214,1141052000,천연동,HH,정체,105,54,95,51
20214,1165051000,서초1동,HH,정체,108,53,95,51
20214,1144072000,성산1동,LL,다이나믹,89,49,95,51
20214,1126065500,망우본동,HL,상권축소,97,49,95,51
20214,1165058100,반포4동,HH,정체,131,61,95,51
20214,1121584700,자양4동,HL,상권축소,96,49,95,51
20214,1147060000,신월5동,LL,다이나믹,91,50,95,51
20214,1135062500,중계2?3동,LH,상권확장,83,52,95,51
20214,1171053100,거여1동,LL,다이나믹,91,47,95,51
20214,1130554500,송중동,LL,다이나믹,84,48,95,51
20214,1156056000,당산2동,LL,다이나믹,89,51,95,51
20214,1156068000,신길6동,HL,상권축소,95,50,95,51
20214,1147067000,신정6동,LL,다이나믹,82,46,95,51
20214,1159068000,신대방2동,HH,정체,98,51,95,51
20214,1154571000,시흥5동,HH,정체,99,51,95,51
20214,1135071000,상계9동,LL,다이나믹,91,50,95,51
20214,1121576000,중곡3동,LL,다이나믹,90,47,95,51
20214,1117057000,원효로2동,HH,정체,121,53,95,51
20214,1130555500,송천동,HL,상권축소,98,49,95,51
20214,1162077500,난곡동,LH,상권확장,94,53,95,51
20214,1135057000,월계2동,LL,다이나믹,79,51,95,51
20214,1121586000,구의2동,LH,상권확장,85,54,95,51
20214,1120056000,행당1동,LH,상권확장,93,52,95,51
20214,1171051000,풍납1동,HH,정체,112,52,95,51
20214,1168065600,도곡2동,HL,상권축소,100,50,95,51
20214,1111068000,창신2동,HH,정체,103,56,95,51
20214,1153077000,오류1동,LH,상권확장,89,53,95,51
20214,1117059000,용문동,HH,정체,101,51,95,51
20214,1162071500,난향동,LL,다이나믹,69,47,95,51
20214,1165066000,내곡동,HH,정체,100,63,95,51
20214,1123074000,이문1동,HH,정체,102,54,95,51
20214,1147059000,신월4동,HL,상권축소,95,49,95,51
20214,1171068000,잠실3동,HH,정체,104,63,95,51
20214,1135072000,상계10동,LL,다이나믹,71,47,95,51
20214,1111057000,무악동,HH,정체,96,63,95,51
20214,1159063000,사당2동,HL,상권축소,99,50,95,51
20214,1138063200,신사2동,LL,다이나믹,83,49,95,51
20214,1123075000,이문2동,LH,상권확장,88,51,95,51
20214,1135066500,상계3?4동,LL,다이나믹,93,51,95,51
20214,1153053000,구로2동,HH,정체,126,54,95,51
20214,1144068000,합정동,LL,다이나믹,71,47,95,51
20214,1126056500,면목본동,LL,다이나믹,91,46,95,51
20214,1168075000,수서동,HH,정체,100,55,95,51
20214,1174061000,천호2동,LL,다이나믹,93,51,95,51
20214,1156060500,문래동,LH,상권확장,88,52,95,51
20214,1114062500,다산동,LH,상권확장,92,54,95,51
20214,1111071000,숭인2동,HL,상권축소,105,46,95,51
20214,1144071000,연남동,LL,다이나믹,56,42,95,51
20214,1159067000,신대방1동,HL,상권축소,105,48,95,51
20214,1144060000,대흥동,HH,정체,95,53,95,51
20214,1138057000,대조동,LL,다이나믹,93,51,95,51
20214,1168065500,도곡1동,HL,상권축소,96,51,95,51
20214,1171067000,잠실2동,LL,다이나믹,78,41,95,51
20214,1129066000,길음1동,LH,상권확장,92,57,95,51
20214,1165054000,잠원동,LL,다이나믹,93,49,95,51
20214,1156065000,신길3동,HH,정체,111,56,95,51
20214,1123057000,전농2동,HL,상권축소,97,50,95,51
20214,1135061900,중계본동,LL,다이나믹,85,47,95,51
20214,1154564000,독산4동,HL,상권축소,99,47,95,51
20214,1153076000,개봉3동,HL,상권축소,108,49,95,51
20214,1156069000,신길7동,LL,다이나믹,85,49,95,51
20214,1162076500,미성동,HH,정체,100,51,95,51
20214,1114058000,장충동,HH,정체,120,58,95,51
20214,1144069000,망원1동,LL,다이나믹,69,47,95,51
20214,1150062000,공항동,LL,다이나믹,87,49,95,51
20214,1171064700,위례동,LL,다이나믹,40,27,95,51
20214,1120052000,왕십리2동,LH,상권확장,82,51,95,51
20214,1162074500,삼성동,HH,정체,103,54,95,51
20214,1123072000,휘경1동,LH,상권확장,94,52,95,51
20214,1159064000,사당3동,LL,다이나믹,91,49,95,51
20214,1123053600,용신동,HH,정체,102,51,95,51
20214,1174054000,명일2동,LH,상권확장,94,54,95,51
20214,1171058000,송파1동,LL,다이나믹,91,47,95,51
20214,1150054000,화곡1동,LL,다이나믹,90,47,95,51
20214,1120059000,금호1가동,LH,상권확장,82,52,95,51
20214,1129078000,장위3동,LH,상권확장,90,58,95,51
20214,1156066000,신길4동,HL,상권축소,98,50,95,51
20214,1153075000,개봉2동,LH,상권확장,93,54,95,51
20214,1147058000,신월3동,HL,상권축소,108,49,95,51
20214,1168060000,대치1동,HH,정체,102,51,95,51
20214,1126060000,중화1동,LL,다이나믹,92,50,95,51
20214,1141056500,충현동,HH,정체,109,55,95,51
20214,1153052000,구로1동,HL,상권축소,102,50,95,51
20214,1154569000,시흥3동,HH,정체,130,59,95,51
20214,1114066500,동화동,LH,상권확장,88,52,95,51
20214,1111069000,창신3동,LL,다이나믹,83,51,95,51
20214,1123065000,장안1동,HL,상권축소,98,48,95,51
20214,1114055000,명동,HH,정체,143,57,95,51
20214,1138069000,진관동,LL,다이나믹,60,45,95,51
20214,1156054000,여의동,HH,정체,110,51,95,51
20214,1138059000,응암2동,LL,다이나믹,70,48,95,51
20214,1141070000,남가좌2동,LL,다이나믹,88,49,95,51
20214,1117055500,청파동,HH,정체,103,51,95,51
20214,1111053000,사직동,HH,정체,115,58,95,51
20214,1114060500,을지로동,HH,정체,152,68,95,51
20214,1132067000,쌍문2동,LL,다이나믹,94,48,95,51
20214,1165065200,양재2동,HL,상권축소,119,50,95,51
20214,1111061500,종로1?2?3?4가동,HH,정체,138,66,95,51
20214,1147055000,목5동,LL,다이나믹,89,50,95,51
20214,1159054000,상도2동,HH,정체,100,54,95,51
20214,1144058500,도화동,HH,정체,96,52,95,51
20214,1168056500,청담동,LL,다이나믹,90,50,95,51
20214,1123061000,답십리2동,HH,정체,115,56,95,51
20214,1123054500,제기동,HH,정체,117,60,95,51
20214,1126054000,면목4동,LL,다이나믹,87,46,95,51
20214,1126068000,신내1동,LL,다이나믹,80,48,95,51
20214,1129072500,월곡2동,LL,다이나믹,93,51,95,51
20214,1147054000,목4동,LL,다이나믹,93,44,95,51
20214,1150060300,가양1동,LL,다이나믹,49,40,95,51
20214,1121585000,구의1동,HL,상권축소,98,49,95,51
20214,1165061000,방배2동,LH,상권확장,90,53,95,51
20214,1154562000,독산2동,LL,다이나믹,93,48,95,51
20214,1174066000,성내3동,HL,상권축소,98,46,95,51
20214,1141069000,남가좌1동,HH,정체,104,60,95,51
20214,1159062000,사당1동,LL,다이나믹,90,49,95,51
20214,1174055000,고덕1동,LL,다이나믹,69,49,95,51
20214,1153051000,신도림동,LL,다이나믹,85,48,95,51
20214,1130566000,인수동,LL,다이나믹,87,45,95,51
20214,1121574000,중곡1동,LL,다이나믹,94,49,95,51
20214,1141062000,홍제1동,HH,정체,102,53,95,51
20214,1171056200,방이2동,LL,다이나믹,86,48,95,51
20214,1147052000,목2동,LL,다이나믹,87,50,95,51
20214,1153078000,오류2동,LL,다이나믹,77,48,95,51
20214,1171052000,풍납2동,HH,정체,109,52,95,51
20214,1132066000,쌍문1동,LL,다이나믹,86,48,95,51
20214,1159066000,대방동,HH,정체,97,51,95,51
20214,1138058000,응암1동,LH,상권확장,93,51,95,51
20214,1147057000,신월2동,LH,상권확장,93,51,95,51
20214,1144061000,염리동,LL,다이나믹,82,49,95,51
20214,1117056000,원효로1동,HH,정체,112,55,95,51
20214,1150060400,가양2동,LH,상권확장,88,52,95,51
20214,1154567000,시흥1동,HH,정체,97,51,95,51
20214,1111051500,청운효자동,LH,상권확장,87,54,95,51
20214,1159055000,상도3동,LL,다이나믹,89,47,95,51
20214,1141065500,홍제2동,HH,정체,96,56,95,51
20214,1165055000,반포본동,HH,정체,136,60,95,51
20214,1153073000,고척2동,HL,상권축소,99,49,95,51
20214,1111056000,평창동,HH,정체,100,57,95,51
20214,1129077000,장위2동,HH,정체,113,55,95,51
20214,1132068100,쌍문4동,LL,다이나믹,82,49,95,51
20221,1129052500,성북동,HH,정체,99,55,97,51
20221,1111063000,종로5?6가동,HH,정체,127,65,97,51
20221,1111054000,삼청동,LH,상권확장,94,54,97,51
20221,1111070000,숭인1동,HH,정체,98,57,97,51
20221,1147065000,신정4동,LL,다이나믹,94,47,97,51
20221,1117066000,이태원2동,LL,다이나믹,75,46,97,51
20221,1144066000,서교동,LL,다이나믹,78,46,97,51
20221,1154551000,가산동,LL,다이나믹,78,47,97,51
20221,1165058000,반포3동,HH,정체,111,58,97,51
20221,1162069500,신림동,LL,다이나믹,91,48,97,51
20221,1159065100,사당5동,LL,다이나믹,85,50,97,51
20221,1153054000,구로3동,LL,다이나믹,81,46,97,51
20221,1126061000,중화2동,HL,상권축소,97,48,97,51
20221,1144059000,용강동,HL,상권축소,98,50,97,51
20221,1141058500,신촌동,LL,다이나믹,97,50,97,51
20221,1121583000,자양2동,LL,다이나믹,95,49,97,51
20221,1120064500,옥수동,LL,다이나믹,76,48,97,51
20221,1168059000,삼성2동,LL,다이나믹,91,46,97,51
20221,1121581000,광장동,LH,상권확장,87,52,97,51
20221,1174062000,천호3동,LL,다이나믹,95,48,97,51
20221,1135059500,공릉1동,LL,다이나믹,95,50,97,51
20221,1168074000,일원2동,HL,상권축소,102,50,97,51
20221,1168061000,대치2동,HH,정체,98,51,97,51
20221,1174053000,명일1동,LL,다이나믹,96,49,97,51
20221,1130562500,수유2동,LL,다이나믹,88,50,97,51
20221,1171056100,방이1동,LL,다이나믹,93,48,97,51
20221,1117069000,서빙고동,LH,상권확장,95,58,97,51
20221,1120054000,마장동,HH,정체,117,61,97,51
20221,1150051000,염창동,LH,상권확장,92,54,97,51
20221,1129055500,삼선동,HH,정체,99,51,97,51
20221,1114063500,약수동,LH,상권확장,93,55,97,51
20221,1135067000,상계5동,LL,다이나믹,89,47,97,51
20221,1147061100,신월7동,HL,상권축소,100,45,97,51
20221,1147051000,목1동,LL,다이나믹,86,49,97,51
20221,1117070000,보광동,LH,상권확장,97,51,97,51
20221,1162072500,조원동,HL,상권축소,103,46,97,51
20221,1121575000,중곡2동,HL,상권축소,98,47,97,51
20221,1147063000,신정2동,LL,다이나믹,92,49,97,51
20221,1147064000,신정3동,LH,상권확장,89,51,97,51
20221,1150061500,우장산동,LL,다이나믹,82,48,97,51
20221,1135056000,월계1동,LL,다이나믹,93,51,97,51
20221,1156067000,신길5동,LL,다이나믹,90,50,97,51
20221,1174064000,성내1동,HL,상권축소,99,49,97,51
20221,1156070000,대림1동,HL,상권축소,106,48,97,51
20221,1171053200,거여2동,LH,상권확장,93,52,97,51
20221,1123066000,장안2동,LL,다이나믹,96,47,97,51
20221,1141068500,홍은2동,LH,상권확장,92,53,97,51
20221,1138062500,역촌동,LL,다이나믹,86,48,97,51
20221,1135060000,공릉2동,LL,다이나믹,81,49,97,51
20221,1135063000,상계1동,LL,다이나믹,87,47,97,51
20221,1130564500,우이동,LL,다이나믹,92,51,97,51
20221,1162062500,인헌동,LH,상권확장,91,51,97,51
20221,1121573000,군자동,LL,다이나믹,87,49,97,51
20221,1120058000,응봉동,LL,다이나믹,84,49,97,51
20221,1150060500,가양3동,LH,상권확장,85,54,97,51
20221,1129064000,정릉3동,LH,상권확장,95,56,97,51
20221,1135061100,하계1동,LH,상권확장,89,51,97,51
20221,1132070000,방학2동,LL,다이나믹,95,46,97,51
20221,1171063100,가락1동,HH,정체,155,99,97,51
20221,1135070000,상계8동,LH,상권확장,82,52,97,51
20221,1174069000,둔촌1동,HH,정체,151,61,97,51
20221,1111065000,혜화동,HH,정체,104,52,97,51
20221,1111064000,이화동,LH,상권확장,93,55,97,51
20221,1111060000,가회동,HH,정체,98,57,97,51
20221,1111058000,교남동,HH,정체,112,56,97,51
20221,1132051400,창4동,LL,다이나믹,94,49,97,51
20221,1114061500,신당동,LH,상권확장,93,62,97,51
20221,1126066000,망우3동,LL,다이나믹,91,45,97,51
20221,1114064500,청구동,LL,다이나믹,88,48,97,51
20221,1144056500,공덕동,HH,정체,107,53,97,51
20221,1165053000,서초3동,HH,정체,102,52,97,51
20221,1138060000,응암3동,HL,상권축소,101,50,97,51
20221,1120069000,성수2가3동,LH,상권확장,81,52,97,51
20221,1138055100,갈현1동,LL,다이나믹,91,48,97,51
20221,1123060000,답십리1동,LH,상권확장,90,52,97,51
20221,1174052000,상일동,LL,다이나믹,72,49,97,51
20221,1174060000,천호1동,LL,다이나믹,87,47,97,51
20221,1117065000,이태원1동,HH,정체,120,61,97,51
20221,1153056000,구로5동,LL,다이나믹,89,48,97,51
20221,1168058000,삼성1동,LH,상권확장,93,54,97,51
20221,1135069500,상계6?7동,LL,다이나믹,94,48,97,51
20221,1141061500,연희동,LH,상권확장,92,52,97,51
20221,1171071000,잠실6동,LL,다이나믹,88,50,97,51
20221,1129059000,돈암2동,LL,다이나믹,77,45,97,51
20221,1123071000,회기동,LL,다이나믹,91,47,97,51
20221,1121587000,구의3동,HH,정체,110,56,97,51
20221,1130561500,수유1동,HL,상권축소,100,49,97,51
20221,1171059000,송파2동,LL,다이나믹,94,45,97,51
20221,1168073000,일원1동,HL,상권축소,110,50,97,51
20221,1162059500,청룡동,LL,다이나믹,90,47,97,51
20221,1162068500,신사동,LL,다이나믹,90,47,97,51
20221,1162054500,청림동,LL,다이나믹,77,49,97,51
20221,1156055000,당산1동,HL,상권축소,98,50,97,51
20221,1159051000,노량진1동,HH,정체,114,60,97,51
20221,1162060500,은천동,LL,다이나믹,89,47,97,51
20221,1117051000,후암동,LH,상권확장,93,55,97,51
20221,1120067000,성수2가1동,LL,다이나믹,87,49,97,51
20221,1120079000,용답동,HH,정체,125,56,97,51
20221,1171064100,문정1동,LL,다이나믹,93,49,97,51
20221,1171057000,오금동,HL,상권축소,98,51,97,51
20221,1120057000,행당2동,LL,다이나믹,77,50,97,51
20221,1154570000,시흥4동,HL,상권축소,97,44,97,51
20221,1132051500,창5동,LL,다이나믹,93,48,97,51
20221,1114068000,중림동,HH,정체,106,56,97,51
20221,1153059500,가리봉동,HL,상권축소,103,46,97,51
20221,1162061500,중앙동,LL,다이나믹,96,48,97,51
20221,1129062000,정릉1동,LH,상권확장,94,51,97,51
20221,1154568000,시흥2동,LL,다이나믹,74,49,97,51
20221,1135061200,하계2동,LH,상권확장,83,51,97,51
20221,1129065000,정릉4동,LH,상권확장,88,54,97,51
20221,1156071000,대림2동,LL,다이나믹,86,44,97,51
20221,1129071500,월곡1동,LL,다이나믹,94,49,97,51
20221,1174058000,암사2동,LL,다이나믹,94,49,97,51
20221,1147068000,신정7동,LL,다이나믹,90,50,97,51
20221,1150056000,화곡3동,LL,다이나믹,86,47,97,51
20221,1111067000,창신1동,HH,정체,111,64,97,51
20221,1126058000,상봉1동,LL,다이나믹,82,47,97,51
20221,1114052000,소공동,HH,정체,137,68,97,51
20221,1114059000,광희동,HH,정체,138,56,97,51
20221,1171060000,석촌동,LL,다이나믹,89,47,97,51
20221,1138053000,불광2동,HH,정체,97,51,97,51
20221,1120065000,성수1가1동,LH,상권확장,84,52,97,51
20221,1117062500,한강로동,HH,정체,117,57,97,51
20221,1126052000,면목2동,HL,상권축소,98,47,97,51
20221,1130563500,수유3동,LL,다이나믹,94,46,97,51
20221,1144065500,서강동,LL,다이나믹,76,44,97,51
20221,1168064000,역삼1동,LL,다이나믹,88,46,97,51
20221,1120061500,금호2?3가동,HH,정체,98,54,97,51
20221,1141064000,홍제3동,HH,정체,106,57,97,51
20221,1168065000,역삼2동,LL,다이나믹,86,46,97,51
20221,1138052000,불광1동,LH,상권확장,94,53,97,51
20221,1130560800,번3동,LL,다이나믹,93,46,97,51
20221,1165062100,방배4동,HH,정체,110,54,97,51
20221,1132069000,방학1동,LL,다이나믹,90,47,97,51
20221,1174068500,길동,LL,다이나믹,93,47,97,51
20221,1153072000,고척1동,HH,정체,102,52,97,51
20221,1130553500,미아동,LL,다이나믹,88,47,97,51
20221,1171065000,잠실본동,LL,다이나믹,97,48,97,51
20221,1135064000,상계2동,LL,다이나믹,89,46,97,51
20221,1141066000,홍은1동,LH,상권확장,96,55,97,51
20221,1147056000,신월1동,LL,다이나믹,97,46,97,51
20221,1156072000,대림3동,HL,상권축소,102,45,97,51
20221,1129060000,안암동,LH,상권확장,93,51,97,51
20221,1129068500,길음2동,LL,다이나믹,86,50,97,51
20221,1120053500,왕십리도선동,LL,다이나믹,78,49,97,51
20221,1132071000,방학3동,LH,상권확장,85,51,97,51
20221,1165062000,방배3동,HH,정체,118,52,97,51
20221,1144063000,신수동,LH,상권확장,84,51,97,51
20221,1123056000,전농1동,LH,상권확장,96,51,97,51
20221,1135062100,중계1동,LL,다이나믹,87,49,97,51
20221,1117064000,이촌2동,HH,정체,103,64,97,51
20221,1144073000,성산2동,LH,상권확장,91,55,97,51
20221,1168070000,세곡동,LL,다이나믹,63,43,97,51
20221,1168069000,개포4동,HL,상권축소,109,49,97,51
20221,1162058500,낙성대동,LL,다이나믹,82,49,97,51
20221,1165059000,방배본동,HL,상권축소,108,49,97,51
20221,1130560300,번2동,LL,다이나믹,90,51,97,51
20221,1159053000,상도1동,LH,상권확장,94,53,97,51
20221,1144055500,아현동,LH,상권확장,94,53,97,51
20221,1171063200,가락2동,HL,상권축소,97,49,97,51
20221,1162052500,보라매동,LL,다이나믹,85,50,97,51
20221,1138065000,수색동,HH,정체,121,61,97,51
20221,1174051500,강일동,LL,다이나믹,55,43,97,51
20221,1168066000,개포1동,HH,정체,102,62,97,51
20221,1132051200,창2동,LL,다이나믹,91,48,97,51
20221,1171072000,잠실7동,HH,정체,121,63,97,51
20221,1129070500,종암동,LH,상권확장,95,52,97,51
20221,1121578000,능동,LH,상권확장,87,52,97,51
20221,1114067000,황학동,HH,정체,111,63,97,51
20221,1123070500,청량리동,HH,정체,153,57,97,51
20221,1162073500,대학동,LL,다이나믹,94,46,97,51
20221,1126057000,면목7동,HL,상권축소,99,48,97,51
20221,1138056000,구산동,LL,다이나믹,85,50,97,51
20221,1147062000,신정1동,HL,상권축소,101,47,97,51
20221,1120072000,송정동,HL,상권축소,97,49,97,51
20221,1126057500,면목3?8동,LL,다이나믹,91,47,97,51
20221,1121577000,중곡4동,HH,정체,98,51,97,51
20221,1138051000,녹번동,LL,다이나믹,82,50,97,51
20221,1132052100,도봉1동,HL,상권축소,103,50,97,51
20221,1174059000,암사3동,LH,상권확장,72,53,97,51
20221,1150055000,화곡2동,LL,다이나믹,89,48,97,51
20221,1129057500,동선동,LL,다이나믹,95,49,97,51
20221,1114057000,필동,HH,정체,129,57,97,51
20221,1141071000,북가좌1동,LL,다이나믹,82,45,97,51
20221,1120066000,성수1가2동,LL,다이나믹,74,50,97,51
20221,1129076000,장위1동,LH,상권확장,92,51,97,51
20221,1117063000,이촌1동,HH,정체,123,61,97,51
20221,1174065000,성내2동,LL,다이나믹,96,45,97,51
20221,1150057000,화곡4동,LL,다이나믹,93,47,97,51
20221,1156053500,영등포동,HH,정체,119,57,97,51
20221,1156062000,양평2동,HL,상권축소,100,51,97,51
20221,1154561000,독산1동,LH,상권확장,87,52,97,51
20221,1147053000,목3동,LL,다이나믹,96,51,97,51
20221,1117058000,효창동,LH,상권확장,93,59,97,51
20221,1174056000,고덕2동,LL,다이나믹,62,50,97,51
20221,1150064000,방화2동,LH,상권확장,92,52,97,51
20221,1126055000,면목5동,LL,다이나믹,80,47,97,51
20221,1141072000,북가좌2동,LL,다이나믹,92,48,97,51
20221,1153074000,개봉1동,LH,상권확장,95,52,97,51
20221,1121582000,자양1동,LL,다이나믹,96,49,97,51
20221,1117052000,용산2가동,LL,다이나믹,77,44,97,51
20221,1171064200,문정2동,LL,다이나믹,68,39,97,51
20221,1171056600,오륜동,HH,정체,125,63,97,51
20221,1171055000,마천2동,HH,정체,106,52,97,51
20221,1162066500,서림동,LL,다이나믹,90,50,97,51
20221,1130553400,삼양동,HL,상권축소,98,49,97,51
20221,1171062000,가락본동,LL,다이나믹,94,46,97,51
20221,1154563000,독산3동,HL,상권축소,107,47,97,51
20221,1171054000,마천1동,HL,상권축소,102,46,97,51
20221,1129081000,석관동,HH,정체,104,52,97,51
20221,1159052000,노량진2동,HH,정체,120,58,97,51
20221,1132051100,창1동,LL,다이나믹,89,49,97,51
20221,1121584000,자양3동,LL,다이나믹,86,51,97,51
20221,1147061000,신월6동,LH,상권확장,75,56,97,51
20221,1150053000,등촌2동,LL,다이나믹,95,48,97,51
20221,1174057000,암사1동,LL,다이나믹,92,46,97,51
20221,1156058500,도림동,LL,다이나믹,92,50,97,51
20221,1153079000,수궁동,LH,상권확장,91,52,97,51
20221,1159065000,사당4동,HL,상권축소,98,50,97,51
20221,1135058000,월계3동,LH,상권확장,83,52,97,51
20221,1120055000,사근동,LH,상권확장,90,51,97,51
20221,1165057000,반포2동,HH,정체,106,62,97,51
20221,1111055000,부암동,LH,상권확장,94,55,97,51
20221,1168053100,논현2동,LL,다이나믹,86,47,97,51
20221,1117068500,한남동,LH,상권확장,89,51,97,51
20221,1129061000,보문동,LL,다이나믹,94,51,97,51
20221,1159056000,상도4동,LL,다이나믹,88,51,97,51
20221,1168051000,신사동,LL,다이나믹,92,48,97,51
20221,1126062000,묵1동,LL,다이나믹,85,49,97,51
20221,1138055200,갈현2동,LL,다이나믹,85,49,97,51
20221,1168054500,압구정동,HL,상권축소,97,47,97,51
20221,1156061000,양평1동,LH,상권확장,82,52,97,51
20221,1156063000,신길1동,HH,정체,113,51,97,51
20221,1150059000,화곡본동,LL,다이나믹,95,50,97,51
20221,1123073000,휘경2동,LL,다이나믹,77,49,97,51
20221,1126059000,상봉2동,LL,다이나믹,90,50,97,51
20221,1135062400,중계4동,LL,다이나믹,91,46,97,51
20221,1132051300,창3동,LL,다이나믹,96,51,97,51
20221,1150059300,화곡8동,LL,다이나믹,87,48,97,51
20221,1126063000,묵2동,LL,다이나믹,92,49,97,51
20221,1141055500,북아현동,HH,정체,114,56,97,51
20221,1162065500,신원동,LL,다이나믹,95,46,97,51
20221,1129063000,정릉2동,LH,상권확장,96,53,97,51
20221,1130559500,번1동,LL,다이나믹,91,45,97,51
20221,1168063000,대치4동,LL,다이나믹,83,46,97,51
20221,1162057500,행운동,HH,정체,99,51,97,51
20221,1165056000,반포1동,LL,다이나믹,87,44,97,51
20221,1150052000,등촌1동,LH,상권확장,82,51,97,51
20221,1156051500,영등포본동,LH,상권확장,88,53,97,51
20221,1153055000,구로4동,HL,상권축소,101,46,97,51
20221,1144070000,망원2동,LL,다이나믹,87,46,97,51
20221,1144074000,상암동,LL,다이나믹,68,42,97,51
20221,1162064500,서원동,LH,상권확장,92,54,97,51
20221,1117053000,남영동,HH,정체,102,56,97,51
20221,1165060000,방배1동,HH,정체,99,51,97,51
20221,1174070000,둔촌2동,HL,상권축소,97,49,97,51
20221,1165065100,양재1동,LH,상권확장,96,51,97,51
20221,1171061000,삼전동,LL,다이나믹,87,46,97,51
20221,1171064600,장지동,LL,다이나믹,85,47,97,51
20221,1132052200,도봉2동,LL,다이나믹,94,47,97,51
20221,1120062000,금호4가동,LH,상권확장,96,54,97,51
20221,1138064000,증산동,HH,정체,108,52,97,51
20221,1171069000,잠실4동,LL,다이나믹,89,48,97,51
20221,1159060500,흑석동,HH,정체,99,55,97,51
20221,1132068000,쌍문3동,LL,다이나믹,94,49,97,51
20221,1162063000,남현동,LH,상권확장,92,53,97,51
20221,1130557500,삼각산동,LL,다이나믹,80,47,97,51
20221,1126069000,신내2동,LL,다이나믹,93,49,97,51
20221,1168072000,일원본동,LH,상권확장,96,52,97,51
20221,1162056500,성현동,LL,다이나믹,81,47,97,51
20221,1168067000,개포2동,LH,상권확장,92,51,97,51
20221,1153080000,항동,LL,다이나믹,34,45,97,51
20221,1129058000,돈암1동,LH,상권확장,79,52,97,51
20221,1165053100,서초4동,HH,정체,109,51,97,51
20221,1135062500,중계2?3동,LH,상권확장,86,52,97,51
20221,1111068000,창신2동,HH,정체,105,56,97,51
20221,1150053500,등촌3동,LL,다이나믹,82,49,97,51
20221,1165052000,서초2동,LL,다이나믹,87,47,97,51
20221,1114054000,회현동,HH,정체,148,68,97,51
20221,1168052100,논현1동,LL,다이나믹,91,46,97,51
20221,1150059100,화곡6동,LL,다이나믹,85,45,97,51
20221,1130554500,송중동,LL,다이나믹,86,47,97,51
20221,1114065000,신당5동,LH,상권확장,88,51,97,51
20221,1150061100,발산1동,LL,다이나믹,68,50,97,51
20221,1165058100,반포4동,HH,정체,133,62,97,51
20221,1150063000,방화1동,LL,다이나믹,85,46,97,51
20221,1154571000,시흥5동,HH,정체,102,51,97,51
20221,1141052000,천연동,HH,정체,107,54,97,51
20221,1121571000,화양동,LL,다이나믹,84,49,97,51
20221,1111057000,무악동,LH,상권확장,96,63,97,51
20221,1130555500,송천동,HL,상권축소,100,49,97,51
20221,1138063100,신사1동,LL,다이나믹,92,49,97,51
20221,1117057000,원효로2동,HH,정체,124,53,97,51
20221,1147067000,신정6동,LL,다이나믹,83,46,97,51
20221,1150064100,방화3동,LL,다이나믹,96,50,97,51
20221,1156056000,당산2동,LL,다이나믹,92,50,97,51
20221,1117059000,용문동,HH,정체,104,51,97,51
20221,1147059000,신월4동,HL,상권축소,98,49,97,51
20221,1168065600,도곡2동,HL,상권축소,102,50,97,51
20221,1147060000,신월5동,LL,다이나믹,93,50,97,51
20221,1162077500,난곡동,LH,상권확장,96,53,97,51
20221,1120056000,행당1동,LH,상권확장,96,52,97,51
20221,1165051000,서초1동,HH,정체,110,53,97,51
20221,1171053100,거여1동,LL,다이나믹,93,47,97,51
20221,1121584700,자양4동,HL,상권축소,98,49,97,51
20221,1144072000,성산1동,LL,다이나믹,91,49,97,51
20221,1159068000,신대방2동,HH,정체,99,52,97,51
20221,1165066000,내곡동,HH,정체,103,64,97,51
20221,1171051000,풍납1동,HH,정체,114,52,97,51
20221,1135072000,상계10동,LL,다이나믹,74,46,97,51
20221,1121586000,구의2동,LH,상권확장,87,54,97,51
20221,1126065500,망우본동,HL,상권축소,99,49,97,51
20221,1135071000,상계9동,LL,다이나믹,93,50,97,51
20221,1123074000,이문1동,HH,정체,104,54,97,51
20221,1153077000,오류1동,LH,상권확장,92,53,97,51
20221,1171068000,잠실3동,HH,정체,107,63,97,51
20221,1135057000,월계2동,LH,상권확장,81,51,97,51
20221,1156068000,신길6동,HL,상권축소,97,50,97,51
20221,1162071500,난향동,LL,다이나믹,72,47,97,51
20221,1121576000,중곡3동,LL,다이나믹,91,47,97,51
20221,1111071000,숭인2동,HL,상권축소,108,46,97,51
20221,1141056500,충현동,HH,정체,111,55,97,51
20221,1156060500,문래동,LH,상권확장,91,51,97,51
20221,1135061900,중계본동,LL,다이나믹,87,47,97,51
20221,1114062500,다산동,LH,상권확장,95,54,97,51
20221,1123053600,용신동,HH,정체,104,52,97,51
20221,1135066500,상계3?4동,LL,다이나믹,96,50,97,51
20221,1123072000,휘경1동,LH,상권확장,97,52,97,51
20221,1120052000,왕십리2동,LH,상권확장,85,51,97,51
20221,1153053000,구로2동,HH,정체,129,54,97,51
20221,1156066000,신길4동,HL,상권축소,99,50,97,51
20221,1138057000,대조동,LL,다이나믹,95,51,97,51
20221,1111069000,창신3동,LL,다이나믹,86,51,97,51
20221,1159063000,사당2동,HL,상권축소,103,50,97,51
20221,1150054000,화곡1동,LL,다이나믹,91,47,97,51
20221,1144068000,합정동,LL,다이나믹,73,47,97,51
20221,1162076500,미성동,HL,상권축소,103,51,97,51
20221,1129066000,길음1동,LH,상권확장,95,57,97,51
20221,1159064000,사당3동,LL,다이나믹,93,49,97,51
20221,1174061000,천호2동,LL,다이나믹,96,51,97,51
20221,1165054000,잠원동,LL,다이나믹,96,49,97,51
20221,1138063200,신사2동,LL,다이나믹,86,49,97,51
20221,1144060000,대흥동,HH,정체,97,53,97,51
20221,1171067000,잠실2동,LL,다이나믹,80,42,97,51
20221,1174054000,명일2동,LH,상권확장,96,54,97,51
20221,1144069000,망원1동,LL,다이나믹,72,47,97,51
20221,1153075000,개봉2동,LH,상권확장,95,54,97,51
20221,1129078000,장위3동,LH,상권확장,92,57,97,51
20221,1126056500,면목본동,LL,다이나믹,94,46,97,51
20221,1168065500,도곡1동,HH,정체,98,51,97,51
20221,1144071000,연남동,LL,다이나믹,58,42,97,51
20221,1156065000,신길3동,HH,정체,113,56,97,51
20221,1156069000,신길7동,LL,다이나믹,88,49,97,51
20221,1147058000,신월3동,HL,상권축소,111,49,97,51
20221,1159067000,신대방1동,HL,상권축소,108,48,97,51
20221,1150062000,공항동,LL,다이나믹,88,49,97,51
20221,1114058000,장충동,HH,정체,123,59,97,51
20221,1123057000,전농2동,HL,상권축소,100,50,97,51
20221,1171058000,송파1동,LL,다이나믹,93,47,97,51
20221,1153052000,구로1동,HL,상권축소,103,51,97,51
20221,1168075000,수서동,HH,정체,103,55,97,51
20221,1171064700,위례동,LL,다이나믹,42,27,97,51
20221,1153076000,개봉3동,HL,상권축소,108,50,97,51
20221,1154569000,시흥3동,HH,정체,133,60,97,51
20221,1168060000,대치1동,HH,정체,103,52,97,51
20221,1114066500,동화동,LH,상권확장,91,52,97,51
20221,1120059000,금호1가동,LH,상권확장,85,52,97,51
20221,1162074500,삼성동,HH,정체,105,54,97,51
20221,1126060000,중화1동,LL,다이나믹,95,50,97,51
20221,1123075000,이문2동,LH,상권확장,91,51,97,51
20221,1154564000,독산4동,HL,상권축소,102,47,97,51
20221,1111053000,사직동,HH,정체,116,58,97,51
20221,1111061500,종로1?2?3?4가동,HH,정체,140,66,97,51
20221,1111056000,평창동,HH,정체,102,58,97,51
20221,1111051500,청운효자동,LH,상권확장,89,55,97,51
20221,1114055000,명동,HH,정체,146,57,97,51
20221,1147055000,목5동,LL,다이나믹,91,50,97,51
20221,1159066000,대방동,HH,정체,99,51,97,51
20221,1141062000,홍제1동,HH,정체,104,53,97,51
20221,1117055500,청파동,HH,정체,104,52,97,51
20221,1114060500,을지로동,HH,정체,154,68,97,51
20221,1159062000,사당1동,LL,다이나믹,92,49,97,51
20221,1123065000,장안1동,HL,상권축소,100,49,97,51
20221,1156054000,여의동,HH,정체,112,51,97,51
20221,1141070000,남가좌2동,LL,다이나믹,89,49,97,51
20221,1123054500,제기동,HH,정체,119,60,97,51
20221,1121574000,중곡1동,LL,다이나믹,96,50,97,51
20221,1126068000,신내1동,LL,다이나믹,82,48,97,51
20221,1168056500,청담동,LL,다이나믹,93,50,97,51
20221,1130566000,인수동,LL,다이나믹,89,45,97,51
20221,1129077000,장위2동,HH,정체,116,55,97,51
20221,1153051000,신도림동,LL,다이나믹,87,48,97,51
20221,1165061000,방배2동,LH,상권확장,92,53,97,51
20221,1159055000,상도3동,LL,다이나믹,91,47,97,51
20221,1141065500,홍제2동,HH,정체,99,56,97,51
20221,1174066000,성내3동,HL,상권축소,101,46,97,51
20221,1144058500,도화동,HH,정체,98,52,97,51
20221,1121585000,구의1동,HL,상권축소,100,49,97,51
20221,1117056000,원효로1동,HH,정체,114,55,97,51
20221,1147052000,목2동,LL,다이나믹,90,50,97,51
20221,1171056200,방이2동,LL,다이나믹,89,48,97,51
20221,1147054000,목4동,LL,다이나믹,95,44,97,51
20221,1147057000,신월2동,LH,상권확장,95,51,97,51
20221,1141069000,남가좌1동,HH,정체,106,60,97,51
20221,1150060300,가양1동,LL,다이나믹,51,39,97,51
20221,1138069000,진관동,LL,다이나믹,62,45,97,51
20221,1144061000,염리동,LL,다이나믹,85,49,97,51
20221,1154567000,시흥1동,HH,정체,99,51,97,51
20221,1165065200,양재2동,HL,상권축소,121,50,97,51
20221,1138058000,응암1동,LH,상권확장,95,51,97,51
20221,1159054000,상도2동,HH,정체,101,54,97,51
20221,1154562000,독산2동,LL,다이나믹,96,47,97,51
20221,1150060400,가양2동,LH,상권확장,90,52,97,51
20221,1171052000,풍납2동,HH,정체,111,52,97,51
20221,1132067000,쌍문2동,LL,다이나믹,96,48,97,51
20221,1126054000,면목4동,LL,다이나믹,88,47,97,51
20221,1153078000,오류2동,LL,다이나믹,79,47,97,51
20221,1138059000,응암2동,LL,다이나믹,71,47,97,51
20221,1132066000,쌍문1동,LL,다이나믹,88,48,97,51
20221,1153073000,고척2동,HL,상권축소,101,49,97,51
20221,1165055000,반포본동,HH,정체,139,60,97,51
20221,1123061000,답십리2동,HH,정체,118,56,97,51
20221,1174055000,고덕1동,LL,다이나믹,71,49,97,51
20221,1129072500,월곡2동,LL,다이나믹,95,51,97,51
20221,1132068100,쌍문4동,LL,다이나믹,85,49,97,51
20222,1120064500,옥수동,LL,다이나믹,79,48,99,51
20222,1147051000,목1동,LL,다이나믹,89,49,99,51
20222,1121575000,중곡2동,HL,상권축소,100,47,99,51
20222,1120054000,마장동,HH,정체,119,61,99,51
20222,1120058000,응봉동,LL,다이나믹,87,50,99,51
20222,1121573000,군자동,LL,다이나믹,90,49,99,51
20222,1121583000,자양2동,LL,다이나믹,96,49,99,51
20222,1121581000,광장동,LH,상권확장,89,52,99,51
20222,1126061000,중화2동,HL,상권축소,99,48,99,51
20222,1135056000,월계1동,LL,다이나믹,95,51,99,51
20222,1123066000,장안2동,LL,다이나믹,97,48,99,51
20222,1168059000,삼성2동,LL,다이나믹,93,46,99,51
20222,1171056100,방이1동,LL,다이나믹,93,48,99,51
20222,1135060000,공릉2동,LL,다이나믹,83,49,99,51
20222,1150060500,가양3동,LH,상권확장,89,53,99,51
20222,1129055500,삼선동,HL,상권축소,101,51,99,51
20222,1141058500,신촌동,LL,다이나믹,98,50,99,51
20222,1154551000,가산동,LL,다이나믹,80,47,99,51
20222,1174064000,성내1동,HL,상권축소,100,49,99,51
20222,1144066000,서교동,LL,다이나믹,80,46,99,51
20222,1153054000,구로3동,LL,다이나믹,84,46,99,51
20222,1144059000,용강동,HL,상권축소,100,50,99,51
20222,1171053200,거여2동,LH,상권확장,95,52,99,51
20222,1114063500,약수동,LH,상권확장,94,55,99,51
20222,1147065000,신정4동,LL,다이나믹,96,47,99,51
20222,1162069500,신림동,LL,다이나믹,94,48,99,51
20222,1111063000,종로5?6가동,HH,정체,129,65,99,51
20222,1135059500,공릉1동,LL,다이나믹,96,51,99,51
20222,1150061500,우장산동,LL,다이나믹,84,48,99,51
20222,1135067000,상계5동,LL,다이나믹,91,47,99,51
20222,1162072500,조원동,HL,상권축소,105,46,99,51
20222,1174053000,명일1동,LL,다이나믹,98,49,99,51
20222,1111054000,삼청동,LH,상권확장,95,54,99,51
20222,1111070000,숭인1동,LH,상권확장,98,58,99,51
20222,1117070000,보광동,HH,정체,99,51,99,51
20222,1129052500,성북동,HH,정체,100,56,99,51
20222,1117069000,서빙고동,LH,상권확장,97,59,99,51
20222,1168061000,대치2동,HH,정체,101,51,99,51
20222,1130564500,우이동,LH,상권확장,94,51,99,51
20222,1174062000,천호3동,LL,다이나믹,96,48,99,51
20222,1168074000,일원2동,HL,상권축소,105,50,99,51
20222,1129064000,정릉3동,LH,상권확장,98,55,99,51
20222,1130562500,수유2동,LL,다이나믹,89,50,99,51
20222,1117066000,이태원2동,LL,다이나믹,75,46,99,51
20222,1147064000,신정3동,LH,상권확장,91,51,99,51
20222,1147063000,신정2동,LL,다이나믹,93,49,99,51
20222,1135063000,상계1동,LL,다이나믹,89,47,99,51
20222,1138062500,역촌동,LL,다이나믹,87,48,99,51
20222,1171063100,가락1동,HH,정체,157,100,99,51
20222,1132070000,방학2동,LL,다이나믹,96,47,99,51
20222,1156070000,대림1동,HL,상권축소,107,48,99,51
20222,1165058000,반포3동,HH,정체,113,58,99,51
20222,1147061100,신월7동,HL,상권축소,102,45,99,51
20222,1159065100,사당5동,LL,다이나믹,88,50,99,51
20222,1141068500,홍은2동,LH,상권확장,95,53,99,51
20222,1135061100,하계1동,LH,상권확장,91,51,99,51
20222,1150051000,염창동,LH,상권확장,94,55,99,51
20222,1162062500,인헌동,LL,다이나믹,93,51,99,51
20222,1135070000,상계8동,LH,상권확장,85,51,99,51
20222,1156067000,신길5동,LL,다이나믹,93,50,99,51
20222,1174069000,둔촌1동,HH,정체,154,61,99,51
20222,1144056500,공덕동,HH,정체,109,53,99,51
20222,1121587000,구의3동,HH,정체,112,56,99,51
20222,1120067000,성수2가1동,LL,다이나믹,89,49,99,51
20222,1120069000,성수2가3동,LH,상권확장,82,52,99,51
20222,1120057000,행당2동,LL,다이나믹,79,50,99,51
20222,1120079000,용답동,HH,정체,127,56,99,51
20222,1141061500,연희동,LH,상권확장,94,52,99,51
20222,1132051500,창5동,LL,다이나믹,94,48,99,51
20222,1111065000,혜화동,HH,정체,105,52,99,51
20222,1126066000,망우3동,LL,다이나믹,93,45,99,51
20222,1162059500,청룡동,LL,다이나믹,92,47,99,51
20222,1171059000,송파2동,LL,다이나믹,96,45,99,51
20222,1114061500,신당동,LH,상권확장,97,62,99,51
20222,1165053000,서초3동,HH,정체,105,53,99,51
20222,1168073000,일원1동,HL,상권축소,111,50,99,51
20222,1168058000,삼성1동,LH,상권확장,95,54,99,51
20222,1159051000,노량진1동,HH,정체,116,60,99,51
20222,1156055000,당산1동,HL,상권축소,100,50,99,51
20222,1117065000,이태원1동,HH,정체,122,61,99,51
20222,1111060000,가회동,HH,정체,101,57,99,51
20222,1123060000,답십리1동,LH,상권확장,91,52,99,51
20222,1171071000,잠실6동,LL,다이나믹,90,50,99,51
20222,1138055100,갈현1동,LL,다이나믹,92,48,99,51
20222,1171057000,오금동,HL,상권축소,99,51,99,51
20222,1174052000,상일동,LL,다이나믹,74,49,99,51
20222,1111064000,이화동,LH,상권확장,94,55,99,51
20222,1135069500,상계6?7동,LL,다이나믹,96,48,99,51
20222,1171064100,문정1동,LL,다이나믹,95,49,99,51
20222,1129062000,정릉1동,LL,다이나믹,96,51,99,51
20222,1129065000,정릉4동,LH,상권확장,90,54,99,51
20222,1114064500,청구동,LL,다이나믹,90,48,99,51
20222,1153059500,가리봉동,HL,상권축소,105,46,99,51
20222,1154570000,시흥4동,HL,상권축소,101,44,99,51
20222,1174060000,천호1동,LL,다이나믹,89,47,99,51
20222,1162068500,신사동,LL,다이나믹,92,47,99,51
20222,1162061500,중앙동,LL,다이나믹,97,48,99,51
20222,1130561500,수유1동,HL,상권축소,102,49,99,51
20222,1129071500,월곡1동,LL,다이나믹,96,49,99,51
20222,1147068000,신정7동,LL,다이나믹,91,51,99,51
20222,1117051000,후암동,LH,상권확장,94,55,99,51
20222,1123071000,회기동,LL,다이나믹,91,48,99,51
20222,1153056000,구로5동,LL,다이나믹,91,48,99,51
20222,1138060000,응암3동,HL,상권축소,103,51,99,51
20222,1162054500,청림동,LL,다이나믹,79,49,99,51
20222,1156071000,대림2동,LL,다이나믹,87,44,99,51
20222,1154568000,시흥2동,LL,다이나믹,76,49,99,51
20222,1174058000,암사2동,LL,다이나믹,97,49,99,51
20222,1129059000,돈암2동,LL,다이나믹,78,45,99,51
20222,1132051400,창4동,LL,다이나믹,96,49,99,51
20222,1111058000,교남동,HH,정체,115,56,99,51
20222,1162060500,은천동,LL,다이나믹,91,47,99,51
20222,1114068000,중림동,HH,정체,108,56,99,51
20222,1135061200,하계2동,LH,상권확장,85,52,99,51
20222,1150056000,화곡3동,LL,다이나믹,87,47,99,51
20222,1120065000,성수1가1동,LH,상권확장,85,53,99,51
20222,1120061500,금호2?3가동,HH,정체,100,54,99,51
20222,1120053500,왕십리도선동,LL,다이나믹,79,50,99,51
20222,1171063200,가락2동,HL,상권축소,99,49,99,51
20222,1168070000,세곡동,LL,다이나믹,65,43,99,51
20222,1168065000,역삼2동,LL,다이나믹,88,46,99,51
20222,1123056000,전농1동,LH,상권확장,98,52,99,51
20222,1135062100,중계1동,LL,다이나믹,89,49,99,51
20222,1144073000,성산2동,LH,상권확장,93,55,99,51
20222,1129068500,길음2동,LL,다이나믹,88,50,99,51
20222,1126052000,면목2동,HL,상권축소,99,47,99,51
20222,1168064000,역삼1동,LL,다이나믹,90,46,99,51
20222,1132069000,방학1동,LL,다이나믹,91,47,99,51
20222,1130563500,수유3동,LL,다이나믹,95,46,99,51
20222,1126058000,상봉1동,LL,다이나믹,86,47,99,51
20222,1135064000,상계2동,LL,다이나믹,91,46,99,51
20222,1159053000,상도1동,LH,상권확장,95,54,99,51
20222,1168069000,개포4동,HL,상권축소,111,49,99,51
20222,1174068500,길동,LL,다이나믹,95,47,99,51
20222,1165062000,방배3동,HH,정체,120,52,99,51
20222,1156072000,대림3동,HL,상권축소,104,45,99,51
20222,1153072000,고척1동,HH,정체,105,52,99,51
20222,1144063000,신수동,LH,상권확장,87,51,99,51
20222,1130560300,번2동,LL,다이나믹,91,51,99,51
20222,1144065500,서강동,LL,다이나믹,78,44,99,51
20222,1114059000,광희동,HH,정체,140,57,99,51
20222,1171065000,잠실본동,LL,다이나믹,98,48,99,51
20222,1174051500,강일동,LL,다이나믹,58,43,99,51
20222,1129060000,안암동,LH,상권확장,94,52,99,51
20222,1117062500,한강로동,HH,정체,119,57,99,51
20222,1132051200,창2동,LL,다이나믹,93,48,99,51
20222,1111067000,창신1동,HH,정체,113,64,99,51
20222,1138053000,불광2동,LH,상권확장,99,51,99,51
20222,1171060000,석촌동,LL,다이나믹,91,47,99,51
20222,1147056000,신월1동,LL,다이나믹,98,46,99,51
20222,1165062100,방배4동,HH,정체,113,54,99,51
20222,1138052000,불광1동,LH,상권확장,96,53,99,51
20222,1165059000,방배본동,HL,상권축소,110,50,99,51
20222,1114052000,소공동,HH,정체,139,68,99,51
20222,1130553500,미아동,LL,다이나믹,90,47,99,51
20222,1162058500,낙성대동,LL,다이나믹,82,50,99,51
20222,1132071000,방학3동,LL,다이나믹,88,51,99,51
20222,1141064000,홍제3동,HH,정체,105,57,99,51
20222,1144055500,아현동,LH,상권확장,96,53,99,51
20222,1141066000,홍은1동,LH,상권확장,98,55,99,51
20222,1130560800,번3동,LL,다이나믹,96,46,99,51
20222,1162052500,보라매동,LL,다이나믹,87,50,99,51
20222,1117064000,이촌2동,HH,정체,104,66,99,51
20222,1138065000,수색동,HH,정체,122,61,99,51
20222,1171072000,잠실7동,HH,정체,123,63,99,51
20222,1168066000,개포1동,HH,정체,104,63,99,51
20222,1114067000,황학동,HH,정체,113,64,99,51
20222,1121578000,능동,LH,상권확장,90,52,99,51
20222,1120072000,송정동,LL,다이나믹,99,50,99,51
20222,1121584000,자양3동,LL,다이나믹,88,51,99,51
20222,1121577000,중곡4동,HH,정체,100,51,99,51
20222,1121582000,자양1동,LL,다이나믹,96,50,99,51
20222,1120066000,성수1가2동,LL,다이나믹,75,50,99,51
20222,1120055000,사근동,LH,상권확장,91,51,99,51
20222,1138051000,녹번동,LL,다이나믹,84,50,99,51
20222,1117063000,이촌1동,HH,정체,126,60,99,51
20222,1174057000,암사1동,LL,다이나믹,94,46,99,51
20222,1114057000,필동,HH,정체,132,57,99,51
20222,1126057000,면목7동,HL,상권축소,101,48,99,51
20222,1174059000,암사3동,LH,상권확장,74,53,99,51
20222,1156053500,영등포동,HH,정체,121,57,99,51
20222,1154561000,독산1동,LH,상권확장,89,52,99,51
20222,1129076000,장위1동,LH,상권확장,94,51,99,51
20222,1156062000,양평2동,HL,상권축소,102,51,99,51
20222,1171064200,문정2동,LL,다이나믹,70,39,99,51
20222,1150057000,화곡4동,LL,다이나믹,95,47,99,51
20222,1129057500,동선동,LL,다이나믹,96,49,99,51
20222,1171056600,오륜동,HH,정체,126,64,99,51
20222,1171062000,가락본동,LL,다이나믹,96,46,99,51
20222,1153074000,개봉1동,LH,상권확장,97,52,99,51
20222,1150053000,등촌2동,LL,다이나믹,98,48,99,51
20222,1174056000,고덕2동,LL,다이나믹,64,50,99,51
20222,1141072000,북가좌2동,LL,다이나믹,94,48,99,51
20222,1126057500,면목3?8동,LL,다이나믹,93,47,99,51
20222,1174065000,성내2동,LL,다이나믹,97,45,99,51
20222,1129070500,종암동,LH,상권확장,98,52,99,51
20222,1162073500,대학동,LL,다이나믹,96,46,99,51
20222,1150055000,화곡2동,LL,다이나믹,91,48,99,51
20222,1132051100,창1동,LL,다이나믹,91,49,99,51
20222,1171054000,마천1동,HL,상권축소,104,46,99,51
20222,1138056000,구산동,LL,다이나믹,87,50,99,51
20222,1141071000,북가좌1동,LL,다이나믹,84,45,99,51
20222,1129081000,석관동,HH,정체,107,52,99,51
20222,1159052000,노량진2동,HH,정체,121,59,99,51
20222,1126055000,면목5동,LL,다이나믹,82,47,99,51
20222,1150064000,방화2동,LH,상권확장,94,53,99,51
20222,1123070500,청량리동,HH,정체,155,57,99,51
20222,1135058000,월계3동,LH,상권확장,85,52,99,51
20222,1147062000,신정1동,HL,상권축소,103,47,99,51
20222,1162066500,서림동,LL,다이나믹,91,50,99,51
20222,1130553400,삼양동,HL,상권축소,101,49,99,51
20222,1147053000,목3동,LL,다이나믹,98,51,99,51
20222,1132052100,도봉1동,HL,상권축소,105,50,99,51
20222,1154563000,독산3동,HL,상권축소,108,47,99,51
20222,1159065000,사당4동,HL,상권축소,100,50,99,51
20222,1153079000,수궁동,LH,상권확장,93,52,99,51
20222,1165057000,반포2동,HH,정체,108,62,99,51
20222,1117058000,효창동,LH,상권확장,96,59,99,51
20222,1171055000,마천2동,HH,정체,107,52,99,51
20222,1147061000,신월6동,LH,상권확장,77,55,99,51
20222,1156058500,도림동,LL,다이나믹,95,50,99,51
20222,1117052000,용산2가동,LL,다이나믹,78,45,99,51
20222,1120062000,금호4가동,LH,상권확장,96,54,99,51
20222,1174070000,둔촌2동,HL,상권축소,99,49,99,51
20222,1171061000,삼전동,LL,다이나믹,90,46,99,51
20222,1168063000,대치4동,LL,다이나믹,85,46,99,51
20222,1168051000,신사동,LL,다이나믹,94,48,99,51
20222,1153055000,구로4동,HL,상권축소,102,47,99,51
20222,1132051300,창3동,LH,상권확장,97,51,99,51
20222,1168053100,논현2동,LL,다이나믹,88,47,99,51
20222,1156051500,영등포본동,LH,상권확장,90,53,99,51
20222,1144074000,상암동,LL,다이나믹,69,42,99,51
20222,1126059000,상봉2동,LL,다이나믹,92,50,99,51
20222,1165060000,방배1동,HH,정체,101,51,99,51
20222,1171064600,장지동,LL,다이나믹,86,48,99,51
20222,1165065100,양재1동,LH,상권확장,98,51,99,51
20222,1123073000,휘경2동,LL,다이나믹,79,49,99,51
20222,1135062400,중계4동,LL,다이나믹,92,47,99,51
20222,1126063000,묵2동,LL,다이나믹,94,49,99,51
20222,1168054500,압구정동,HL,상권축소,99,47,99,51
20222,1150059300,화곡8동,LL,다이나믹,88,48,99,51
20222,1171069000,잠실4동,LL,다이나믹,91,48,99,51
20222,1159056000,상도4동,LL,다이나믹,89,51,99,51
20222,1156063000,신길1동,HH,정체,115,52,99,51
20222,1150052000,등촌1동,LH,상권확장,84,51,99,51
20222,1162057500,행운동,HH,정체,101,51,99,51
20222,1130557500,삼각산동,LL,다이나믹,82,47,99,51
20222,1126069000,신내2동,LL,다이나믹,95,50,99,51
20222,1126062000,묵1동,LL,다이나믹,87,49,99,51
20222,1159060500,흑석동,HH,정체,100,55,99,51
20222,1129063000,정릉2동,LH,상권확장,97,53,99,51
20222,1162065500,신원동,LL,다이나믹,95,46,99,51
20222,1117053000,남영동,HH,정체,104,56,99,51
20222,1138055200,갈현2동,LL,다이나믹,87,49,99,51
20222,1156061000,양평1동,LH,상권확장,84,52,99,51
20222,1141055500,북아현동,HH,정체,116,56,99,51
20222,1129058000,돈암1동,LH,상권확장,82,52,99,51
20222,1130559500,번1동,LL,다이나믹,93,45,99,51
20222,1165056000,반포1동,LL,다이나믹,90,44,99,51
20222,1132052200,도봉2동,LL,다이나믹,95,47,99,51
20222,1168072000,일원본동,LH,상권확장,98,52,99,51
20222,1150059000,화곡본동,LL,다이나믹,96,50,99,51
20222,1111055000,부암동,LH,상권확장,94,56,99,51
20222,1162064500,서원동,LH,상권확장,94,54,99,51
20222,1129061000,보문동,LL,다이나믹,96,51,99,51
20222,1117068500,한남동,LH,상권확장,90,51,99,51
20222,1132068000,쌍문3동,LL,다이나믹,96,49,99,51
20222,1162056500,성현동,LL,다이나믹,84,47,99,51
20222,1168067000,개포2동,LH,상권확장,93,52,99,51
20222,1162063000,남현동,LH,상권확장,95,53,99,51
20222,1144070000,망원2동,LL,다이나믹,89,46,99,51
20222,1138064000,증산동,HH,정체,108,52,99,51
20222,1153080000,항동,LL,다이나믹,36,43,99,51
20222,1120056000,행당1동,LH,상권확장,97,52,99,51
20222,1121584700,자양4동,HL,상권축소,99,49,99,51
20222,1121576000,중곡3동,LL,다이나믹,93,47,99,51
20222,1121571000,화양동,LL,다이나믹,85,49,99,51
20222,1121586000,구의2동,LH,상권확장,88,54,99,51
20222,1150053500,등촌3동,LL,다이나믹,84,49,99,51
20222,1168065600,도곡2동,HL,상권축소,103,51,99,51
20222,1168052100,논현1동,LL,다이나믹,93,46,99,51
20222,1126065500,망우본동,HL,상권축소,99,49,99,51
20222,1130555500,송천동,HL,상권축소,102,49,99,51
20222,1165058100,반포4동,HH,정체,136,62,99,51
20222,1130554500,송중동,LL,다이나믹,88,48,99,51
20222,1147067000,신정6동,LL,다이나믹,86,46,99,51
20222,1138063100,신사1동,LL,다이나믹,95,49,99,51
20222,1165066000,내곡동,HH,정체,105,64,99,51
20222,1150063000,방화1동,LL,다이나믹,87,47,99,51
20222,1165051000,서초1동,HH,정체,112,54,99,51
20222,1114065000,신당5동,LH,상권확장,91,51,99,51
20222,1159068000,신대방2동,HH,정체,99,52,99,51
20222,1147060000,신월5동,LL,다이나믹,96,51,99,51
20222,1144072000,성산1동,LL,다이나믹,93,49,99,51
20222,1135062500,중계2?3동,LH,상권확장,88,52,99,51
20222,1114054000,회현동,HH,정체,150,68,99,51
20222,1162071500,난향동,LL,다이나믹,74,47,99,51
20222,1117057000,원효로2동,HH,정체,126,53,99,51
20222,1171051000,풍납1동,HH,정체,117,52,99,51
20222,1165053100,서초4동,HH,정체,110,51,99,51
20222,1171053100,거여1동,LL,다이나믹,96,47,99,51
20222,1117059000,용문동,HH,정체,106,51,99,51
20222,1156056000,당산2동,LL,다이나믹,94,50,99,51
20222,1153077000,오류1동,LH,상권확장,93,53,99,51
20222,1150059100,화곡6동,LL,다이나믹,86,45,99,51
20222,1135057000,월계2동,LL,다이나믹,84,51,99,51
20222,1123074000,이문1동,HH,정체,105,54,99,51
20222,1147059000,신월4동,HL,상권축소,100,49,99,51
20222,1154571000,시흥5동,HH,정체,104,51,99,51
20222,1150064100,방화3동,HL,상권축소,99,50,99,51
20222,1165052000,서초2동,LL,다이나믹,89,47,99,51
20222,1141052000,천연동,HH,정체,107,55,99,51
20222,1111068000,창신2동,HH,정체,108,56,99,51
20222,1150061100,발산1동,LL,다이나믹,69,50,99,51
20222,1162077500,난곡동,LH,상권확장,98,53,99,51
20222,1156068000,신길6동,LL,다이나믹,98,50,99,51
20222,1135071000,상계9동,LL,다이나믹,96,50,99,51
20222,1135072000,상계10동,LL,다이나믹,76,46,99,51
20222,1171068000,잠실3동,HH,정체,109,63,99,51
20222,1111057000,무악동,HH,정체,99,63,99,51
20222,1120052000,왕십리2동,LH,상권확장,86,51,99,51
20222,1174061000,천호2동,LL,다이나믹,97,51,99,51
20222,1150054000,화곡1동,LL,다이나믹,93,47,99,51
20222,1123075000,이문2동,LL,다이나믹,93,51,99,51
20222,1126056500,면목본동,LL,다이나믹,95,46,99,51
20222,1153052000,구로1동,HL,상권축소,106,51,99,51
20222,1120059000,금호1가동,LH,상권확장,87,52,99,51
20222,1123053600,용신동,HH,정체,106,52,99,51
20222,1171067000,잠실2동,LL,다이나믹,82,41,99,51
20222,1141056500,충현동,HH,정체,113,55,99,51
20222,1156060500,문래동,LH,상권확장,93,52,99,51
20222,1150062000,공항동,LL,다이나믹,89,49,99,51
20222,1168060000,대치1동,HH,정체,106,52,99,51
20222,1123072000,휘경1동,LH,상권확장,99,52,99,51
20222,1165054000,잠원동,LL,다이나믹,97,50,99,51
20222,1114066500,동화동,LH,상권확장,93,52,99,51
20222,1114062500,다산동,LH,상권확장,97,54,99,51
20222,1135066500,상계3?4동,HL,상권축소,99,50,99,51
20222,1144071000,연남동,LL,다이나믹,59,41,99,51
20222,1159063000,사당2동,HL,상권축소,103,50,99,51
20222,1156069000,신길7동,LL,다이나믹,89,50,99,51
20222,1129066000,길음1동,LH,상권확장,98,56,99,51
20222,1168065500,도곡1동,HH,정체,100,51,99,51
20222,1126060000,중화1동,LL,다이나믹,98,49,99,51
20222,1138063200,신사2동,LL,다이나믹,87,49,99,51
20222,1159064000,사당3동,LL,다이나믹,94,50,99,51
20222,1156066000,신길4동,HL,상권축소,101,50,99,51
20222,1153053000,구로2동,HH,정체,131,55,99,51
20222,1138057000,대조동,LL,다이나믹,97,51,99,51
20222,1129078000,장위3동,LH,상권확장,93,58,99,51
20222,1171058000,송파1동,LL,다이나믹,94,48,99,51
20222,1111071000,숭인2동,HL,상권축소,111,47,99,51
20222,1135061900,중계본동,LL,다이나믹,88,47,99,51
20222,1144069000,망원1동,LL,다이나믹,73,47,99,51
20222,1123057000,전농2동,HL,상권축소,101,50,99,51
20222,1168075000,수서동,HH,정체,104,55,99,51
20222,1171064700,위례동,LL,다이나믹,43,27,99,51
20222,1174054000,명일2동,LH,상권확장,98,54,99,51
20222,1147058000,신월3동,HL,상권축소,112,49,99,51
20222,1144060000,대흥동,LH,상권확장,98,53,99,51
20222,1144068000,합정동,LL,다이나믹,75,47,99,51
20222,1153076000,개봉3동,HL,상권축소,111,50,99,51
20222,1153075000,개봉2동,LH,상권확장,97,54,99,51
20222,1154564000,독산4동,HL,상권축소,104,47,99,51
20222,1162076500,미성동,HL,상권축소,106,51,99,51
20222,1114058000,장충동,HH,정체,125,59,99,51
20222,1154569000,시흥3동,HH,정체,135,60,99,51
20222,1159067000,신대방1동,HL,상권축소,110,48,99,51
20222,1156065000,신길3동,HH,정체,114,56,99,51
20222,1162074500,삼성동,HH,정체,107,54,99,51
20222,1111069000,창신3동,LL,다이나믹,87,51,99,51
20222,1141062000,홍제1동,HH,정체,108,53,99,51
20222,1121585000,구의1동,HL,상권축소,101,49,99,51
20222,1121574000,중곡1동,LL,다이나믹,96,50,99,51
20222,1111061500,종로1?2?3?4가동,HH,정체,142,66,99,51
20222,1123054500,제기동,HH,정체,120,60,99,51
20222,1174066000,성내3동,HL,상권축소,103,46,99,51
20222,1123065000,장안1동,HL,상권축소,102,49,99,51
20222,1165065200,양재2동,HL,상권축소,124,50,99,51
20222,1111051500,청운효자동,LH,상권확장,91,54,99,51
20222,1126068000,신내1동,LL,다이나믹,84,48,99,51
20222,1114055000,명동,HH,정체,148,58,99,51
20222,1156054000,여의동,HH,정체,114,52,99,51
20222,1141070000,남가좌2동,LL,다이나믹,92,48,99,51
20222,1168056500,청담동,LL,다이나믹,94,50,99,51
20222,1171052000,풍납2동,HH,정체,114,52,99,51
20222,1144058500,도화동,HH,정체,100,52,99,51
20222,1165061000,방배2동,LH,상권확장,94,53,99,51
20222,1111053000,사직동,HH,정체,117,58,99,51
20222,1114060500,을지로동,HH,정체,156,69,99,51
20222,1153078000,오류2동,LL,다이나믹,82,47,99,51
20222,1111056000,평창동,HH,정체,105,58,99,51
20222,1147057000,신월2동,LH,상권확장,96,52,99,51
20222,1171056200,방이2동,LL,다이나믹,91,48,99,51
20222,1159055000,상도3동,LL,다이나믹,93,47,99,51
20222,1159062000,사당1동,LL,다이나믹,93,49,99,51
20222,1174055000,고덕1동,LL,다이나믹,73,49,99,51
20222,1126054000,면목4동,LL,다이나믹,90,47,99,51
20222,1150060300,가양1동,LL,다이나믹,53,39,99,51
20222,1132066000,쌍문1동,LL,다이나믹,90,48,99,51
20222,1117056000,원효로1동,HH,정체,116,55,99,51
20222,1138069000,진관동,LL,다이나믹,64,45,99,51
20222,1141065500,홍제2동,HH,정체,99,57,99,51
20222,1138059000,응암2동,LL,다이나믹,74,47,99,51
20222,1123061000,답십리2동,HH,정체,119,56,99,51
20222,1132067000,쌍문2동,LL,다이나믹,97,48,99,51
20222,1129072500,월곡2동,LL,다이나믹,97,51,99,51
20222,1144061000,염리동,LL,다이나믹,86,49,99,51
20222,1159054000,상도2동,HH,정체,104,55,99,51
20222,1129077000,장위2동,HH,정체,118,55,99,51
20222,1130566000,인수동,LL,다이나믹,92,45,99,51
20222,1154562000,독산2동,LL,다이나믹,97,48,99,51
20222,1117055500,청파동,HH,정체,105,52,99,51
20222,1138058000,응암1동,LH,상권확장,97,51,99,51
20222,1150060400,가양2동,LH,상권확장,93,52,99,51
20222,1153051000,신도림동,LL,다이나믹,90,48,99,51
20222,1154567000,시흥1동,HH,정체,101,51,99,51
20222,1153073000,고척2동,HL,상권축소,103,49,99,51
20222,1141069000,남가좌1동,HH,정체,109,60,99,51
20222,1147055000,목5동,LL,다이나믹,93,50,99,51
20222,1147052000,목2동,LL,다이나믹,92,50,99,51
20222,1147054000,목4동,LL,다이나믹,96,44,99,51
20222,1165055000,반포본동,HH,정체,140,62,99,51
20222,1132068100,쌍문4동,LL,다이나믹,87,49,99,51
20222,1159066000,대방동,HH,정체,101,51,99,51
20223,1117066000,이태원2동,LL,다이나믹,76,46,101,51
20223,1117070000,보광동,HL,상권축소,101,51,101,51
20223,1117069000,서빙고동,LH,상권확장,100,59,101,51
20223,1141058500,신촌동,LL,다이나믹,100,50,101,51
20223,1144066000,서교동,LL,다이나믹,81,46,101,51
20223,1144059000,용강동,HL,상권축소,102,50,101,51
20223,1150051000,염창동,LH,상권확장,95,55,101,51
20223,1154551000,가산동,LL,다이나믹,83,47,101,51
20223,1114063500,약수동,LH,상권확장,96,55,101,51
20223,1162069500,신림동,LL,다이나믹,96,48,101,51
20223,1111063000,종로5?6가동,HH,정체,131,66,101,51
20223,1147065000,신정4동,LL,다이나믹,98,47,101,51
20223,1147051000,목1동,LL,다이나믹,91,49,101,51
20223,1130564500,우이동,LH,상권확장,94,52,101,51
20223,1129055500,삼선동,HH,정체,102,51,101,51
20223,1111070000,숭인1동,LH,상권확장,100,59,101,51
20223,1168059000,삼성2동,LL,다이나믹,95,46,101,51
20223,1123066000,장안2동,LL,다이나믹,99,48,101,51
20223,1147064000,신정3동,LH,상권확장,92,52,101,51
20223,1153054000,구로3동,LL,다이나믹,86,46,101,51
20223,1121581000,광장동,LH,상권확장,90,52,101,51
20223,1162062500,인헌동,LL,다이나믹,95,51,101,51
20223,1129052500,성북동,HH,정체,103,55,101,51
20223,1121583000,자양2동,LL,다이나믹,98,50,101,51
20223,1121573000,군자동,LL,다이나믹,90,49,101,51
20223,1135060000,공릉2동,LL,다이나믹,85,49,101,51
20223,1171056100,방이1동,LL,다이나믹,94,48,101,51
20223,1111054000,삼청동,LH,상권확장,96,54,101,51
20223,1126061000,중화2동,LL,다이나믹,101,49,101,51
20223,1120058000,응봉동,LL,다이나믹,90,50,101,51
20223,1174062000,천호3동,LL,다이나믹,97,49,101,51
20223,1165058000,반포3동,HH,정체,116,59,101,51
20223,1120054000,마장동,HH,정체,121,62,101,51
20223,1121575000,중곡2동,HL,상권축소,102,47,101,51
20223,1138062500,역촌동,LL,다이나믹,89,48,101,51
20223,1135056000,월계1동,LL,다이나믹,97,51,101,51
20223,1150060500,가양3동,LH,상권확장,91,54,101,51
20223,1129064000,정릉3동,LH,상권확장,98,56,101,51
20223,1168061000,대치2동,HH,정체,103,52,101,51
20223,1174064000,성내1동,HL,상권축소,102,49,101,51
20223,1135059500,공릉1동,LL,다이나믹,97,51,101,51
20223,1135061100,하계1동,LH,상권확장,94,51,101,51
20223,1141068500,홍은2동,LH,상권확장,97,53,101,51
20223,1156070000,대림1동,HL,상권축소,108,49,101,51
20223,1150061500,우장산동,LL,다이나믹,85,48,101,51
20223,1147063000,신정2동,LL,다이나믹,95,49,101,51
20223,1156067000,신길5동,LL,다이나믹,96,50,101,51
20223,1162072500,조원동,HL,상권축소,107,46,101,51
20223,1135063000,상계1동,LL,다이나믹,91,47,101,51
20223,1130562500,수유2동,LL,다이나믹,90,50,101,51
20223,1171053200,거여2동,LH,상권확장,96,52,101,51
20223,1174053000,명일1동,LL,다이나믹,100,49,101,51
20223,1135067000,상계5동,LL,다이나믹,94,47,101,51
20223,1132070000,방학2동,LL,다이나믹,97,47,101,51
20223,1159065100,사당5동,LL,다이나믹,91,49,101,51
20223,1120064500,옥수동,LL,다이나믹,81,49,101,51
20223,1168074000,일원2동,HL,상권축소,108,51,101,51
20223,1147061100,신월7동,HL,상권축소,105,45,101,51
20223,1171063100,가락1동,HH,정체,158,101,101,51
20223,1135070000,상계8동,LL,다이나믹,89,51,101,51
20223,1174069000,둔촌1동,HH,정체,150,62,101,51
20223,1117065000,이태원1동,HH,정체,122,61,101,51
20223,1117051000,후암동,LH,상권확장,96,55,101,51
20223,1114061500,신당동,LH,상권확장,100,62,101,51
20223,1138060000,응암3동,HL,상권축소,105,51,101,51
20223,1111064000,이화동,LH,상권확장,96,56,101,51
20223,1120067000,성수2가1동,LL,다이나믹,90,50,101,51
20223,1144056500,공덕동,HH,정체,111,54,101,51
20223,1159051000,노량진1동,HH,정체,119,60,101,51
20223,1154570000,시흥4동,HL,상권축소,103,44,101,51
20223,1132051400,창4동,LL,다이나믹,100,49,101,51
20223,1111065000,혜화동,HH,정체,106,52,101,51
20223,1162068500,신사동,LL,다이나믹,93,47,101,51
20223,1156055000,당산1동,HL,상권축소,102,51,101,51
20223,1135069500,상계6?7동,LL,다이나믹,98,48,101,51
20223,1153056000,구로5동,LL,다이나믹,93,48,101,51
20223,1130561500,수유1동,HL,상권축소,104,49,101,51
20223,1114064500,청구동,LL,다이나믹,94,48,101,51
20223,1138055100,갈현1동,LL,다이나믹,94,49,101,51
20223,1120069000,성수2가3동,LH,상권확장,84,52,101,51
20223,1126066000,망우3동,LL,다이나믹,95,45,101,51
20223,1165053000,서초3동,HH,정체,107,53,101,51
20223,1132051500,창5동,LL,다이나믹,96,49,101,51
20223,1111058000,교남동,HH,정체,118,57,101,51
20223,1111060000,가회동,HH,정체,101,57,101,51
20223,1114068000,중림동,HH,정체,110,57,101,51
20223,1171071000,잠실6동,LL,다이나믹,92,50,101,51
20223,1120079000,용답동,HH,정체,129,57,101,51
20223,1153059500,가리봉동,HL,상권축소,107,47,101,51
20223,1121587000,구의3동,HH,정체,115,56,101,51
20223,1174052000,상일동,LL,다이나믹,75,49,101,51
20223,1162059500,청룡동,LL,다이나믹,94,48,101,51
20223,1168058000,삼성1동,LH,상권확장,97,54,101,51
20223,1171059000,송파2동,LL,다이나믹,99,45,101,51
20223,1141061500,연희동,LH,상권확장,95,52,101,51
20223,1171064100,문정1동,LL,다이나믹,96,49,101,51
20223,1123060000,답십리1동,LH,상권확장,93,52,101,51
20223,1129059000,돈암2동,LL,다이나믹,80,47,101,51
20223,1174060000,천호1동,LL,다이나믹,91,47,101,51
20223,1162061500,중앙동,LL,다이나믹,99,48,101,51
20223,1171057000,오금동,HL,상권축소,101,51,101,51
20223,1129062000,정릉1동,LL,다이나믹,99,51,101,51
20223,1168073000,일원1동,HL,상권축소,113,50,101,51
20223,1154568000,시흥2동,LL,다이나믹,79,49,101,51
20223,1135061200,하계2동,LH,상권확장,88,52,101,51
20223,1123071000,회기동,LL,다이나믹,92,48,101,51
20223,1129065000,정릉4동,LH,상권확장,93,55,101,51
20223,1156071000,대림2동,LL,다이나믹,88,44,101,51
20223,1129071500,월곡1동,LL,다이나믹,97,49,101,51
20223,1162054500,청림동,LL,다이나믹,81,49,101,51
20223,1174058000,암사2동,LL,다이나믹,98,49,101,51
20223,1147068000,신정7동,LL,다이나믹,93,51,101,51
20223,1150056000,화곡3동,LL,다이나믹,90,47,101,51
20223,1162060500,은천동,LL,다이나믹,93,48,101,51
20223,1120057000,행당2동,LL,다이나믹,81,50,101,51
20223,1117062500,한강로동,HH,정체,121,57,101,51
20223,1114059000,광희동,HH,정체,143,57,101,51
20223,1168065000,역삼2동,LL,다이나믹,89,46,101,51
20223,1141064000,홍제3동,HH,정체,107,57,101,51
20223,1117064000,이촌2동,HH,정체,106,65,101,51
20223,1144065500,서강동,LL,다이나믹,80,44,101,51
20223,1135064000,상계2동,LL,다이나믹,92,46,101,51
20223,1174068500,길동,LL,다이나믹,98,47,101,51
20223,1171065000,잠실본동,LL,다이나믹,99,48,101,51
20223,1130560300,번2동,LL,다이나믹,95,50,101,51
20223,1129068500,길음2동,LL,다이나믹,90,50,101,51
20223,1165059000,방배본동,HL,상권축소,112,50,101,51
20223,1165062100,방배4동,HH,정체,115,54,101,51
20223,1171060000,석촌동,LL,다이나믹,92,47,101,51
20223,1159053000,상도1동,LH,상권확장,96,54,101,51
20223,1156072000,대림3동,HL,상권축소,106,45,101,51
20223,1165062000,방배3동,HH,정체,122,53,101,51
20223,1168064000,역삼1동,LL,다이나믹,92,46,101,51
20223,1130563500,수유3동,LL,다이나믹,96,46,101,51
20223,1144063000,신수동,LH,상권확장,89,51,101,51
20223,1126052000,면목2동,LL,다이나믹,99,47,101,51
20223,1144055500,아현동,LH,상권확장,99,53,101,51
20223,1168069000,개포4동,HL,상권축소,112,50,101,51
20223,1144073000,성산2동,LH,상권확장,94,55,101,51
20223,1132071000,방학3동,LL,다이나믹,90,51,101,51
20223,1147056000,신월1동,HL,상권축소,101,46,101,51
20223,1171063200,가락2동,HL,상권축소,101,49,101,51
20223,1162052500,보라매동,LL,다이나믹,90,50,101,51
20223,1138053000,불광2동,LH,상권확장,101,51,101,51
20223,1168070000,세곡동,LL,다이나믹,67,43,101,51
20223,1114052000,소공동,HH,정체,141,68,101,51
20223,1129060000,안암동,LH,상권확장,96,52,101,51
20223,1132069000,방학1동,LL,다이나믹,92,47,101,51
20223,1126058000,상봉1동,LL,다이나믹,88,47,101,51
20223,1153072000,고척1동,HH,정체,106,52,101,51
20223,1135062100,중계1동,LL,다이나믹,91,49,101,51
20223,1141066000,홍은1동,HH,정체,101,55,101,51
20223,1138065000,수색동,HH,정체,125,61,101,51
20223,1130560800,번3동,HL,상권축소,101,46,101,51
20223,1120061500,금호2?3가동,HH,정체,101,55,101,51
20223,1162058500,낙성대동,LL,다이나믹,84,50,101,51
20223,1174051500,강일동,LL,다이나믹,59,43,101,51
20223,1123056000,전농1동,HH,정체,101,52,101,51
20223,1130553500,미아동,LL,다이나믹,91,47,101,51
20223,1138052000,불광1동,LH,상권확장,98,53,101,51
20223,1111067000,창신1동,HH,정체,116,65,101,51
20223,1120065000,성수1가1동,LH,상권확장,87,53,101,51
20223,1120053500,왕십리도선동,LL,다이나믹,82,50,101,51
20223,1168066000,개포1동,HH,정체,107,63,101,51
20223,1171072000,잠실7동,HH,정체,124,64,101,51
20223,1132051200,창2동,LL,다이나믹,96,48,101,51
20223,1117063000,이촌1동,HH,정체,127,61,101,51
20223,1117058000,효창동,LH,상권확장,97,59,101,51
20223,1138051000,녹번동,LL,다이나믹,86,50,101,51
20223,1117052000,용산2가동,LL,다이나믹,79,45,101,51
20223,1126057500,면목3?8동,LL,다이나믹,95,48,101,51
20223,1153074000,개봉1동,LH,상권확장,99,52,101,51
20223,1174065000,성내2동,LL,다이나믹,98,45,101,51
20223,1126057000,면목7동,HL,상권축소,103,48,101,51
20223,1129057500,동선동,LL,다이나믹,98,49,101,51
20223,1132052100,도봉1동,HL,상권축소,106,50,101,51
20223,1171056600,오륜동,HH,정체,129,64,101,51
20223,1121582000,자양1동,LL,다이나믹,97,50,101,51
20223,1154561000,독산1동,LH,상권확장,91,52,101,51
20223,1156053500,영등포동,HH,정체,122,57,101,51
20223,1129081000,석관동,HH,정체,108,52,101,51
20223,1114057000,필동,HH,정체,133,57,101,51
20223,1159052000,노량진2동,HH,정체,122,60,101,51
20223,1132051100,창1동,LL,다이나믹,92,49,101,51
20223,1141071000,북가좌1동,LL,다이나믹,87,45,101,51
20223,1120072000,송정동,HL,상권축소,102,50,101,51
20223,1147062000,신정1동,HL,상권축소,105,47,101,51
20223,1162066500,서림동,LL,다이나믹,93,51,101,51
20223,1121577000,중곡4동,HH,정체,103,51,101,51
20223,1154563000,독산3동,HL,상권축소,110,48,101,51
20223,1156062000,양평2동,HL,상권축소,104,51,101,51
20223,1121584000,자양3동,LL,다이나믹,91,51,101,51
20223,1129070500,종암동,LH,상권확장,99,53,101,51
20223,1171062000,가락본동,LL,다이나믹,98,46,101,51
20223,1150055000,화곡2동,LL,다이나믹,93,48,101,51
20223,1121578000,능동,LH,상권확장,92,52,101,51
20223,1123070500,청량리동,HH,정체,158,57,101,51
20223,1138056000,구산동,LL,다이나믹,89,50,101,51
20223,1174056000,고덕2동,LL,다이나믹,66,50,101,51
20223,1141072000,북가좌2동,LL,다이나믹,95,48,101,51
20223,1171064200,문정2동,LL,다이나믹,72,39,101,51
20223,1114067000,황학동,HH,정체,115,64,101,51
20223,1147061000,신월6동,LH,상권확장,80,55,101,51
20223,1147053000,목3동,LL,다이나믹,100,50,101,51
20223,1150053000,등촌2동,LL,다이나믹,100,48,101,51
20223,1174057000,암사1동,LL,다이나믹,95,47,101,51
20223,1156058500,도림동,LL,다이나믹,96,50,101,51
20223,1174059000,암사3동,LH,상권확장,77,52,101,51
20223,1153079000,수궁동,LH,상권확장,96,52,101,51
20223,1150064000,방화2동,LH,상권확장,95,53,101,51
20223,1150057000,화곡4동,LL,다이나믹,96,47,101,51
20223,1162073500,대학동,LL,다이나믹,98,46,101,51
20223,1120066000,성수1가2동,LL,다이나믹,76,50,101,51
20223,1159065000,사당4동,HL,상권축소,103,50,101,51
20223,1129076000,장위1동,LH,상권확장,95,52,101,51
20223,1126055000,면목5동,LL,다이나믹,85,47,101,51
20223,1171055000,마천2동,HH,정체,109,52,101,51
20223,1171054000,마천1동,HL,상권축소,107,46,101,51
20223,1135058000,월계3동,LH,상권확장,87,52,101,51
20223,1130553400,삼양동,HL,상권축소,103,49,101,51
20223,1165057000,반포2동,HH,정체,110,63,101,51
20223,1120055000,사근동,LH,상권확장,92,51,101,51
20223,1117068500,한남동,LH,상권확장,92,51,101,51
20223,1168054500,압구정동,LL,다이나믹,100,47,101,51
20223,1111055000,부암동,LH,상권확장,95,56,101,51
20223,1117053000,남영동,HH,정체,106,56,101,51
20223,1156063000,신길1동,HH,정체,116,52,101,51
20223,1144070000,망원2동,LL,다이나믹,91,47,101,51
20223,1144074000,상암동,LL,다이나믹,72,42,101,51
20223,1168051000,신사동,LL,다이나믹,95,48,101,51
20223,1159060500,흑석동,HH,정체,101,56,101,51
20223,1174070000,둔촌2동,HL,상권축소,101,49,101,51
20223,1126062000,묵1동,LL,다이나믹,90,49,101,51
20223,1126059000,상봉2동,LL,다이나믹,93,50,101,51
20223,1156051500,영등포본동,LH,상권확장,94,53,101,51
20223,1129061000,보문동,LH,상권확장,97,51,101,51
20223,1162065500,신원동,LL,다이나믹,97,46,101,51
20223,1132068000,쌍문3동,LL,다이나믹,98,49,101,51
20223,1150052000,등촌1동,LH,상권확장,86,51,101,51
20223,1153055000,구로4동,HL,상권축소,103,47,101,51
20223,1141055500,북아현동,HH,정체,118,56,101,51
20223,1168063000,대치4동,LL,다이나믹,86,46,101,51
20223,1156061000,양평1동,LH,상권확장,87,52,101,51
20223,1165060000,방배1동,HH,정체,102,51,101,51
20223,1123073000,휘경2동,LL,다이나믹,81,49,101,51
20223,1150059000,화곡본동,LL,다이나믹,98,50,101,51
20223,1168053100,논현2동,LL,다이나믹,90,47,101,51
20223,1171069000,잠실4동,LL,다이나믹,93,48,101,51
20223,1165065100,양재1동,LH,상권확장,100,51,101,51
20223,1138055200,갈현2동,LL,다이나믹,89,49,101,51
20223,1132051300,창3동,LH,상권확장,97,51,101,51
20223,1165056000,반포1동,LL,다이나믹,91,45,101,51
20223,1120062000,금호4가동,LH,상권확장,97,55,101,51
20223,1159056000,상도4동,LL,다이나믹,91,51,101,51
20223,1162063000,남현동,LH,상권확장,96,53,101,51
20223,1171064600,장지동,LL,다이나믹,88,48,101,51
20223,1138064000,증산동,HH,정체,109,53,101,51
20223,1162057500,행운동,HH,정체,103,51,101,51
20223,1130557500,삼각산동,LL,다이나믹,84,47,101,51
20223,1130559500,번1동,LL,다이나믹,94,45,101,51
20223,1135062400,중계4동,LL,다이나믹,94,46,101,51
20223,1162064500,서원동,LH,상권확장,96,54,101,51
20223,1126069000,신내2동,LL,다이나믹,97,50,101,51
20223,1126063000,묵2동,LL,다이나믹,95,49,101,51
20223,1168072000,일원본동,LH,상권확장,98,53,101,51
20223,1171061000,삼전동,LL,다이나믹,92,46,101,51
20223,1150059300,화곡8동,LL,다이나믹,90,48,101,51
20223,1129063000,정릉2동,LH,상권확장,99,53,101,51
20223,1132052200,도봉2동,LL,다이나믹,97,47,101,51
20223,1168067000,개포2동,LH,상권확장,94,52,101,51
20223,1153080000,항동,LL,다이나믹,38,42,101,51
20223,1162056500,성현동,LL,다이나믹,86,47,101,51
20223,1129058000,돈암1동,LH,상권확장,83,52,101,51
20223,1165058100,반포4동,HH,정체,138,62,101,51
20223,1117057000,원효로2동,HH,정체,129,53,101,51
20223,1121571000,화양동,LL,다이나믹,86,49,101,51
20223,1168052100,논현1동,LL,다이나믹,95,46,101,51
20223,1117059000,용문동,HH,정체,108,51,101,51
20223,1130555500,송천동,HL,상권축소,104,49,101,51
20223,1126065500,망우본동,LL,다이나믹,100,49,101,51
20223,1165066000,내곡동,HH,정체,107,64,101,51
20223,1156056000,당산2동,LL,다이나믹,96,51,101,51
20223,1123074000,이문1동,HH,정체,107,54,101,51
20223,1130554500,송중동,LL,다이나믹,90,48,101,51
20223,1114054000,회현동,HH,정체,152,69,101,51
20223,1171051000,풍납1동,HH,정체,119,52,101,51
20223,1135062500,중계2?3동,LH,상권확장,91,52,101,51
20223,1121586000,구의2동,LH,상권확장,90,54,101,51
20223,1144072000,성산1동,LL,다이나믹,95,49,101,51
20223,1150063000,방화1동,LL,다이나믹,89,47,101,51
20223,1165051000,서초1동,HH,정체,114,54,101,51
20223,1138063100,신사1동,LL,다이나믹,97,49,101,51
20223,1165053100,서초4동,HH,정체,112,51,101,51
20223,1171053100,거여1동,LL,다이나믹,97,47,101,51
20223,1153077000,오류1동,LH,상권확장,95,53,101,51
20223,1150061100,발산1동,LL,다이나믹,71,50,101,51
20223,1147060000,신월5동,LL,다이나믹,97,51,101,51
20223,1147067000,신정6동,LL,다이나믹,87,47,101,51
20223,1150064100,방화3동,HL,상권축소,102,50,101,51
20223,1150059100,화곡6동,LL,다이나믹,87,45,101,51
20223,1159068000,신대방2동,LH,상권확장,100,52,101,51
20223,1168065600,도곡2동,HL,상권축소,105,51,101,51
20223,1114065000,신당5동,LH,상권확장,93,51,101,51
20223,1147059000,신월4동,HL,상권축소,102,49,101,51
20223,1171068000,잠실3동,HH,정체,112,64,101,51
20223,1121584700,자양4동,HL,상권축소,101,49,101,51
20223,1150053500,등촌3동,LL,다이나믹,86,49,101,51
20223,1141052000,천연동,HH,정체,109,55,101,51
20223,1135057000,월계2동,LL,다이나믹,85,51,101,51
20223,1156068000,신길6동,LL,다이나믹,99,50,101,51
20223,1120056000,행당1동,LH,상권확장,99,53,101,51
20223,1162071500,난향동,LL,다이나믹,76,48,101,51
20223,1165052000,서초2동,LL,다이나믹,90,47,101,51
20223,1111068000,창신2동,HH,정체,109,57,101,51
20223,1162077500,난곡동,HH,정체,101,53,101,51
20223,1154571000,시흥5동,HH,정체,105,51,101,51
20223,1121576000,중곡3동,LL,다이나믹,94,48,101,51
20223,1135071000,상계9동,LL,다이나믹,99,50,101,51
20223,1111057000,무악동,LH,상권확장,100,64,101,51
20223,1135072000,상계10동,LL,다이나믹,78,46,101,51
20223,1144071000,연남동,LL,다이나믹,60,42,101,51
20223,1111071000,숭인2동,HL,상권축소,113,47,101,51
20223,1150062000,공항동,LL,다이나믹,91,49,101,51
20223,1159067000,신대방1동,HL,상권축소,111,48,101,51
20223,1123057000,전농2동,HL,상권축소,103,50,101,51
20223,1150054000,화곡1동,LL,다이나믹,94,48,101,51
20223,1165054000,잠원동,LL,다이나믹,99,50,101,51
20223,1138057000,대조동,LL,다이나믹,99,50,101,51
20223,1129066000,길음1동,LH,상권확장,100,57,101,51
20223,1126056500,면목본동,LL,다이나믹,97,46,101,51
20223,1171058000,송파1동,LL,다이나믹,95,48,101,51
20223,1153075000,개봉2동,LH,상권확장,98,54,101,51
20223,1138063200,신사2동,LL,다이나믹,89,50,101,51
20223,1114062500,다산동,LH,상권확장,98,54,101,51
20223,1162076500,미성동,HL,상권축소,108,51,101,51
20223,1144060000,대흥동,LH,상권확장,99,53,101,51
20223,1153052000,구로1동,HH,정체,107,52,101,51
20223,1135066500,상계3?4동,LL,다이나믹,100,51,101,51
20223,1144068000,합정동,LL,다이나믹,77,47,101,51
20223,1123053600,용신동,HH,정체,108,52,101,51
20223,1156065000,신길3동,HH,정체,116,56,101,51
20223,1129078000,장위3동,LH,상권확장,96,58,101,51
20223,1168075000,수서동,HH,정체,106,55,101,51
20223,1144069000,망원1동,LL,다이나믹,74,47,101,51
20223,1171064700,위례동,LL,다이나믹,44,27,101,51
20223,1174054000,명일2동,LH,상권확장,100,54,101,51
20223,1153076000,개봉3동,HL,상권축소,113,50,101,51
20223,1141056500,충현동,HH,정체,115,55,101,51
20223,1171067000,잠실2동,LL,다이나믹,83,42,101,51
20223,1114058000,장충동,HH,정체,128,59,101,51
20223,1156060500,문래동,LH,상권확장,94,52,101,51
20223,1174061000,천호2동,LL,다이나믹,101,51,101,51
20223,1159063000,사당2동,HL,상권축소,105,50,101,51
20223,1147058000,신월3동,HL,상권축소,113,49,101,51
20223,1168065500,도곡1동,HH,정체,102,51,101,51
20223,1156066000,신길4동,HL,상권축소,102,51,101,51
20223,1154569000,시흥3동,HH,정체,137,60,101,51
20223,1168060000,대치1동,HH,정체,108,52,101,51
20223,1123072000,휘경1동,LH,상권확장,101,52,101,51
20223,1159064000,사당3동,LL,다이나믹,95,51,101,51
20223,1135061900,중계본동,LL,다이나믹,90,47,101,51
20223,1156069000,신길7동,LL,다이나믹,92,50,101,51
20223,1153053000,구로2동,HH,정체,133,55,101,51
20223,1114066500,동화동,LH,상권확장,95,52,101,51
20223,1120052000,왕십리2동,LL,다이나믹,87,51,101,51
20223,1120059000,금호1가동,LH,상권확장,88,52,101,51
20223,1111069000,창신3동,LL,다이나믹,90,51,101,51
20223,1162074500,삼성동,HH,정체,109,55,101,51
20223,1123075000,이문2동,LL,다이나믹,95,51,101,51
20223,1154564000,독산4동,HL,상권축소,105,47,101,51
20223,1126060000,중화1동,LL,다이나믹,100,50,101,51
20223,1117055500,청파동,HH,정체,107,52,101,51
20223,1117056000,원효로1동,HH,정체,117,56,101,51
20223,1165061000,방배2동,LH,상권확장,96,53,101,51
20223,1114055000,명동,HH,정체,150,58,101,51
20223,1138058000,응암1동,LH,상권확장,99,51,101,51
20223,1156054000,여의동,HH,정체,115,52,101,51
20223,1147057000,신월2동,LH,상권확장,99,52,101,51
20223,1123054500,제기동,HH,정체,122,60,101,51
20223,1165065200,양재2동,HL,상권축소,126,50,101,51
20223,1150060300,가양1동,LL,다이나믹,54,39,101,51
20223,1141070000,남가좌2동,LL,다이나믹,92,49,101,51
20223,1114060500,을지로동,HH,정체,158,69,101,51
20223,1123065000,장안1동,HL,상권축소,104,49,101,51
20223,1111061500,종로1?2?3?4가동,HH,정체,144,66,101,51
20223,1147055000,목5동,LL,다이나믹,94,50,101,51
20223,1111053000,사직동,HH,정체,119,58,101,51
20223,1132066000,쌍문1동,LL,다이나믹,93,48,101,51
20223,1111056000,평창동,HH,정체,108,58,101,51
20223,1147054000,목4동,LL,다이나믹,98,44,101,51
20223,1144058500,도화동,HH,정체,102,52,101,51
20223,1171056200,방이2동,LL,다이나믹,92,49,101,51
20223,1141062000,홍제1동,HH,정체,110,53,101,51
20223,1153078000,오류2동,LL,다이나믹,84,47,101,51
20223,1132067000,쌍문2동,LL,다이나믹,98,49,101,51
20223,1126054000,면목4동,LL,다이나믹,93,47,101,51
20223,1111051500,청운효자동,LH,상권확장,92,55,101,51
20223,1121585000,구의1동,HL,상권축소,103,49,101,51
20223,1153073000,고척2동,HL,상권축소,105,49,101,51
20223,1144061000,염리동,LL,다이나믹,87,50,101,51
20223,1153051000,신도림동,LL,다이나믹,92,49,101,51
20223,1138069000,진관동,LL,다이나믹,66,45,101,51
20223,1141069000,남가좌1동,HH,정체,111,60,101,51
20223,1159062000,사당1동,LL,다이나믹,95,49,101,51
20223,1165055000,반포본동,HH,정체,143,62,101,51
20223,1141065500,홍제2동,LH,상권확장,101,57,101,51
20223,1126068000,신내1동,LL,다이나믹,86,48,101,51
20223,1168056500,청담동,LL,다이나믹,96,50,101,51
20223,1150060400,가양2동,LH,상권확장,96,52,101,51
20223,1121574000,중곡1동,LL,다이나믹,98,50,101,51
20223,1147052000,목2동,LL,다이나믹,95,50,101,51
20223,1138059000,응암2동,LL,다이나믹,75,47,101,51
20223,1123061000,답십리2동,HH,정체,122,57,101,51
20223,1159054000,상도2동,HH,정체,106,55,101,51
20223,1174066000,성내3동,HL,상권축소,105,46,101,51
20223,1154567000,시흥1동,HH,정체,103,51,101,51
20223,1154562000,독산2동,LL,다이나믹,98,48,101,51
20223,1174055000,고덕1동,LL,다이나믹,74,50,101,51
20223,1129072500,월곡2동,LL,다이나믹,99,51,101,51
20223,1130566000,인수동,LL,다이나믹,94,45,101,51
20223,1159055000,상도3동,LL,다이나믹,95,47,101,51
20223,1129077000,장위2동,HH,정체,120,55,101,51
20223,1171052000,풍납2동,HH,정체,117,53,101,51
20223,1159066000,대방동,HH,정체,103,52,101,51
20223,1132068100,쌍문4동,LL,다이나믹,88,49,101,51
20224,1165058000,반포3동,HH,정체,119,59,103,51
20224,1162069500,신림동,LL,다이나믹,98,48,103,51
20224,1144059000,용강동,HL,상권축소,105,50,103,51
20224,1168059000,삼성2동,LL,다이나믹,97,47,103,51
20224,1123066000,장안2동,LL,다이나믹,101,48,103,51
20224,1154551000,가산동,LL,다이나믹,85,48,103,51
20224,1135063000,상계1동,LL,다이나믹,93,48,103,51
20224,1120064500,옥수동,LL,다이나믹,84,49,103,51
20224,1147065000,신정4동,LL,다이나믹,100,47,103,51
20224,1168061000,대치2동,HH,정체,106,52,103,51
20224,1121573000,군자동,LL,다이나믹,91,49,103,51
20224,1174053000,명일1동,LL,다이나믹,102,49,103,51
20224,1121583000,자양2동,LL,다이나믹,100,50,103,51
20224,1138062500,역촌동,LL,다이나믹,92,48,103,51
20224,1144066000,서교동,LL,다이나믹,83,46,103,51
20224,1147063000,신정2동,LL,다이나믹,96,50,103,51
20224,1141068500,홍은2동,LH,상권확장,99,53,103,51
20224,1141058500,신촌동,HL,상권축소,103,50,103,51
20224,1153054000,구로3동,LL,다이나믹,89,46,103,51
20224,1168074000,일원2동,HL,상권축소,109,51,103,51
20224,1117070000,보광동,HL,상권축소,104,51,103,51
20224,1171053200,거여2동,LH,상권확장,96,52,103,51
20224,1156070000,대림1동,HL,상권축소,111,49,103,51
20224,1130564500,우이동,LH,상권확장,97,52,103,51
20224,1111063000,종로5?6가동,HH,정체,133,66,103,51
20224,1147061100,신월7동,HL,상권축소,108,45,103,51
20224,1162072500,조원동,HL,상권축소,109,46,103,51
20224,1150061500,우장산동,LL,다이나믹,87,48,103,51
20224,1147064000,신정3동,LH,상권확장,95,52,103,51
20224,1174062000,천호3동,LL,다이나믹,99,49,103,51
20224,1162062500,인헌동,LH,상권확장,96,51,103,51
20224,1135059500,공릉1동,LL,다이나믹,99,51,103,51
20224,1150051000,염창동,LH,상권확장,97,55,103,51
20224,1171056100,방이1동,LL,다이나믹,95,49,103,51
20224,1135061100,하계1동,LL,다이나믹,97,51,103,51
20224,1135067000,상계5동,LL,다이나믹,95,47,103,51
20224,1126061000,중화2동,LL,다이나믹,102,49,103,51
20224,1130562500,수유2동,LL,다이나믹,91,51,103,51
20224,1121581000,광장동,LH,상권확장,92,52,103,51
20224,1121575000,중곡2동,HL,상권축소,104,47,103,51
20224,1120054000,마장동,HH,정체,123,63,103,51
20224,1117066000,이태원2동,LL,다이나믹,77,46,103,51
20224,1159065100,사당5동,LL,다이나믹,91,50,103,51
20224,1174064000,성내1동,HL,상권축소,104,49,103,51
20224,1147051000,목1동,LL,다이나믹,92,49,103,51
20224,1135060000,공릉2동,LL,다이나믹,86,49,103,51
20224,1132070000,방학2동,LL,다이나믹,98,47,103,51
20224,1114063500,약수동,LH,상권확장,97,55,103,51
20224,1111070000,숭인1동,HH,정체,103,59,103,51
20224,1135056000,월계1동,LL,다이나믹,99,51,103,51
20224,1150060500,가양3동,LH,상권확장,93,56,103,51
20224,1111054000,삼청동,LH,상권확장,96,55,103,51
20224,1117069000,서빙고동,LH,상권확장,101,60,103,51
20224,1156067000,신길5동,LL,다이나믹,97,51,103,51
20224,1129052500,성북동,HH,정체,104,56,103,51
20224,1129055500,삼선동,HL,상권축소,105,51,103,51
20224,1120058000,응봉동,LL,다이나믹,94,50,103,51
20224,1129064000,정릉3동,LH,상권확장,100,56,103,51
20224,1135070000,상계8동,LL,다이나믹,91,50,103,51
20224,1171063100,가락1동,HH,정체,161,102,103,51
20224,1174069000,둔촌1동,HH,정체,157,62,103,51
20224,1111064000,이화동,LH,상권확장,97,56,103,51
20224,1162054500,청림동,LL,다이나믹,83,50,103,51
20224,1114061500,신당동,HH,정체,103,62,103,51
20224,1171064100,문정1동,LL,다이나믹,98,49,103,51
20224,1120069000,성수2가3동,LH,상권확장,86,53,103,51
20224,1111065000,혜화동,HH,정체,108,52,103,51
20224,1162059500,청룡동,LL,다이나믹,95,48,103,51
20224,1174058000,암사2동,LL,다이나믹,101,49,103,51
20224,1114064500,청구동,LL,다이나믹,97,48,103,51
20224,1126066000,망우3동,LL,다이나믹,98,46,103,51
20224,1132051500,창5동,LL,다이나믹,97,49,103,51
20224,1123060000,답십리1동,LH,상권확장,95,52,103,51
20224,1159051000,노량진1동,HH,정체,121,61,103,51
20224,1117065000,이태원1동,HH,정체,122,61,103,51
20224,1153056000,구로5동,LL,다이나믹,96,49,103,51
20224,1171059000,송파2동,LL,다이나믹,100,45,103,51
20224,1129071500,월곡1동,LL,다이나믹,99,49,103,51
20224,1165053000,서초3동,HH,정체,109,53,103,51
20224,1162068500,신사동,LL,다이나믹,95,47,103,51
20224,1168073000,일원1동,HL,상권축소,116,51,103,51
20224,1130561500,수유1동,HL,상권축소,106,50,103,51
20224,1156071000,대림2동,LL,다이나믹,89,45,103,51
20224,1154568000,시흥2동,LL,다이나믹,82,49,103,51
20224,1138055100,갈현1동,LL,다이나믹,95,49,103,51
20224,1120079000,용답동,HH,정체,132,57,103,51
20224,1171071000,잠실6동,LL,다이나믹,94,50,103,51
20224,1121587000,구의3동,HH,정체,117,57,103,51
20224,1138060000,응암3동,HL,상권축소,108,51,103,51
20224,1156055000,당산1동,HL,상권축소,104,51,103,51
20224,1141061500,연희동,LH,상권확장,97,52,103,51
20224,1144056500,공덕동,HH,정체,113,54,103,51
20224,1174052000,상일동,LL,다이나믹,78,49,103,51
20224,1168058000,삼성1동,LH,상권확장,100,54,103,51
20224,1153059500,가리봉동,HL,상권축소,109,47,103,51
20224,1120067000,성수2가1동,LL,다이나믹,93,49,103,51
20224,1162061500,중앙동,LL,다이나믹,100,48,103,51
20224,1162060500,은천동,LL,다이나믹,95,48,103,51
20224,1111058000,교남동,HH,정체,120,57,103,51
20224,1129065000,정릉4동,LH,상권확장,95,55,103,51
20224,1171057000,오금동,HL,상권축소,103,51,103,51
20224,1132051400,창4동,LL,다이나믹,102,49,103,51
20224,1135069500,상계6?7동,LL,다이나믹,99,48,103,51
20224,1123071000,회기동,LL,다이나믹,95,48,103,51
20224,1111060000,가회동,LH,상권확장,102,58,103,51
20224,1114068000,중림동,HH,정체,112,57,103,51
20224,1154570000,시흥4동,HL,상권축소,105,45,103,51
20224,1174060000,천호1동,LL,다이나믹,93,47,103,51
20224,1147068000,신정7동,LL,다이나믹,95,51,103,51
20224,1117051000,후암동,LH,상권확장,99,55,103,51
20224,1129059000,돈암2동,LL,다이나믹,82,48,103,51
20224,1129062000,정릉1동,LH,상권확장,99,51,103,51
20224,1150056000,화곡3동,LL,다이나믹,91,48,103,51
20224,1135061200,하계2동,LH,상권확장,89,53,103,51
20224,1120057000,행당2동,LL,다이나믹,85,50,103,51
20224,1114059000,광희동,HH,정체,145,57,103,51
20224,1165059000,방배본동,HL,상권축소,114,50,103,51
20224,1168065000,역삼2동,LL,다이나믹,92,46,103,51
20224,1138052000,불광1동,LH,상권확장,99,54,103,51
20224,1168064000,역삼1동,LL,다이나믹,95,46,103,51
20224,1168070000,세곡동,LL,다이나믹,69,43,103,51
20224,1168069000,개포4동,HL,상권축소,114,50,103,51
20224,1171060000,석촌동,LL,다이나믹,94,47,103,51
20224,1132069000,방학1동,LL,다이나믹,94,48,103,51
20224,1171065000,잠실본동,LL,다이나믹,101,48,103,51
20224,1126052000,면목2동,HL,상권축소,103,47,103,51
20224,1174068500,길동,LL,다이나믹,100,47,103,51
20224,1129068500,길음2동,LL,다이나믹,92,50,103,51
20224,1111067000,창신1동,HH,정체,119,65,103,51
20224,1144065500,서강동,LL,다이나믹,81,45,103,51
20224,1135064000,상계2동,LL,다이나믹,94,47,103,51
20224,1144063000,신수동,LL,다이나믹,91,51,103,51
20224,1165062000,방배3동,HH,정체,124,54,103,51
20224,1165062100,방배4동,HH,정체,116,54,103,51
20224,1171063200,가락2동,HL,상권축소,103,50,103,51
20224,1126058000,상봉1동,LL,다이나믹,89,47,103,51
20224,1117062500,한강로동,HH,정체,123,57,103,51
20224,1141066000,홍은1동,HH,정체,103,55,103,51
20224,1156072000,대림3동,HL,상권축소,108,45,103,51
20224,1153072000,고척1동,HH,정체,108,52,103,51
20224,1120053500,왕십리도선동,LL,다이나믹,84,50,103,51
20224,1147056000,신월1동,LL,다이나믹,102,46,103,51
20224,1141064000,홍제3동,HH,정체,107,58,103,51
20224,1130553500,미아동,LL,다이나믹,94,48,103,51
20224,1144073000,성산2동,LH,상권확장,96,56,103,51
20224,1144055500,아현동,LH,상권확장,101,54,103,51
20224,1130560800,번3동,LL,다이나믹,103,46,103,51
20224,1132051200,창2동,LL,다이나믹,100,48,103,51
20224,1138065000,수색동,HH,정체,128,61,103,51
20224,1130563500,수유3동,LL,다이나믹,97,46,103,51
20224,1138053000,불광2동,HL,상권축소,104,51,103,51
20224,1135062100,중계1동,LL,다이나믹,94,49,103,51
20224,1120065000,성수1가1동,LH,상권확장,88,54,103,51
20224,1174051500,강일동,LL,다이나믹,61,44,103,51
20224,1123056000,전농1동,LH,상권확장,102,52,103,51
20224,1162058500,낙성대동,LL,다이나믹,85,50,103,51
20224,1117064000,이촌2동,HH,정체,109,65,103,51
20224,1114052000,소공동,HH,정체,142,69,103,51
20224,1132071000,방학3동,LH,상권확장,91,52,103,51
20224,1130560300,번2동,LL,다이나믹,97,51,103,51
20224,1159053000,상도1동,LH,상권확장,98,54,103,51
20224,1129060000,안암동,LH,상권확장,98,52,103,51
20224,1120061500,금호2?3가동,HH,정체,104,55,103,51
20224,1162052500,보라매동,LL,다이나믹,92,50,103,51
20224,1168066000,개포1동,HH,정체,109,63,103,51
20224,1171072000,잠실7동,HH,정체,124,64,103,51
20224,1121577000,중곡4동,HL,상권축소,106,51,103,51
20224,1174065000,성내2동,LL,다이나믹,101,45,103,51
20224,1117063000,이촌1동,HH,정체,129,61,103,51
20224,1126057500,면목3?8동,LL,다이나믹,96,48,103,51
20224,1171056600,오륜동,HH,정체,129,64,103,51
20224,1162073500,대학동,LL,다이나믹,99,47,103,51
20224,1150053000,등촌2동,LL,다이나믹,103,48,103,51
20224,1156053500,영등포동,HH,정체,123,58,103,51
20224,1150055000,화곡2동,LL,다이나믹,95,48,103,51
20224,1147062000,신정1동,HL,상권축소,108,47,103,51
20224,1154561000,독산1동,LH,상권확장,93,52,103,51
20224,1156062000,양평2동,HH,정체,106,51,103,51
20224,1171054000,마천1동,HL,상권축소,110,46,103,51
20224,1123070500,청량리동,HH,정체,160,57,103,51
20224,1150057000,화곡4동,LL,다이나믹,99,48,103,51
20224,1130553400,삼양동,HL,상권축소,105,49,103,51
20224,1174059000,암사3동,LH,상권확장,79,53,103,51
20224,1114067000,황학동,HH,정체,117,65,103,51
20224,1150064000,방화2동,LH,상권확장,98,54,103,51
20224,1171064200,문정2동,LL,다이나믹,74,40,103,51
20224,1171062000,가락본동,LL,다이나믹,101,46,103,51
20224,1147053000,목3동,LL,다이나믹,101,51,103,51
20224,1141072000,북가좌2동,LL,다이나믹,96,48,103,51
20224,1153079000,수궁동,LH,상권확장,99,52,103,51
20224,1174056000,고덕2동,LL,다이나믹,68,49,103,51
20224,1114057000,필동,HH,정체,134,58,103,51
20224,1126057000,면목7동,HL,상권축소,106,48,103,51
20224,1138051000,녹번동,LL,다이나믹,88,51,103,51
20224,1121578000,능동,LH,상권확장,94,52,103,51
20224,1153074000,개봉1동,LH,상권확장,102,52,103,51
20224,1132052100,도봉1동,HL,상권축소,108,50,103,51
20224,1162066500,서림동,LL,다이나믹,94,51,103,51
20224,1154563000,독산3동,HL,상권축소,112,48,103,51
20224,1132051100,창1동,LL,다이나믹,94,49,103,51
20224,1129057500,동선동,LL,다이나믹,99,49,103,51
20224,1159065000,사당4동,HL,상권축소,104,50,103,51
20224,1121582000,자양1동,LL,다이나믹,99,50,103,51
20224,1129070500,종암동,LH,상권확장,102,52,103,51
20224,1141071000,북가좌1동,LL,다이나믹,89,45,103,51
20224,1129081000,석관동,HH,정체,111,52,103,51
20224,1174057000,암사1동,LL,다이나믹,98,47,103,51
20224,1138056000,구산동,LL,다이나믹,91,50,103,51
20224,1120066000,성수1가2동,LL,다이나믹,77,50,103,51
20224,1121584000,자양3동,LL,다이나믹,94,51,103,51
20224,1135058000,월계3동,LH,상권확장,89,53,103,51
20224,1171055000,마천2동,HH,정체,111,52,103,51
20224,1126055000,면목5동,LL,다이나믹,87,47,103,51
20224,1129076000,장위1동,LH,상권확장,96,52,103,51
20224,1156058500,도림동,LL,다이나믹,98,50,103,51
20224,1159052000,노량진2동,HH,정체,125,60,103,51
20224,1117058000,효창동,LH,상권확장,100,59,103,51
20224,1120072000,송정동,HL,상권축소,103,50,103,51
20224,1147061000,신월6동,LH,상권확장,81,55,103,51
20224,1120055000,사근동,LH,상권확장,94,52,103,51
20224,1165057000,반포2동,HH,정체,112,63,103,51
20224,1117052000,용산2가동,LL,다이나믹,80,45,103,51
20224,1144074000,상암동,LL,다이나믹,73,42,103,51
20224,1126059000,상봉2동,LL,다이나믹,94,50,103,51
20224,1156051500,영등포본동,LH,상권확장,97,53,103,51
20224,1168063000,대치4동,LL,다이나믹,88,46,103,51
20224,1168053100,논현2동,LL,다이나믹,92,48,103,51
20224,1168051000,신사동,LL,다이나믹,97,48,103,51
20224,1168054500,압구정동,LL,다이나믹,102,47,103,51
20224,1171064600,장지동,LL,다이나믹,90,48,103,51
20224,1165060000,방배1동,HH,정체,104,52,103,51
20224,1165065100,양재1동,HH,정체,103,52,103,51
20224,1126063000,묵2동,LL,다이나믹,98,49,103,51
20224,1162057500,행운동,HH,정체,104,51,103,51
20224,1162063000,남현동,LH,상권확장,97,53,103,51
20224,1156063000,신길1동,HH,정체,118,52,103,51
20224,1135062400,중계4동,LL,다이나믹,95,47,103,51
20224,1138064000,증산동,HH,정체,112,53,103,51
20224,1150052000,등촌1동,LH,상권확장,88,51,103,51
20224,1150059300,화곡8동,LL,다이나믹,92,48,103,51
20224,1130557500,삼각산동,LL,다이나믹,87,47,103,51
20224,1153080000,항동,LL,다이나믹,39,40,103,51
20224,1123073000,휘경2동,LL,다이나믹,84,49,103,51
20224,1144070000,망원2동,LL,다이나믹,93,47,103,51
20224,1150059000,화곡본동,LL,다이나믹,100,50,103,51
20224,1138055200,갈현2동,LL,다이나믹,91,49,103,51
20224,1129061000,보문동,LL,다이나믹,99,51,103,51
20224,1141055500,북아현동,HH,정체,120,57,103,51
20224,1156061000,양평1동,LH,상권확장,89,52,103,51
20224,1126062000,묵1동,LL,다이나믹,92,49,103,51
20224,1153055000,구로4동,HL,상권축소,104,47,103,51
20224,1120062000,금호4가동,LH,상권확장,99,55,103,51
20224,1126069000,신내2동,LL,다이나믹,100,50,103,51
20224,1171069000,잠실4동,LL,다이나믹,97,48,103,51
20224,1117068500,한남동,LH,상권확장,93,51,103,51
20224,1165056000,반포1동,LL,다이나믹,93,45,103,51
20224,1132052200,도봉2동,LL,다이나믹,99,47,103,51
20224,1159060500,흑석동,LH,상권확장,102,57,103,51
20224,1162065500,신원동,LL,다이나믹,100,46,103,51
20224,1132051300,창3동,LH,상권확장,100,52,103,51
20224,1171061000,삼전동,LL,다이나믹,94,46,103,51
20224,1174070000,둔촌2동,HL,상권축소,104,49,103,51
20224,1117053000,남영동,HH,정체,108,56,103,51
20224,1130559500,번1동,LL,다이나믹,97,46,103,51
20224,1129058000,돈암1동,LH,상권확장,87,52,103,51
20224,1162064500,서원동,LH,상권확장,98,54,103,51
20224,1111055000,부암동,LH,상권확장,96,56,103,51
20224,1129063000,정릉2동,LH,상권확장,101,53,103,51
20224,1159056000,상도4동,LL,다이나믹,94,51,103,51
20224,1132068000,쌍문3동,LL,다이나믹,100,49,103,51
20224,1168067000,개포2동,LH,상권확장,96,52,103,51
20224,1162056500,성현동,LL,다이나믹,89,47,103,51
20224,1168072000,일원본동,LH,상권확장,100,53,103,51
20224,1168052100,논현1동,LL,다이나믹,97,47,103,51
20224,1114054000,회현동,HH,정체,154,69,103,51
20224,1150061100,발산1동,LL,다이나믹,73,50,103,51
20224,1150063000,방화1동,LL,다이나믹,91,47,103,51
20224,1156068000,신길6동,LL,다이나믹,101,50,103,51
20224,1126065500,망우본동,LL,다이나믹,102,49,103,51
20224,1165051000,서초1동,HH,정체,116,54,103,51
20224,1150059100,화곡6동,LL,다이나믹,90,45,103,51
20224,1165058100,반포4동,HH,정체,141,62,103,51
20224,1165066000,내곡동,HH,정체,108,64,103,51
20224,1153077000,오류1동,LH,상권확장,98,53,103,51
20224,1121571000,화양동,LL,다이나믹,89,49,103,51
20224,1147067000,신정6동,LL,다이나믹,91,47,103,51
20224,1165053100,서초4동,HH,정체,113,52,103,51
20224,1114065000,신당5동,LH,상권확장,96,52,103,51
20224,1135062500,중계2?3동,LH,상권확장,94,52,103,51
20224,1171053100,거여1동,LL,다이나믹,99,47,103,51
20224,1150064100,방화3동,HL,상권축소,105,50,103,51
20224,1121586000,구의2동,LH,상권확장,91,55,103,51
20224,1154571000,시흥5동,HH,정체,108,52,103,51
20224,1162077500,난곡동,HH,정체,103,53,103,51
20224,1130555500,송천동,HL,상권축소,105,49,103,51
20224,1147060000,신월5동,LL,다이나믹,100,51,103,51
20224,1135057000,월계2동,LL,다이나믹,87,51,103,51
20224,1171068000,잠실3동,HH,정체,116,64,103,51
20224,1168065600,도곡2동,HL,상권축소,106,51,103,51
20224,1130554500,송중동,LL,다이나믹,92,48,103,51
20224,1144072000,성산1동,LL,다이나믹,96,49,103,51
20224,1117057000,원효로2동,HH,정체,130,53,103,51
20224,1123074000,이문1동,HH,정체,108,55,103,51
20224,1121584700,자양4동,LL,다이나믹,103,50,103,51
20224,1120056000,행당1동,LH,상권확장,101,53,103,51
20224,1111068000,창신2동,HH,정체,111,57,103,51
20224,1121576000,중곡3동,LL,다이나믹,95,48,103,51
20224,1147059000,신월4동,HL,상권축소,104,49,103,51
20224,1165052000,서초2동,LL,다이나믹,92,47,103,51
20224,1159068000,신대방2동,LH,상권확장,101,52,103,51
20224,1135071000,상계9동,LH,상권확장,100,52,103,51
20224,1150053500,등촌3동,LL,다이나믹,89,49,103,51
20224,1138063100,신사1동,LL,다이나믹,98,49,103,51
20224,1156056000,당산2동,LL,다이나믹,99,51,103,51
20224,1141052000,천연동,HH,정체,110,55,103,51
20224,1162071500,난향동,LL,다이나믹,78,48,103,51
20224,1117059000,용문동,HH,정체,110,52,103,51
20224,1171051000,풍납1동,HH,정체,122,52,103,51
20224,1135072000,상계10동,LL,다이나믹,82,46,103,51
20224,1111057000,무악동,HH,정체,103,64,103,51
20224,1129066000,길음1동,LH,상권확장,102,56,103,51
20224,1168065500,도곡1동,HH,정체,104,51,103,51
20224,1123053600,용신동,HH,정체,111,52,103,51
20224,1135066500,상계3?4동,HL,상권축소,103,51,103,51
20224,1138063200,신사2동,LL,다이나믹,92,50,103,51
20224,1162076500,미성동,HL,상권축소,110,51,103,51
20224,1159063000,사당2동,HL,상권축소,107,51,103,51
20224,1153053000,구로2동,HH,정체,136,55,103,51
20224,1156060500,문래동,LH,상권확장,96,52,103,51
20224,1174061000,천호2동,HL,상권축소,103,51,103,51
20224,1156069000,신길7동,LL,다이나믹,95,50,103,51
20224,1154564000,독산4동,HL,상권축소,105,48,103,51
20224,1111071000,숭인2동,HL,상권축소,115,47,103,51
20224,1114062500,다산동,LH,상권확장,101,54,103,51
20224,1171067000,잠실2동,LL,다이나믹,85,42,103,51
20224,1120052000,왕십리2동,LL,다이나믹,89,51,103,51
20224,1144060000,대흥동,LH,상권확장,101,53,103,51
20224,1153076000,개봉3동,HL,상권축소,114,50,103,51
20224,1150062000,공항동,LL,다이나믹,92,50,103,51
20224,1141056500,충현동,HH,정체,118,56,103,51
20224,1147058000,신월3동,HL,상권축소,115,49,103,51
20224,1153075000,개봉2동,LH,상권확장,101,54,103,51
20224,1165054000,잠원동,LL,다이나믹,101,50,103,51
20224,1156066000,신길4동,HL,상권축소,105,51,103,51
20224,1126056500,면목본동,LL,다이나믹,100,47,103,51
20224,1123072000,휘경1동,LH,상권확장,102,52,103,51
20224,1159067000,신대방1동,HL,상권축소,113,49,103,51
20224,1156065000,신길3동,HH,정체,118,57,103,51
20224,1138057000,대조동,LL,다이나믹,101,51,103,51
20224,1135061900,중계본동,LL,다이나믹,92,47,103,51
20224,1123057000,전농2동,HL,상권축소,106,51,103,51
20224,1154569000,시흥3동,HH,정체,140,61,103,51
20224,1153052000,구로1동,HH,정체,109,52,103,51
20224,1171058000,송파1동,LL,다이나믹,96,48,103,51
20224,1150054000,화곡1동,LL,다이나믹,95,48,103,51
20224,1114058000,장충동,HH,정체,130,59,103,51
20224,1144071000,연남동,LL,다이나믹,61,42,103,51
20224,1123075000,이문2동,LL,다이나믹,98,51,103,51
20224,1129078000,장위3동,LH,상권확장,97,58,103,51
20224,1120059000,금호1가동,LH,상권확장,91,52,103,51
20224,1168060000,대치1동,HH,정체,110,52,103,51
20224,1171064700,위례동,LL,다이나믹,45,28,103,51
20224,1144069000,망원1동,LL,다이나믹,75,48,103,51
20224,1114066500,동화동,LH,상권확장,98,52,103,51
20224,1168075000,수서동,HH,정체,108,55,103,51
20224,1144068000,합정동,LL,다이나믹,78,48,103,51
20224,1174054000,명일2동,LH,상권확장,101,54,103,51
20224,1159064000,사당3동,LL,다이나믹,97,51,103,51
20224,1162074500,삼성동,HH,정체,109,56,103,51
20224,1126060000,중화1동,LL,다이나믹,102,50,103,51
20224,1111069000,창신3동,LL,다이나믹,93,51,103,51
20224,1168056500,청담동,LL,다이나믹,98,50,103,51
20224,1147054000,목4동,LL,다이나믹,100,45,103,51
20224,1165065200,양재2동,HL,상권축소,129,50,103,51
20224,1165061000,방배2동,LH,상권확장,97,54,103,51
20224,1159062000,사당1동,LL,다이나믹,96,49,103,51
20224,1117056000,원효로1동,HH,정체,120,56,103,51
20224,1123065000,장안1동,HL,상권축소,106,49,103,51
20224,1153051000,신도림동,LL,다이나믹,94,49,103,51
20224,1150060300,가양1동,LL,다이나믹,56,39,103,51
20224,1114055000,명동,HH,정체,151,58,103,51
20224,1126054000,면목4동,LL,다이나믹,94,47,103,51
20224,1121585000,구의1동,HL,상권축소,104,50,103,51
20224,1150060400,가양2동,LH,상권확장,98,52,103,51
20224,1171056200,방이2동,LL,다이나믹,93,49,103,51
20224,1123054500,제기동,HH,정체,124,61,103,51
20224,1111053000,사직동,HH,정체,120,59,103,51
20224,1111056000,평창동,HH,정체,110,58,103,51
20224,1111061500,종로1?2?3?4가동,HH,정체,145,67,103,51
20224,1126068000,신내1동,LL,다이나믹,89,49,103,51
20224,1156054000,여의동,HH,정체,117,52,103,51
20224,1132067000,쌍문2동,LL,다이나믹,99,49,103,51
20224,1154567000,시흥1동,HH,정체,104,52,103,51
20224,1121574000,중곡1동,LL,다이나믹,100,50,103,51
20224,1159066000,대방동,HH,정체,104,52,103,51
20224,1111051500,청운효자동,LH,상권확장,93,55,103,51
20224,1141062000,홍제1동,HH,정체,112,53,103,51
20224,1153078000,오류2동,LL,다이나믹,86,47,103,51
20224,1117055500,청파동,HH,정체,108,53,103,51
20224,1144061000,염리동,LL,다이나믹,90,50,103,51
20224,1147057000,신월2동,LH,상권확장,101,52,103,51
20224,1141070000,남가좌2동,LL,다이나믹,94,49,103,51
20224,1174066000,성내3동,HL,상권축소,107,46,103,51
20224,1114060500,을지로동,HH,정체,159,70,103,51
20224,1171052000,풍납2동,HH,정체,118,53,103,51
20224,1154562000,독산2동,LL,다이나믹,101,48,103,51
20224,1138069000,진관동,LL,다이나믹,68,45,103,51
20224,1174055000,고덕1동,LL,다이나믹,76,50,103,51
20224,1153073000,고척2동,HL,상권축소,105,50,103,51
20224,1159054000,상도2동,HH,정체,109,55,103,51
20224,1141065500,홍제2동,HH,정체,104,57,103,51
20224,1147055000,목5동,LL,다이나믹,97,51,103,51
20224,1129077000,장위2동,HH,정체,123,55,103,51
20224,1141069000,남가좌1동,HH,정체,111,61,103,51
20224,1132066000,쌍문1동,LL,다이나믹,95,49,103,51
20224,1123061000,답십리2동,HH,정체,125,57,103,51
20224,1147052000,목2동,LL,다이나믹,97,50,103,51
20224,1144058500,도화동,HH,정체,105,52,103,51
20224,1138058000,응암1동,LL,다이나믹,102,51,103,51
20224,1129072500,월곡2동,LH,상권확장,101,51,103,51
20224,1130566000,인수동,LL,다이나믹,95,46,103,51
20224,1138059000,응암2동,LL,다이나믹,78,47,103,51
20224,1159055000,상도3동,LL,다이나믹,96,48,103,51
20224,1132068100,쌍문4동,LL,다이나믹,90,49,103,51
20224,1165055000,반포본동,HH,정체,147,64,103,51
20232,1165061000,방배2동,LH,상권확장,101,54,106,52
20232,1165065200,양재2동,HL,상권축소,132,51,106,52
20232,1154562000,독산2동,LL,다이나믹,103,49,106,52
20232,1154567000,시흥1동,HH,정체,106,52,106,52
20232,1156054000,여의동,HH,정체,120,52,106,52
20232,1159054000,상도2동,HH,정체,114,56,106,52
20232,1159055000,상도3동,LL,다이나믹,99,48,106,52
20232,1159062000,사당1동,LL,다이나믹,100,50,106,52
20232,1159066000,대방동,HH,정체,106,53,106,52
20232,1165055000,반포본동,HH,정체,152,64,106,52
20232,1171056200,방이2동,LL,다이나믹,95,49,106,52
20232,1168056500,청담동,LL,다이나믹,101,51,106,52
20232,1171052000,풍납2동,HH,정체,121,54,106,52
20232,1174055000,고덕1동,LL,다이나믹,82,49,106,52
20232,1174066000,성내3동,HL,상권축소,111,47,106,52
